[13708:34380:0422/154855.464:WARNING:chrome_main_delegate.cc(745)] This is Chrome version 128.0.6613.138 (not a warning)
[13708:36404:0422/154855.586:ERROR:google_update_settings.cc(265)] Failed opening key Software\Chromium to set usagestats; result: 5
[13708:34380:0422/154855.622:WARNING:account_consistency_mode_manager.cc(77)] Desktop Identity Consistency cannot be enabled as no OAuth client ID and client secret have been configured.
[36556:29452:0422/154900.645:WARNING:frame_impl.cc(430)] virtual CefFrameImpl::SendProcessMessage sent to detached frame 5-40A48BB2422B317DE26FE0F231211BE1 will be ignored
[34400:848:0422/161707.874:WARNING:dns_config_service_win.cc(605)] Failed to read DnsConfig.
[13708:10028:0422/161708.015:WARNING:dns_config_service_win.cc(605)] Failed to read DnsConfig.
[13708:10028:0422/161741.877:WARNING:dns_config_service_win.cc(605)] Failed to read DnsConfig.
[34400:848:0422/161741.911:WARNING:dns_config_service_win.cc(605)] Failed to read DnsConfig.
[13708:10028:0422/161746.882:WARNING:dns_config_service_win.cc(605)] Failed to read DnsConfig.
[34400:848:0422/161746.922:WARNING:dns_config_service_win.cc(605)] Failed to read DnsConfig.
[13708:10028:0422/161756.886:WARNING:dns_config_service_win.cc(605)] Failed to read DnsConfig.
[34400:848:0422/161756.932:WARNING:dns_config_service_win.cc(605)] Failed to read DnsConfig.
[13708:34380:0422/161803.384:ERROR:device_event_log_impl.cc(196)] [16:18:03.113] USB: usb_service_win.cc:105 SetupDiGetDeviceProperty({{A45C254E-DF1C-4EFD-8020-67D146A850E0}, 6}) failed: 요소가 없습니다. (0x490)
[13708:31604:0422/161832.494:WARNING:dns_config_service_win.cc(605)] Failed to read DnsConfig.
[34400:36656:0422/161832.509:WARNING:dns_config_service_win.cc(605)] Failed to read DnsConfig.
[13708:10028:0422/161837.498:WARNING:dns_config_service_win.cc(605)] Failed to read DnsConfig.
[34400:848:0422/161837.526:WARNING:dns_config_service_win.cc(605)] Failed to read DnsConfig.
[13708:10028:0422/161847.503:WARNING:dns_config_service_win.cc(605)] Failed to read DnsConfig.
[34400:848:0422/161847.551:WARNING:dns_config_service_win.cc(605)] Failed to read DnsConfig.
[13708:34380:0422/173344.584:ERROR:device_event_log_impl.cc(196)] [17:33:44.574] USB: usb_service_win.cc:105 SetupDiGetDeviceProperty({{A45C254E-DF1C-4EFD-8020-67D146A850E0}, 6}) failed: 요소가 없습니다. (0x490)
[34400:2832:0422/173548.280:WARNING:dns_config_service_win.cc(605)] Failed to read DnsConfig.
[13708:10028:0422/173548.280:WARNING:dns_config_service_win.cc(605)] Failed to read DnsConfig.
[13708:38344:0422/181630.638:VERBOSE1:media_stream_manager.cc(1533)] MSPL::OnSpeedLimitChange({this=000041DC00166540}, {new_limit=25})
[13708:38344:0422/181631.403:VERBOSE1:media_stream_manager.cc(1533)] MSPL::OnSpeedLimitChange({this=000041DC00166540}, {new_limit=24})
[13708:38344:0422/181633.404:VERBOSE1:media_stream_manager.cc(1533)] MSPL::OnSpeedLimitChange({this=000041DC00166540}, {new_limit=23})
[13708:38344:0422/181640.405:VERBOSE1:media_stream_manager.cc(1533)] MSPL::OnSpeedLimitChange({this=000041DC00166540}, {new_limit=25})
[13708:38344:0422/181641.404:VERBOSE1:media_stream_manager.cc(1533)] MSPL::OnSpeedLimitChange({this=000041DC00166540}, {new_limit=26})
[13708:34380:0422/181642.782:VERBOSE1:device_event_log_impl.cc(198)] [18:16:42.781] Display: EVENT: screen_win.cc:893 Displays updated, count: 1
[13708:34380:0422/181642.782:VERBOSE1:device_event_log_impl.cc(198)] [18:16:42.781] Display: EVENT: screen_win.cc:895 Display[502161296] bounds=[0,0 1440x900], workarea=[0,0 1440x852], scale=2, rotation=0, panel_rotation=0 external detected
[13708:38344:0422/181643.374:VERBOSE1:media_stream_manager.cc(1533)] MSPL::OnSpeedLimitChange({this=000041DC00166540}, {new_limit=27})
[13708:38344:0422/181644.327:VERBOSE1:media_stream_manager.cc(1533)] MSPL::OnSpeedLimitChange({this=000041DC00166540}, {new_limit=26})
[13708:38344:0422/181645.329:VERBOSE1:media_stream_manager.cc(1533)] MSPL::OnSpeedLimitChange({this=000041DC00166540}, {new_limit=25})
[13708:38344:0422/181646.334:VERBOSE1:media_stream_manager.cc(1533)] MSPL::OnSpeedLimitChange({this=000041DC00166540}, {new_limit=24})
[13708:38344:0422/181647.395:VERBOSE1:media_stream_manager.cc(1533)] MSPL::OnSpeedLimitChange({this=000041DC00166540}, {new_limit=23})
[13708:38344:0422/181649.331:VERBOSE1:media_stream_manager.cc(1533)] MSPL::OnSpeedLimitChange({this=000041DC00166540}, {new_limit=21})
[13708:38344:0422/181651.349:VERBOSE1:media_stream_manager.cc(1533)] MSPL::OnSpeedLimitChange({this=000041DC00166540}, {new_limit=20})
[13708:34380:0422/181655.317:VERBOSE1:frame_host_impl.cc(515)] frame 6-16D512EFEE311ED7A9B12C64699BDAFA (sub) detached (reason=RENDER_FRAME_DELETED, is_connected=1)
[17552:32284:0422/181655.319:VERBOSE1:dispatcher.cc(596)] Num tracked contexts: 1
[17552:32284:0422/181655.319:VERBOSE1:frame_impl.cc(620)] frame 6-16D512EFEE311ED7A9B12C64699BDAFA disconnected (reason=DETACHED, current_state=CONNECTION_ACKED, FRAME_INVALID)
[17552:32284:0422/181655.321:VERBOSE1:frame_impl.cc(620)] frame 6-804F2E1AFA549776421E64FFE79A3F76 disconnected (reason=BROWSER_FRAME_DISCONNECT, current_state=CONNECTION_ACKED)
[17552:32284:0422/181655.321:VERBOSE1:frame_impl.cc(633)] frame 6-804F2E1AFA549776421E64FFE79A3F76 connection retry scheduled
[17552:32284:0422/181655.321:VERBOSE1:script_context.cc(164)] Destroyed context for extension
  extension id: 
  effective extension id: 
[17552:32284:0422/181655.321:VERBOSE1:script_context.cc(164)] Destroyed context for extension
  extension id: 
  effective extension id: 
[13708:34380:0422/181655.321:VERBOSE1:frame_host_impl.cc(515)] frame 6-804F2E1AFA549776421E64FFE79A3F76 (main) detached (reason=NEW_MAIN_FRAME, is_connected=1)
[13708:38344:0422/181655.327:VERBOSE1:media_stream_manager.cc(1533)] MSPL::OnSpeedLimitChange({this=000041DC00166540}, {new_limit=21})
[13708:34380:0422/181655.340:VERBOSE1:account_reconcilor.cc(264)] AccountReconcilor::Shutdown
[13708:34380:0422/181655.340:VERBOSE1:account_reconcilor.cc(718)] AccountReconcilor::AbortReconcile: try again later
[13708:34380:0422/181655.340:VERBOSE1:account_reconcilor.cc(827)] AccountReconcilor::CalculateIfMultiloginReconcileIsDone: Error was 
[13708:34380:0422/181655.340:VERBOSE1:account_reconcilor.cc(313)] AccountReconcilor::UnregisterWithIdentityManager
[13708:34380:0422/181655.340:VERBOSE1:account_reconcilor.cc(286)] AccountReconcilor::UnregisterWithContentSettings
[13708:34380:0422/181655.340:VERBOSE1:gaia_cookie_manager_service.cc(628)] GaiaCookieManagerService::CancelAll
[13708:34380:0422/181655.340:VERBOSE1:mutable_profile_oauth2_token_service_delegate.cc(752)] MutablePO2TS::Shutdown
[13708:34380:0422/181655.340:VERBOSE1:mutable_profile_oauth2_token_service_delegate.cc(235)] MutablePO2TS::~MutablePO2TS
[13708:34380:0422/181655.340:VERBOSE1:device_event_log_impl.cc(198)] [18:16:55.340] Bluetooth: EVENT: bluetooth_api.cc:109 BluetoothAPI: Shutdown
[13708:34380:0422/181655.341:VERBOSE1:account_reconcilor.cc(193)] AccountReconcilor::~AccountReconcilor
[13708:34380:0422/181655.342:VERBOSE1:device_event_log_impl.cc(198)] [18:16:55.341] Bluetooth: EVENT: bluetooth_api.cc:95 ~BluetoothAPI: 000041DC00321A00
[13708:34380:0422/181655.392:VERBOSE1:component_updater_service.cc(180)] CrxUpdateService stopping
[13708:34380:0422/181655.393:WARNING:pref_notifier_impl.cc(41)] Pref observer for media_router.cast_allow_all_ips found at shutdown.
[13708:34380:0422/181655.413:VERBOSE1:statistics_recorder.cc(607)] Collections of all histograms
Histogram: API.StorageAccess.AllowedRequests2 recorded 139 samples, mean = 0.1 (flags = 0x41)
0  ------------------------------------------------------------------------O (132 = 95.0%)
1  ----O                                                                     (7 = 5.0%) {95.0%}
2  ... 

Histogram: API.StorageAccess.DocumentInheritedStorageAccess recorded 7 samples, mean = 0.0 (flags = 0x41)
0  -------O                                                                  (7 = 100.0%)
1  ... 

Histogram: API.StorageAccess.DocumentLoadedWithStorageAccess recorded 7 samples, mean = 0.0 (flags = 0x41)
0  -------O                                                                  (7 = 100.0%)
1  ... 

Histogram: Accessibility.CaptionSettingsLoadedFromSystemSettings recorded 1 samples, mean = 0.0 (flags = 0x41)
0  -O                                                                        (1 = 100.0%)
1  ... 

Histogram: Accessibility.ImageLabels2 recorded 1 samples, mean = 0.0 (flags = 0x41)
0  -O                                                                        (1 = 100.0%)
1  ... 

Histogram: Accessibility.LiveCaption.FeatureEnabled2 recorded 1 samples, mean = 1.0 (flags = 0x41)
0  O                                                                         (0 = 0.0%)
1  -O                                                                        (1 = 100.0%) {0.0%}
2  O                                                                         (0 = 0.0%) {100.0%}

Histogram: Accessibility.LiveCaption2 recorded 1 samples, mean = 0.0 (flags = 0x41)
0  -O                                                                        (1 = 100.0%)
1  ... 

Histogram: Accessibility.ManuallyEnabled recorded 1 samples, mean = 0.0 (flags = 0x41)
0  -O                                                                        (1 = 100.0%)
1  ... 

Histogram: Accessibility.WinJAWS recorded 1 samples, mean = 0.0 (flags = 0x41)
0  -O                                                                        (1 = 100.0%)
1  ... 

Histogram: Accessibility.WinNVDA recorded 1 samples, mean = 0.0 (flags = 0x41)
0  -O                                                                        (1 = 100.0%)
1  ... 

Histogram: Accessibility.WinSAToGo recorded 1 samples, mean = 0.0 (flags = 0x41)
0  -O                                                                        (1 = 100.0%)
1  ... 

Histogram: Accessibility.WinScreenReader2 recorded 1 samples, mean = 0.0 (flags = 0x41)
0  -O                                                                        (1 = 100.0%)
1  ... 

Histogram: Accessibility.WinStickyKeys recorded 1 samples, mean = 0.0 (flags = 0x41)
0  -O                                                                        (1 = 100.0%)
1  ... 

Histogram: Accessibility.WinSupernova recorded 1 samples, mean = 0.0 (flags = 0x41)
0  -O                                                                        (1 = 100.0%)
1  ... 

Histogram: Accessibility.WinZoomText recorded 1 samples, mean = 0.0 (flags = 0x41)
0  -O                                                                        (1 = 100.0%)
1  ... 

Histogram: AppBanners.InstallableStatusCode recorded 1 samples (flags = 0x41)
8  -O                                                                        (1 = 100.0%)

Histogram: Apps.PreferredApps.EntryCount recorded 1 samples, mean = 0.0 (flags = 0x41)
0  -O                                                                        (1 = 100.0%)
1  ... 

Histogram: Autofill.Address.IsEnabled.PageLoad recorded 1 samples, mean = 1.0 (flags = 0x41)
0  O                                                                         (0 = 0.0%)
1  -O                                                                        (1 = 100.0%) {0.0%}
2  O                                                                         (0 = 0.0%) {100.0%}

Histogram: Autofill.Address.IsEnabled.PageLoad.SignedOut recorded 1 samples, mean = 1.0 (flags = 0x41)
0  O                                                                         (0 = 0.0%)
1  -O                                                                        (1 = 100.0%) {0.0%}
2  O                                                                         (0 = 0.0%) {100.0%}

Histogram: Autofill.Address.IsEnabled.Startup recorded 1 samples, mean = 1.0 (flags = 0x41)
0  O                                                                         (0 = 0.0%)
1  -O                                                                        (1 = 100.0%) {0.0%}
2  O                                                                         (0 = 0.0%) {100.0%}

Histogram: Autofill.CreditCard.IsEnabled.PageLoad recorded 1 samples, mean = 1.0 (flags = 0x41)
0  O                                                                         (0 = 0.0%)
1  -O                                                                        (1 = 100.0%) {0.0%}
2  O                                                                         (0 = 0.0%) {100.0%}

Histogram: Autofill.CreditCard.IsEnabled.PageLoad.SignedOut recorded 1 samples, mean = 1.0 (flags = 0x41)
0  O                                                                         (0 = 0.0%)
1  -O                                                                        (1 = 100.0%) {0.0%}
2  O                                                                         (0 = 0.0%) {100.0%}

Histogram: Autofill.CreditCard.IsEnabled.Startup recorded 1 samples, mean = 1.0 (flags = 0x41)
0  O                                                                         (0 = 0.0%)
1  -O                                                                        (1 = 100.0%) {0.0%}
2  O                                                                         (0 = 0.0%) {100.0%}

Histogram: Autofill.DOMContentLoadedInOutermostMainFrame recorded 3 samples, mean = 0.3 (flags = 0x41)
0  --O                                                                       (2 = 66.7%)
1  -O                                                                        (1 = 33.3%) {66.7%}
2  O                                                                         (0 = 0.0%) {100.0%}

Histogram: Autofill.ExtractFormUnowned.FieldCount recorded 4 samples, mean = 0.0 (flags = 0x41)
0  ----O                                                                     (4 = 100.0%)
1  ... 

Histogram: Autofill.FormForest.GetBrowserFormOfRendererForm.Duration recorded 1 samples, mean = 0.0 (flags = 0x41)
0  -O                                                                        (1 = 100.0%)
1  ... 

Histogram: Autofill.FormForest.UpdateTreeOfRendererForm.Duration recorded 1 samples, mean = 14.0 (flags = 0x41)
0   ... 
12  -O                                                                        (1 = 100.0%) {0.0%}
16  ... 

Histogram: Autofill.FormForest.UpdateTreeOfRendererForm.Visits recorded 1 samples, mean = 2.0 (flags = 0x41)
0  ... 
2  -O                                                                        (1 = 100.0%) {0.0%}
3  ... 

Histogram: Autofill.Funnel.ParsedAsType.Address recorded 6 samples, mean = 0.0 (flags = 0x41)
0  ------O                                                                   (6 = 100.0%)
1  ... 

Histogram: Autofill.Funnel.ParsedAsType.CreditCard recorded 6 samples, mean = 0.0 (flags = 0x41)
0  ------O                                                                   (6 = 100.0%)
1  ... 

Histogram: Autofill.Funnel.ParsedAsType.VirtualCard.StandaloneCvc recorded 6 samples, mean = 0.0 (flags = 0x41)
0  ------O                                                                   (6 = 100.0%)
1  ... 

Histogram: Autofill.IsEnabled.PageLoad recorded 1 samples, mean = 1.0 (flags = 0x41)
0  O                                                                         (0 = 0.0%)
1  -O                                                                        (1 = 100.0%) {0.0%}
2  O                                                                         (0 = 0.0%) {100.0%}

Histogram: Autofill.IsEnabled.PageLoad.SignedOut recorded 1 samples, mean = 1.0 (flags = 0x41)
0  O                                                                         (0 = 0.0%)
1  -O                                                                        (1 = 100.0%) {0.0%}
2  O                                                                         (0 = 0.0%) {100.0%}

Histogram: Autofill.IsEnabled.Startup recorded 1 samples, mean = 1.0 (flags = 0x41)
0  O                                                                         (0 = 0.0%)
1  -O                                                                        (1 = 100.0%) {0.0%}
2  O                                                                         (0 = 0.0%) {100.0%}

Histogram: Autofill.Leipzig.Duplication.NumberOfLocalSupersetProfilesOnStartup recorded 1 samples, mean = 0.0 (flags = 0x41)
0  -O                                                                        (1 = 100.0%)
1  ... 

Histogram: Autofill.NumberOfDriversPerFactory recorded 1 samples, mean = 3.0 (flags = 0x41)
0  ... 
3  -O                                                                        (1 = 100.0%) {0.0%}
4  ... 

Histogram: Autofill.Offer.StoredOfferCount2.CardLinkedOffer recorded 1 samples, mean = 0.0 (flags = 0x41)
0  -O                                                                        (1 = 100.0%)
1  ... 

Histogram: Autofill.Offer.StoredOfferCount2.GPayPromoCodeOffer recorded 1 samples, mean = 0.0 (flags = 0x41)
0  -O                                                                        (1 = 100.0%)
1  ... 

Histogram: Autofill.PaymentMethods.CvcStorageIsEnabled.Startup recorded 1 samples, mean = 0.0 (flags = 0x41)
0  -O                                                                        (1 = 100.0%)
1  ... 

Histogram: Autofill.StoredCreditCardCount recorded 1 samples, mean = 0.0 (flags = 0x41)
0  -O                                                                        (1 = 100.0%)
1  ... 

Histogram: Autofill.StoredCreditCardCount.Local recorded 1 samples, mean = 0.0 (flags = 0x41)
0  -O                                                                        (1 = 100.0%)
1  ... 

Histogram: Autofill.StoredCreditCardCount.Local.WithInvalidCardNumber recorded 1 samples, mean = 0.0 (flags = 0x41)
0  -O                                                                        (1 = 100.0%)
1  ... 

Histogram: Autofill.StoredCreditCardCount.Local.WithNickname recorded 1 samples, mean = 0.0 (flags = 0x41)
0  -O                                                                        (1 = 100.0%)
1  ... 

Histogram: Autofill.StoredCreditCardCount.Server recorded 1 samples, mean = 0.0 (flags = 0x41)
0  -O                                                                        (1 = 100.0%)
1  ... 

Histogram: Autofill.StoredCreditCardCount.Server.Masked recorded 1 samples, mean = 0.0 (flags = 0x41)
0  -O                                                                        (1 = 100.0%)
1  ... 

Histogram: Autofill.StoredCreditCardCount.Server.Masked.WithNickname recorded 1 samples, mean = 0.0 (flags = 0x41)
0  -O                                                                        (1 = 100.0%)
1  ... 

Histogram: Autofill.StoredCreditCardCount.Server.Unmasked recorded 1 samples, mean = 0.0 (flags = 0x41)
0  -O                                                                        (1 = 100.0%)
1  ... 

Histogram: Autofill.StoredCreditCardCount.Server.WithCardArtImage recorded 1 samples, mean = 0.0 (flags = 0x41)
0  -O                                                                        (1 = 100.0%)
1  ... 

Histogram: Autofill.StoredCreditCardCount.Server.WithVirtualCardMetadata recorded 1 samples, mean = 0.0 (flags = 0x41)
0  -O                                                                        (1 = 100.0%)
1  ... 

Histogram: Autofill.StoredIbanCount recorded 1 samples, mean = 0.0 (flags = 0x41)
0  -O                                                                        (1 = 100.0%)
1  ... 

Histogram: Autofill.StoredProfileCount.AccountChrome recorded 1 samples, mean = 0.0 (flags = 0x41)
0  -O                                                                        (1 = 100.0%)
1  ... 

Histogram: Autofill.StoredProfileCount.AccountNonChrome recorded 1 samples, mean = 0.0 (flags = 0x41)
0  -O                                                                        (1 = 100.0%)
1  ... 

Histogram: Autofill.StoredProfileCount.Legacy recorded 1 samples, mean = 0.0 (flags = 0x41)
0  -O                                                                        (1 = 100.0%)
1  ... 

Histogram: Autofill.StoredProfileCount.Total recorded 1 samples, mean = 0.0 (flags = 0x41)
0  -O                                                                        (1 = 100.0%)
1  ... 

Histogram: Autofill.SubmissionDetectionSource.FormTracker recorded 2 samples, mean = 3.0 (flags = 0x41)
0  ... 
3  --O                                                                       (2 = 100.0%) {0.0%}
4  ... 

Histogram: Autofill.Timing.ParseFormsAsync recorded 1 samples, mean = 9.0 (flags = 0x41)
0  ... 
8  -O                                                                        (1 = 100.0%) {0.0%}
10 ... 

Histogram: Autofill.Timing.ParseFormsAsync.RunHeuristics recorded 1 samples, mean = 0.0 (flags = 0x41)
0  -O                                                                        (1 = 100.0%)
1  ... 

Histogram: Autofill.Timing.ParseFormsAsync.UpdateCache recorded 1 samples, mean = 0.0 (flags = 0x41)
0  -O                                                                        (1 = 100.0%)
1  ... 

Histogram: Autofill.TimingInterval.ExtractFormData.GetFormDataFromUnownedInputElements.AutofillAgentReset recorded 2 samples, mean = 1563994.0 (flags = 0x41)
0        ... 
982376   -O                                                                        (1 = 50.0%) {0.0%}
1146725  ... 
1823911  -O                                                                        (1 = 50.0%) {50.0%}
2129046  ... 

Histogram: Autofill.TimingInterval.ExtractFormData.GetFormDataFromUnownedInputElements.DOMContentLoaded recorded 2 samples, mean = 1074167680.0 (flags = 0x41)
0         ... 
841582    -O                                                                        (1 = 50.0%) {0.0%}
982376    ... 
10000000  -O                                                                        (1 = 50.0%) {50.0%}

Histogram: Autofill.TimingInterval.ExtractFormData.UpdateFormCache.AutofillAgentReset recorded 4 samples, mean = 782067.0 (flags = 0x41)
0        ... 
58       -O                                                                        (1 = 25.0%) {0.0%}
68       ... 
198      -O                                                                        (1 = 25.0%) {25.0%}
231      ... 
982376   -O                                                                        (1 = 25.0%) {50.0%}
1146725  ... 
1823911  -O                                                                        (1 = 25.0%) {75.0%}
2129046  ... 

Histogram: Autofill.TimingInterval.ExtractFormData.UpdateFormCache.DOMContentLoaded recorded 4 samples, mean = 212910.2 (flags = 0x41)
0       ... 
4       -O                                                                        (1 = 25.0%) {0.0%}
5       ... 
7       -O                                                                        (1 = 25.0%) {25.0%}
8       ... 
50      -O                                                                        (1 = 25.0%) {50.0%}
58      ... 
841582  -O                                                                        (1 = 25.0%) {75.0%}
982376  ... 

Histogram: Autofill.TimingInterval.UpdateFormCache.UpdateFormCache.AutofillAgentReset recorded 4 samples, mean = 782083.0 (flags = 0x41)
0        ... 
58       -O                                                                        (1 = 25.0%) {0.0%}
68       ... 
231      -O                                                                        (1 = 25.0%) {25.0%}
270      ... 
982376   -O                                                                        (1 = 25.0%) {50.0%}
1146725  ... 
1823911  -O                                                                        (1 = 25.0%) {75.0%}
2129046  ... 

Histogram: Autofill.TimingInterval.UpdateFormCache.UpdateFormCache.DOMContentLoaded recorded 4 samples, mean = 212926.2 (flags = 0x41)
0       ... 
9       -O                                                                        (1 = 25.0%) {0.0%}
11      -O                                                                        (1 = 25.0%) {25.0%}
13      ... 
92      -O                                                                        (1 = 25.0%) {50.0%}
107     ... 
841582  -O                                                                        (1 = 25.0%) {75.0%}
982376  ... 

Histogram: Autofill.TimingPrecise.ExtractFormData recorded 6 samples, mean = 26.5 (flags = 0x41)
0   ... 
3   --O                                                                       (2 = 33.3%) {0.0%}
4   ... 
6   -O                                                                        (1 = 16.7%) {33.3%}
7   ... 
41  --O                                                                       (2 = 33.3%) {50.0%}
47  O                                                                         (0 = 0.0%) {83.3%}
53  -O                                                                        (1 = 16.7%) {83.3%}
60  ... 

Histogram: Autofill.TimingPrecise.ExtractFormData.GetFormDataFromUnownedInputElements recorded 2 samples, mean = 31.0 (flags = 0x41)
0   ... 
3   -O                                                                        (1 = 50.0%) {0.0%}
4   ... 
53  -O                                                                        (1 = 50.0%) {50.0%}
60  ... 

Histogram: Autofill.TimingPrecise.ExtractFormData.UpdateFormCache recorded 4 samples, mean = 24.2 (flags = 0x41)
0   ... 
3   -O                                                                        (1 = 25.0%) {0.0%}
4   ... 
6   -O                                                                        (1 = 25.0%) {25.0%}
7   ... 
41  --O                                                                       (2 = 50.0%) {50.0%}
47  ... 

Histogram: Autofill.TimingPrecise.InferLabelForElement recorded 6 samples, mean = 0.0 (flags = 0x41)
0  ------O                                                                   (6 = 100.0%)
1  ... 

Histogram: Autofill.TimingPrecise.UpdateFormCache recorded 4 samples, mean = 44.2 (flags = 0x41)
0   ... 
10  -O                                                                        (1 = 25.0%) {0.0%}
11  -O                                                                        (1 = 25.0%) {25.0%}
13  ... 
60  -O                                                                        (1 = 25.0%) {50.0%}
68  ... 
88  -O                                                                        (1 = 25.0%) {75.0%}
100 ... 

Histogram: Autofill.TimingPrecise.UpdateFormCache.UpdateFormCache recorded 4 samples, mean = 44.2 (flags = 0x41)
0   ... 
10  -O                                                                        (1 = 25.0%) {0.0%}
11  -O                                                                        (1 = 25.0%) {25.0%}
13  ... 
60  -O                                                                        (1 = 25.0%) {50.0%}
68  ... 
88  -O                                                                        (1 = 25.0%) {75.0%}
100 ... 

Histogram: Autofill.VirtualCardUsageData.StoredUsageDataCount recorded 1 samples, mean = 0.0 (flags = 0x41)
0  -O                                                                        (1 = 100.0%)
1  ... 

Histogram: Blink.CSSStyleSheetResource.ParseTime recorded 8 samples, mean = 792.8 (flags = 0x41)
0     ... 
76    -O                                                                        (1 = 12.5%) {0.0%}
105   ----O                                                                     (4 = 50.0%) {12.5%}
146   ... 
542   --O                                                                       (2 = 25.0%) {62.5%}
752   ... 
3865  -O                                                                        (1 = 12.5%) {87.5%}
5362  ... 

Histogram: Blink.CommitDocumentLoaderTime recorded 7 samples, mean = 2.7 (flags = 0x41)
0   --O                                                                       (2 = 28.6%)
1   --O                                                                       (2 = 28.6%) {28.6%}
2   -O                                                                        (1 = 14.3%) {57.1%}
3   O                                                                         (0 = 0.0%) {71.4%}
4   -O                                                                        (1 = 14.3%) {71.4%}
5   ... 
10  -O                                                                        (1 = 14.3%) {85.7%}
12  ... 

Histogram: Blink.CookiesTime recorded 17 samples, mean = 18.5 (flags = 0x41)
0    ----------------O                                                         (16 = 94.1%)
1    ... 
268  -O                                                                        (1 = 5.9%) {94.1%}
318  ... 

Histogram: Blink.CullRect.UpdateTime recorded 33 samples, mean = 4.5 (flags = 0x41)
0   ----O                                                                     (4 = 12.1%)
1   -------------O                                                            (13 = 39.4%) {12.1%}
2   -O                                                                        (1 = 3.0%) {51.5%}
3   O                                                                         (0 = 0.0%) {54.5%}
4   ----O                                                                     (4 = 12.1%) {54.5%}
6   ---O                                                                      (3 = 9.1%) {66.7%}
8   ----O                                                                     (4 = 12.1%) {75.8%}
11  -O                                                                        (1 = 3.0%) {87.9%}
15  ---O                                                                      (3 = 9.1%) {90.9%}
21  ... 

Histogram: Blink.DocumentLoader.CommitNavigationToStartLoadingResponse.Time.OutermostMainFrame.NewNavigation.IsHTTPOrHTTPS recorded 1 samples, mean = 1.0 (flags = 0x41)
0  O                                                                         (0 = 0.0%)
1  -O                                                                        (1 = 100.0%) {0.0%}
2  ... 

Histogram: Blink.DocumentLoader.CreateParserPostCommit.Time.OutermostMainFrame.NewNavigation.IsHTTPOrHTTPS recorded 1 samples, mean = 10.0 (flags = 0x41)
0   ... 
10  -O                                                                        (1 = 100.0%) {0.0%}
12  ... 

Histogram: Blink.EffectiveZoom recorded 17 samples (flags = 0x41)
200  -----------------O                                                        (17 = 100.0%)

Histogram: Blink.Experimental.Cookies.CacheLookupResult2 recorded 17 samples, mean = 0.9 (flags = 0x41)
0  --O                                                                       (2 = 11.8%)
1  ---------------O                                                          (15 = 88.2%) {11.8%}
2  ... 

Histogram: Blink.Experimental.Cookies.FirstCookieRequest recorded 2 samples, mean = 1.0 (flags = 0x41)
0  O                                                                         (0 = 0.0%)
1  --O                                                                       (2 = 100.0%) {0.0%}
2  ... 

Histogram: Blink.Fetch.RequestResourceTime2 recorded 135 samples, mean = 219.4 (flags = 0x41)
0      ... 
11     --------------------O                                                     (20 = 14.8%) {0.0%}
15     -----------------O                                                        (17 = 12.6%) {14.8%}
21     ------------------O                                                       (18 = 13.3%) {27.4%}
29     -------------O                                                            (13 = 9.6%) {40.7%}
40     -------------O                                                            (13 = 9.6%) {50.4%}
55     ----O                                                                     (4 = 3.0%) {60.0%}
76     ----------O                                                               (10 = 7.4%) {63.0%}
105    -----------O                                                              (11 = 8.1%) {70.4%}
146    -----O                                                                    (5 = 3.7%) {78.5%}
203    --O                                                                       (2 = 1.5%) {82.2%}
282    -------------O                                                            (13 = 9.6%) {83.7%}
391    -----O                                                                    (5 = 3.7%) {93.3%}
542    -O                                                                        (1 = 0.7%) {97.0%}
752    -O                                                                        (1 = 0.7%) {97.8%}
1043   O                                                                         (0 = 0.0%) {98.5%}
1447   -O                                                                        (1 = 0.7%) {98.5%}
2008   ... 
10321  -O                                                                        (1 = 0.7%) {99.3%}
14319  ... 

Histogram: Blink.Fetch.RequestResourceTime2.Preload recorded 41 samples, mean = 96.3 (flags = 0x41)
0    ... 
11   -O                                                                        (1 = 2.4%) {0.0%}
15   -----O                                                                    (5 = 12.2%) {2.4%}
21   -O                                                                        (1 = 2.4%) {14.6%}
29   -----O                                                                    (5 = 12.2%) {17.1%}
40   ------------O                                                             (12 = 29.3%) {29.3%}
55   ----O                                                                     (4 = 9.8%) {58.5%}
76   --O                                                                       (2 = 4.9%) {68.3%}
105  ---O                                                                      (3 = 7.3%) {73.2%}
146  ----O                                                                     (4 = 9.8%) {80.5%}
203  -O                                                                        (1 = 2.4%) {90.2%}
282  --O                                                                       (2 = 4.9%) {92.7%}
391  ... 
752  -O                                                                        (1 = 2.4%) {97.6%}
1043 ... 

Histogram: Blink.FetchQueuedPreloadsTime.MainFrame.Initial recorded 1 samples, mean = 1.0 (flags = 0x41)
0  O                                                                         (0 = 0.0%)
1  -O                                                                        (1 = 100.0%) {0.0%}
2  ... 

Histogram: Blink.Fonts.DecodeTime recorded 5 samples, mean = 6369.0 (flags = 0x41)
0      ... 
3865   ----O                                                                     (4 = 80.0%) {0.0%}
5362   ... 
10321  -O                                                                        (1 = 20.0%) {80.0%}
14319  ... 

Histogram: Blink.Fonts.VariableFontsRatio recorded 5 samples, mean = 1.2 (flags = 0x41)
0  O                                                                         (0 = 0.0%)
1  ----O                                                                     (4 = 80.0%) {0.0%}
2  -O                                                                        (1 = 20.0%) {80.0%}
3  ... 

Histogram: Blink.ForcedStyleAndLayout.UpdateTime.PreFCP recorded 2 samples, mean = 8.5 (flags = 0x41)
0   ... 
2   -O                                                                        (1 = 50.0%) {0.0%}
3   ... 
15  -O                                                                        (1 = 50.0%) {50.0%}
21  ... 

Histogram: Blink.HTMLFastPathParser.AbortedParseSize recorded 55 samples, mean = 3.3 (flags = 0x41)
0  ----------O                                                               (10 = 18.2%)
1  ... 
4  ---------------------------------------------O                            (45 = 81.8%) {18.2%}
6  ... 

Histogram: Blink.HTMLFastPathParser.AbortedParseTime2 recorded 55 samples, mean = 1.8 (flags = 0x41)
0   ---------------------O                                                    (21 = 38.2%)
1   -----------------O                                                        (17 = 30.9%) {38.2%}
2   ------O                                                                   (6 = 10.9%) {69.1%}
3   --------O                                                                 (8 = 14.5%) {80.0%}
4   O                                                                         (0 = 0.0%) {94.5%}
5   -O                                                                        (1 = 1.8%) {94.5%}
6   ... 
17  -O                                                                        (1 = 1.8%) {96.4%}
18  ... 
25  -O                                                                        (1 = 1.8%) {98.2%}
27  ... 

Histogram: Blink.HTMLFastPathParser.ParseResult recorded 109 samples, mean = 7.8 (flags = 0x41)
0   ------------------------------------------------------O                   (54 = 49.5%)
1   ... 
4   ----------O                                                               (10 = 9.2%) {49.5%}
5   ... 
18  ---------------------------------------------O                            (45 = 41.3%) {58.7%}
19  ... 

Histogram: Blink.HTMLFastPathParser.SuccessfulParseSize recorded 54 samples, mean = 201.7 (flags = 0x41)
0    ... 
146  ---------------------------O                                              (27 = 50.0%) {0.0%}
203  ---------------------------O                                              (27 = 50.0%) {50.0%}
282  ... 

Histogram: Blink.HTMLFastPathParser.SuccessfulParseTime2 recorded 54 samples, mean = 3.5 (flags = 0x41)
0   -O                                                                        (1 = 1.9%)
1   -------------------O                                                      (19 = 35.2%) {1.9%}
2   -------------O                                                            (13 = 24.1%) {37.0%}
3   -------O                                                                  (7 = 13.0%) {61.1%}
4   ------O                                                                   (6 = 11.1%) {74.1%}
5   ----O                                                                     (4 = 7.4%) {85.2%}
6   -O                                                                        (1 = 1.9%) {92.6%}
7   ... 
21  -O                                                                        (1 = 1.9%) {94.4%}
23  O                                                                         (0 = 0.0%) {96.3%}
25  -O                                                                        (1 = 1.9%) {96.3%}
27  -O                                                                        (1 = 1.9%) {98.1%}
29  ... 

Histogram: Blink.HTMLFastPathParser.TotalParseTime2 recorded 109 samples, mean = 16.7 (flags = 0x41)
0   -O                                                                        (1 = 0.9%)
1   --------------O                                                           (14 = 12.8%) {0.9%}
2   ------------O                                                             (12 = 11.0%) {13.8%}
3   -------O                                                                  (7 = 6.4%) {24.8%}
4   ---------O                                                                (9 = 8.3%) {31.2%}
5   -------------O                                                            (13 = 11.9%) {39.4%}
6   -----O                                                                    (5 = 4.6%) {51.4%}
7   ----O                                                                     (4 = 3.7%) {56.0%}
8   --O                                                                       (2 = 1.8%) {59.6%}
9   --O                                                                       (2 = 1.8%) {61.5%}
10  ----O                                                                     (4 = 3.7%) {63.3%}
11  --O                                                                       (2 = 1.8%) {67.0%}
12  O                                                                         (0 = 0.0%) {68.8%}
13  -O                                                                        (1 = 0.9%) {68.8%}
14  O                                                                         (0 = 0.0%) {69.7%}
15  --O                                                                       (2 = 1.8%) {69.7%}
16  O                                                                         (0 = 0.0%) {71.6%}
17  -O                                                                        (1 = 0.9%) {71.6%}
18  O                                                                         (0 = 0.0%) {72.5%}
19  --O                                                                       (2 = 1.8%) {72.5%}
21  ---O                                                                      (3 = 2.8%) {74.3%}
23  -O                                                                        (1 = 0.9%) {77.1%}
25  O                                                                         (0 = 0.0%) {78.0%}
27  -O                                                                        (1 = 0.9%) {78.0%}
29  -O                                                                        (1 = 0.9%) {78.9%}
31  --O                                                                       (2 = 1.8%) {79.8%}
34  ... 
40  ---O                                                                      (3 = 2.8%) {81.7%}
43  --O                                                                       (2 = 1.8%) {84.4%}
46  --O                                                                       (2 = 1.8%) {86.2%}
50  -O                                                                        (1 = 0.9%) {88.1%}
54  -O                                                                        (1 = 0.9%) {89.0%}
58  --O                                                                       (2 = 1.8%) {89.9%}
63  -O                                                                        (1 = 0.9%) {91.7%}
68  ---O                                                                      (3 = 2.8%) {92.7%}
74  ----O                                                                     (4 = 3.7%) {95.4%}
80  O                                                                         (0 = 0.0%) {99.1%}
86  -O                                                                        (1 = 0.9%) {99.1%}
93  ... 

Histogram: Blink.HTMLParsing.ChunkCount4 recorded 1 samples, mean = 1.0 (flags = 0x41)
0  O                                                                         (0 = 0.0%)
1  -O                                                                        (1 = 100.0%) {0.0%}
2  ... 

Histogram: Blink.HTMLParsing.InputCharacterCount4 recorded 1 samples, mean = 131090.0 (flags = 0x41)
0       ... 
102126  -O                                                                        (1 = 100.0%) {0.0%}
141691  ... 

Histogram: Blink.HTMLParsing.ParsingTimeMax4 recorded 1 samples, mean = 2785.0 (flags = 0x41)
0     ... 
2751  -O                                                                        (1 = 100.0%) {0.0%}
2793  ... 

Histogram: Blink.HTMLParsing.ParsingTimeMin4 recorded 1 samples, mean = 2785.0 (flags = 0x41)
0     ... 
2545  -O                                                                        (1 = 100.0%) {0.0%}
2898  ... 

Histogram: Blink.HTMLParsing.ParsingTimeTotal4 recorded 1 samples, mean = 2785.0 (flags = 0x41)
0     ... 
2751  -O                                                                        (1 = 100.0%) {0.0%}
2793  ... 

Histogram: Blink.HTMLParsing.PreloadRequestCount recorded 1 samples, mean = 33.0 (flags = 0x41)
0   ... 
33  -O                                                                        (1 = 100.0%) {0.0%}
37  ... 

Histogram: Blink.HTMLParsing.TimeToDeferredPumpTokenizer4 recorded 1 samples, mean = 408.0 (flags = 0x41)
0    ... 
364  -O                                                                        (1 = 100.0%) {0.0%}
414  ... 

Histogram: Blink.HTMLParsing.TokensParsedAverage4 recorded 1 samples, mean = 127.0 (flags = 0x41)
0    ... 
113  -O                                                                        (1 = 100.0%) {0.0%}
149  ... 

Histogram: Blink.HTMLParsing.TokensParsedMax4 recorded 1 samples, mean = 127.0 (flags = 0x41)
0    ... 
113  -O                                                                        (1 = 100.0%) {0.0%}
149  ... 

Histogram: Blink.HTMLParsing.TokensParsedMin4 recorded 1 samples, mean = 127.0 (flags = 0x41)
0    ... 
114  -O                                                                        (1 = 100.0%) {0.0%}
135  ... 

Histogram: Blink.HTMLParsing.TokensParsedTotal4 recorded 1 samples, mean = 127.0 (flags = 0x41)
0    ... 
105  -O                                                                        (1 = 100.0%) {0.0%}
146  ... 

Histogram: Blink.HTMLParsing.YieldedTimeAverage4 recorded 1 samples, mean = 451.0 (flags = 0x41)
0    ... 
430  -O                                                                        (1 = 100.0%) {0.0%}
502  ... 

Histogram: Blink.HTMLParsing.YieldedTimeMax4 recorded 1 samples, mean = 476.0 (flags = 0x41)
0    ... 
473  -O                                                                        (1 = 100.0%) {0.0%}
480  ... 

Histogram: Blink.HTMLParsing.YieldedTimeMin4 recorded 1 samples, mean = 427.0 (flags = 0x41)
0    ... 
368  -O                                                                        (1 = 100.0%) {0.0%}
430  ... 

Histogram: Blink.History.VisitedLinks.IsLinkStyledAsVisited recorded 31 samples, mean = 0.0 (flags = 0x41)
0  -------------------------------O                                          (31 = 100.0%)
1  ... 

Histogram: Blink.IntersectionObservationInternalCount.UpdateTime.PreFCP recorded 1 samples, mean = 0.0 (flags = 0x41)
0  -O                                                                        (1 = 100.0%)
1  ... 

Histogram: Blink.JavascriptDocumentUpdate.UpdateTime.PreFCP recorded 1 samples, mean = 2.0 (flags = 0x41)
0  ... 
2  -O                                                                        (1 = 100.0%) {0.0%}
3  ... 

Histogram: Blink.Layout.InlineNode.ShapeText.MaxTime.InOutermostMainFrame3 recorded 1 samples, mean = 0.0 (flags = 0x41)
0  -O                                                                        (1 = 100.0%)
1  ... 

Histogram: Blink.Layout.InlineNode.ShapeText.TotalTime.InOutermostMainFrame3 recorded 1 samples, mean = 0.0 (flags = 0x41)
0  -O                                                                        (1 = 100.0%)
1  ... 

Histogram: Blink.Layout.SVGImage.Count.InOutermostMainFrame recorded 1 samples, mean = 0.0 (flags = 0x41)
0  -O                                                                        (1 = 100.0%)
1  ... 

Histogram: Blink.Layout.SVGImage.TotalTime.InOutermostMainFrame recorded 1 samples, mean = 0.0 (flags = 0x41)
0  -O                                                                        (1 = 100.0%)
1  ... 

Histogram: Blink.MainFrame.UpdateTime.PreFCP recorded 33 samples, mean = 3577.2 (flags = 0x41)
0      ... 
76     -O                                                                        (1 = 3.0%) {0.0%}
105    ------------O                                                             (12 = 36.4%) {3.0%}
146    -O                                                                        (1 = 3.0%) {39.4%}
203    --O                                                                       (2 = 6.1%) {42.4%}
282    -O                                                                        (1 = 3.0%) {48.5%}
391    -O                                                                        (1 = 3.0%) {51.5%}
542    -O                                                                        (1 = 3.0%) {54.5%}
752    -O                                                                        (1 = 3.0%) {57.6%}
1043   --O                                                                       (2 = 6.1%) {60.6%}
1447   O                                                                         (0 = 0.0%) {66.7%}
2008   --O                                                                       (2 = 6.1%) {66.7%}
2786   --O                                                                       (2 = 6.1%) {72.7%}
3865   ---O                                                                      (3 = 9.1%) {78.8%}
5362   --O                                                                       (2 = 6.1%) {87.9%}
7439   ... 
19866  -O                                                                        (1 = 3.0%) {93.9%}
27562  O                                                                         (0 = 0.0%) {97.0%}
38240  -O                                                                        (1 = 3.0%) {97.0%}
53055  ... 

Histogram: Blink.MemoryCache.RevalidationPolicy.AsyncScript recorded 48 samples, mean = 1.6 (flags = 0x41)
0  -----------------------O                                                  (23 = 47.9%)
1  ... 
3  -------------------------O                                                (25 = 52.1%) {47.9%}
4  ... 

Histogram: Blink.MemoryCache.RevalidationPolicy.CSSStyleSheet recorded 8 samples, mean = 0.0 (flags = 0x41)
0  --------O                                                                 (8 = 100.0%)
1  ... 

Histogram: Blink.MemoryCache.RevalidationPolicy.Dead.CSSStyleSheet recorded 1 samples, mean = 0.0 (flags = 0x41)
0  -O                                                                        (1 = 100.0%)
1  ... 

Histogram: Blink.MemoryCache.RevalidationPolicy.Dead.Font recorded 2 samples, mean = 0.0 (flags = 0x41)
0  --O                                                                       (2 = 100.0%)
1  ... 

Histogram: Blink.MemoryCache.RevalidationPolicy.Dead.Script recorded 22 samples, mean = 0.0 (flags = 0x41)
0  ----------------------O                                                   (22 = 100.0%)
1  ... 

Histogram: Blink.MemoryCache.RevalidationPolicy.Font recorded 23 samples, mean = 4.0 (flags = 0x41)
0  -O                                                                        (1 = 4.3%)
1  ... 
4  ------------------O                                                       (18 = 78.3%) {4.3%}
5  ----O                                                                     (4 = 17.4%) {82.6%}
6  O                                                                         (0 = 0.0%) {100.0%}

Histogram: Blink.MemoryCache.RevalidationPolicy.Image recorded 27 samples, mean = 4.0 (flags = 0x41)
0  ... 
3  -O                                                                        (1 = 3.7%) {0.0%}
4  --------------------------O                                               (26 = 96.3%) {3.7%}
5  ... 

Histogram: Blink.MemoryCache.RevalidationPolicy.Manifest recorded 1 samples, mean = 3.0 (flags = 0x41)
0  ... 
3  -O                                                                        (1 = 100.0%) {0.0%}
4  ... 

Histogram: Blink.MemoryCache.RevalidationPolicy.Preload.CSSStyleSheet recorded 15 samples, mean = 1.6 (flags = 0x41)
0  -------O                                                                  (7 = 46.7%)
1  ... 
3  --------O                                                                 (8 = 53.3%) {46.7%}
4  ... 

Histogram: Blink.MemoryCache.RevalidationPolicy.Preload.Font recorded 2 samples, mean = 1.5 (flags = 0x41)
0  -O                                                                        (1 = 50.0%)
1  ... 
3  -O                                                                        (1 = 50.0%) {50.0%}
4  ... 

Histogram: Blink.MemoryCache.RevalidationPolicy.Preload.Script recorded 24 samples, mean = 2.8 (flags = 0x41)
0  --O                                                                       (2 = 8.3%)
1  ... 
3  ----------------------O                                                   (22 = 91.7%) {8.3%}
4  ... 

Histogram: Blink.MemoryCache.RevalidationPolicy.Raw recorded 13 samples, mean = 3.0 (flags = 0x41)
0  ... 
3  -------------O                                                            (13 = 100.0%) {0.0%}
4  ... 

Histogram: Blink.MemoryCache.RevalidationPolicy.Script recorded 26 samples, mean = 0.5 (flags = 0x41)
0  ----------------------O                                                   (22 = 84.6%)
1  ... 
3  ----O                                                                     (4 = 15.4%) {84.6%}
4  ... 

Histogram: Blink.PreloadRequestStartDuration recorded 41 samples, mean = 98.9 (flags = 0x41)
0    ... 
15   ------O                                                                   (6 = 14.6%) {0.0%}
21   -O                                                                        (1 = 2.4%) {14.6%}
29   -----O                                                                    (5 = 12.2%) {17.1%}
40   ------------O                                                             (12 = 29.3%) {29.3%}
55   ----O                                                                     (4 = 9.8%) {58.5%}
76   --O                                                                       (2 = 4.9%) {68.3%}
105  ---O                                                                      (3 = 7.3%) {73.2%}
146  ----O                                                                     (4 = 9.8%) {80.5%}
203  -O                                                                        (1 = 2.4%) {90.2%}
282  --O                                                                       (2 = 4.9%) {92.7%}
391  ... 
752  -O                                                                        (1 = 2.4%) {97.6%}
1043 ... 

Histogram: Blink.PreloadRequestWaitTime recorded 31 samples, mean = 1.1 (flags = 0x41)
0  ----O                                                                     (4 = 12.9%)
1  ---------------------O                                                    (21 = 67.7%) {12.9%}
2  ------O                                                                   (6 = 19.4%) {80.6%}
3  ... 

Histogram: Blink.PrepareToStopParsingTime recorded 62 samples, mean = 0.0 (flags = 0x41)
0  -------------------------------------------------------------O            (61 = 98.4%)
1  -O                                                                        (1 = 1.6%) {98.4%}
2  ... 

Histogram: Blink.PumpTokenizerTime recorded 120 samples, mean = 0.1 (flags = 0x41)
0  ------------------------------------------------------------------------O (118 = 98.3%)
1  ... 
3  -O                                                                        (1 = 0.8%) {98.3%}
4  ... 
8  -O                                                                        (1 = 0.8%) {99.2%}
10 ... 

Histogram: Blink.ResourceRequest.BackgroundResourceFetchSupportStatus recorded 54 samples, mean = 0.1 (flags = 0x41)
0  ----------------------------------------------------O                     (52 = 96.3%)
1  O                                                                         (0 = 0.0%) {96.3%}
2  --O                                                                       (2 = 3.7%) {96.3%}
3  ... 

Histogram: Blink.ResourceRequest.CompletionDelay2 recorded 54 samples, mean = 18.2 (flags = 0x41)
0    ----------------O                                                         (16 = 29.6%)
1    -----O                                                                    (5 = 9.3%) {29.6%}
2    ---O                                                                      (3 = 5.6%) {38.9%}
3    ---------O                                                                (9 = 16.7%) {44.4%}
4    ------O                                                                   (6 = 11.1%) {61.1%}
5    ---O                                                                      (3 = 5.6%) {72.2%}
6    ---O                                                                      (3 = 5.6%) {77.8%}
7    --O                                                                       (2 = 3.7%) {83.3%}
8    -O                                                                        (1 = 1.9%) {87.0%}
10   -O                                                                        (1 = 1.9%) {88.9%}
12   -O                                                                        (1 = 1.9%) {90.7%}
14   ... 
57   -O                                                                        (1 = 1.9%) {92.6%}
68   ... 
96   -O                                                                        (1 = 1.9%) {94.4%}
114  ... 
318  --O                                                                       (2 = 3.7%) {96.3%}
378  ... 

Histogram: Blink.ResourceRequest.RedirectDelay2 recorded 3 samples, mean = 5.7 (flags = 0x41)
0   -O                                                                        (1 = 33.3%)
1   ... 
7   -O                                                                        (1 = 33.3%) {33.3%}
8   O                                                                         (0 = 0.0%) {66.7%}
10  -O                                                                        (1 = 33.3%) {66.7%}
12  ... 

Histogram: Blink.ResourceRequest.ResponseDelay2 recorded 50 samples, mean = 25.3 (flags = 0x41)
0    -----------O                                                              (11 = 22.0%)
1    -----O                                                                    (5 = 10.0%) {22.0%}
2    ------O                                                                   (6 = 12.0%) {32.0%}
3    O                                                                         (0 = 0.0%) {44.0%}
4    -O                                                                        (1 = 2.0%) {44.0%}
5    -O                                                                        (1 = 2.0%) {46.0%}
6    -O                                                                        (1 = 2.0%) {48.0%}
7    O                                                                         (0 = 0.0%) {50.0%}
8    -O                                                                        (1 = 2.0%) {50.0%}
10   ... 
14   -------------O                                                            (13 = 26.0%) {52.0%}
17   O                                                                         (0 = 0.0%) {78.0%}
20   --O                                                                       (2 = 4.0%) {78.0%}
24   -----O                                                                    (5 = 10.0%) {82.0%}
29   ... 
57   -O                                                                        (1 = 2.0%) {92.0%}
68   ... 
96   -O                                                                        (1 = 2.0%) {94.0%}
114  ... 
318  --O                                                                       (2 = 4.0%) {96.0%}
378  ... 

Histogram: Blink.ResourceRequest.StartDelay2 recorded 50 samples, mean = 541.3 (flags = 0x41)
0    -O                                                                        (1 = 2.0%)
1    ... 
81   ----O                                                                     (4 = 8.0%) {2.0%}
96   ... 
318  ------O                                                                   (6 = 12.0%) {10.0%}
378  O                                                                         (0 = 0.0%) {22.0%}
449  ---O                                                                      (3 = 6.0%) {22.0%}
533  ---O                                                                      (3 = 6.0%) {28.0%}
633  --------------------------------O                                         (32 = 64.0%) {34.0%}
752  O                                                                         (0 = 0.0%) {98.0%}
894  -O                                                                        (1 = 2.0%) {98.0%}
1062 ... 

Histogram: Blink.ScanAndPreloadTime.MainFrame.Initial recorded 1 samples, mean = 2.0 (flags = 0x41)
0  ... 
2  -O                                                                        (1 = 100.0%) {0.0%}
3  ... 

Histogram: Blink.ScanAndPreloadTime.MainFrame.NonInitial recorded 1 samples, mean = 0.0 (flags = 0x41)
0  -O                                                                        (1 = 100.0%)
1  ... 

Histogram: Blink.ScanAndPreloadTime2.MainFrame.Initial recorded 1 samples, mean = 2830.0 (flags = 0x41)
0     ... 
2786  -O                                                                        (1 = 100.0%) {0.0%}
3865  ... 

Histogram: Blink.ScanAndPreloadTime2.MainFrame.NonInitial recorded 1 samples, mean = 19.0 (flags = 0x41)
0   ... 
15  -O                                                                        (1 = 100.0%) {0.0%}
21  ... 

Histogram: Blink.ScanAndPreloadTime2.Preload.MainFrame.Initial recorded 1 samples, mean = 2012.0 (flags = 0x41)
0     ... 
2008  -O                                                                        (1 = 100.0%) {0.0%}
2786  ... 

Histogram: Blink.ScanAndPreloadTime2.Preload.MainFrame.NonInitial recorded 1 samples, mean = 2.0 (flags = 0x41)
0  ... 
2  -O                                                                        (1 = 100.0%) {0.0%}
3  ... 

Histogram: Blink.ScanAndPreloadTime2.Scan.MainFrame.Initial recorded 1 samples, mean = 770.0 (flags = 0x41)
0    ... 
752  -O                                                                        (1 = 100.0%) {0.0%}
1043 ... 

Histogram: Blink.ScanAndPreloadTime2.Scan.MainFrame.NonInitial recorded 1 samples, mean = 1.0 (flags = 0x41)
0  O                                                                         (0 = 0.0%)
1  -O                                                                        (1 = 100.0%) {0.0%}
2  ... 

Histogram: Blink.Script.AsyncScript.FromReadyToStartExecution.Time recorded 26 samples, mean = 0.4 (flags = 0x41)
0   ------------------------O                                                 (24 = 92.3%)
1   -O                                                                        (1 = 3.8%) {92.3%}
2   ... 
10  -O                                                                        (1 = 3.8%) {96.2%}
13  ... 

Histogram: Blink.Script.SchedulingType recorded 41 samples, mean = 5.3 (flags = 0x41)
0  ... 
3  -O                                                                        (1 = 2.4%) {0.0%}
4  O                                                                         (0 = 0.0%) {2.4%}
5  -------------------------O                                                (25 = 61.0%) {2.4%}
6  ---------------O                                                          (15 = 36.6%) {63.4%}
7  ... 

Histogram: Blink.UseCounter.AnimatedCSSProperties recorded 1 samples, mean = 1.0 (flags = 0x41)
0  O                                                                         (0 = 0.0%)
1  -O                                                                        (1 = 100.0%) {0.0%}
2  ... 

Histogram: Blink.UseCounter.CSSProperties recorded 97 samples, mean = 273.8 (flags = 0x41)
0    O                                                                         (0 = 0.0%)
1    -O                                                                        (1 = 1.0%) {0.0%}
2    -O                                                                        (1 = 1.0%) {1.0%}
3    -O                                                                        (1 = 1.0%) {2.1%}
4    -O                                                                        (1 = 1.0%) {3.1%}
5    -O                                                                        (1 = 1.0%) {4.1%}
6    -O                                                                        (1 = 1.0%) {5.2%}
7    -O                                                                        (1 = 1.0%) {6.2%}
8    -O                                                                        (1 = 1.0%) {7.2%}
9    O                                                                         (0 = 0.0%) {8.2%}
10   -O                                                                        (1 = 1.0%) {8.2%}
11   ... 
14   -O                                                                        (1 = 1.0%) {9.3%}
15   ... 
20   -O                                                                        (1 = 1.0%) {10.3%}
21   -O                                                                        (1 = 1.0%) {11.3%}
22   ... 
24   -O                                                                        (1 = 1.0%) {12.4%}
25   ... 
34   -O                                                                        (1 = 1.0%) {13.4%}
35   ... 
42   -O                                                                        (1 = 1.0%) {14.4%}
43   ... 
53   -O                                                                        (1 = 1.0%) {15.5%}
54   ... 
59   -O                                                                        (1 = 1.0%) {16.5%}
60   ... 
66   -O                                                                        (1 = 1.0%) {17.5%}
67   ... 
69   -O                                                                        (1 = 1.0%) {18.6%}
70   ... 
72   -O                                                                        (1 = 1.0%) {19.6%}
73   O                                                                         (0 = 0.0%) {20.6%}
74   -O                                                                        (1 = 1.0%) {20.6%}
75   ... 
77   -O                                                                        (1 = 1.0%) {21.6%}
78   ... 
81   -O                                                                        (1 = 1.0%) {22.7%}
82   ... 
84   -O                                                                        (1 = 1.0%) {23.7%}
85   ... 
89   -O                                                                        (1 = 1.0%) {24.7%}
90   ... 
95   -O                                                                        (1 = 1.0%) {25.8%}
96   -O                                                                        (1 = 1.0%) {26.8%}
97   -O                                                                        (1 = 1.0%) {27.8%}
98   -O                                                                        (1 = 1.0%) {28.9%}
99   O                                                                         (0 = 0.0%) {29.9%}
100  -O                                                                        (1 = 1.0%) {29.9%}
101  ... 
105  -O                                                                        (1 = 1.0%) {30.9%}
106  -O                                                                        (1 = 1.0%) {32.0%}
107  -O                                                                        (1 = 1.0%) {33.0%}
108  O                                                                         (0 = 0.0%) {34.0%}
109  -O                                                                        (1 = 1.0%) {34.0%}
110  ... 
118  -O                                                                        (1 = 1.0%) {35.1%}
119  -O                                                                        (1 = 1.0%) {36.1%}
120  ... 
124  -O                                                                        (1 = 1.0%) {37.1%}
125  ... 
127  -O                                                                        (1 = 1.0%) {38.1%}
128  -O                                                                        (1 = 1.0%) {39.2%}
129  -O                                                                        (1 = 1.0%) {40.2%}
130  ... 
143  -O                                                                        (1 = 1.0%) {41.2%}
144  ... 
150  -O                                                                        (1 = 1.0%) {42.3%}
151  O                                                                         (0 = 0.0%) {43.3%}
152  -O                                                                        (1 = 1.0%) {43.3%}
153  -O                                                                        (1 = 1.0%) {44.3%}
154  -O                                                                        (1 = 1.0%) {45.4%}
155  O                                                                         (0 = 0.0%) {46.4%}
156  -O                                                                        (1 = 1.0%) {46.4%}
157  -O                                                                        (1 = 1.0%) {47.4%}
158  O                                                                         (0 = 0.0%) {48.5%}
159  -O                                                                        (1 = 1.0%) {48.5%}
160  O                                                                         (0 = 0.0%) {49.5%}
161  -O                                                                        (1 = 1.0%) {49.5%}
162  -O                                                                        (1 = 1.0%) {50.5%}
163  O                                                                         (0 = 0.0%) {51.5%}
164  -O                                                                        (1 = 1.0%) {51.5%}
165  -O                                                                        (1 = 1.0%) {52.6%}
166  ... 
175  -O                                                                        (1 = 1.0%) {53.6%}
176  ... 
231  -O                                                                        (1 = 1.0%) {54.6%}
232  -O                                                                        (1 = 1.0%) {55.7%}
233  O                                                                         (0 = 0.0%) {56.7%}
234  -O                                                                        (1 = 1.0%) {56.7%}
235  -O                                                                        (1 = 1.0%) {57.7%}
236  O                                                                         (0 = 0.0%) {58.8%}
237  -O                                                                        (1 = 1.0%) {58.8%}
238  -O                                                                        (1 = 1.0%) {59.8%}
239  -O                                                                        (1 = 1.0%) {60.8%}
240  -O                                                                        (1 = 1.0%) {61.9%}
241  O                                                                         (0 = 0.0%) {62.9%}
242  -O                                                                        (1 = 1.0%) {62.9%}
243  ... 
303  -O                                                                        (1 = 1.0%) {63.9%}
304  ... 
369  -O                                                                        (1 = 1.0%) {64.9%}
370  -O                                                                        (1 = 1.0%) {66.0%}
371  ... 
415  -O                                                                        (1 = 1.0%) {67.0%}
416  ... 
432  -O                                                                        (1 = 1.0%) {68.0%}
433  -O                                                                        (1 = 1.0%) {69.1%}
434  ... 
437  -O                                                                        (1 = 1.0%) {70.1%}
438  ... 
446  -O                                                                        (1 = 1.0%) {71.1%}
447  ... 
508  -O                                                                        (1 = 1.0%) {72.2%}
509  ... 
514  -O                                                                        (1 = 1.0%) {73.2%}
515  -O                                                                        (1 = 1.0%) {74.2%}
516  -O                                                                        (1 = 1.0%) {75.3%}
517  ... 
537  -O                                                                        (1 = 1.0%) {76.3%}
538  ... 
549  -O                                                                        (1 = 1.0%) {77.3%}
550  ... 
563  -O                                                                        (1 = 1.0%) {78.4%}
564  ... 
591  -O                                                                        (1 = 1.0%) {79.4%}
592  -O                                                                        (1 = 1.0%) {80.4%}
593  O                                                                         (0 = 0.0%) {81.4%}
594  -O                                                                        (1 = 1.0%) {81.4%}
595  -O                                                                        (1 = 1.0%) {82.5%}
596  ... 
598  -O                                                                        (1 = 1.0%) {83.5%}
599  -O                                                                        (1 = 1.0%) {84.5%}
600  ... 
618  -O                                                                        (1 = 1.0%) {85.6%}
619  -O                                                                        (1 = 1.0%) {86.6%}
620  -O                                                                        (1 = 1.0%) {87.6%}
621  -O                                                                        (1 = 1.0%) {88.7%}
622  ... 
636  -O                                                                        (1 = 1.0%) {89.7%}
637  ... 
657  -O                                                                        (1 = 1.0%) {90.7%}
658  -O                                                                        (1 = 1.0%) {91.8%}
659  ... 
662  -O                                                                        (1 = 1.0%) {92.8%}
663  ... 
672  -O                                                                        (1 = 1.0%) {93.8%}
673  -O                                                                        (1 = 1.0%) {94.8%}
674  O                                                                         (0 = 0.0%) {95.9%}
675  -O                                                                        (1 = 1.0%) {95.9%}
676  ... 
696  -O                                                                        (1 = 1.0%) {96.9%}
697  ... 
746  -O                                                                        (1 = 1.0%) {97.9%}
747  ... 
770  -O                                                                        (1 = 1.0%) {99.0%}
771  ... 

Histogram: Blink.UseCounter.Features recorded 167 samples, mean = 2220.9 (flags = 0x41)
0     ... 
13    -O                                                                        (1 = 0.6%) {0.0%}
14    ... 
16    -O                                                                        (1 = 0.6%) {0.6%}
17    ... 
52    -O                                                                        (1 = 0.6%) {1.2%}
53    ... 
69    -O                                                                        (1 = 0.6%) {1.8%}
70    ... 
123   -O                                                                        (1 = 0.6%) {2.4%}
124   -O                                                                        (1 = 0.6%) {3.0%}
125   -O                                                                        (1 = 0.6%) {3.6%}
126   ... 
138   -O                                                                        (1 = 0.6%) {4.2%}
139   ... 
240   -O                                                                        (1 = 0.6%) {4.8%}
241   ... 
250   -O                                                                        (1 = 0.6%) {5.4%}
251   ... 
429   -O                                                                        (1 = 0.6%) {6.0%}
430   -O                                                                        (1 = 0.6%) {6.6%}
431   -O                                                                        (1 = 0.6%) {7.2%}
432   -O                                                                        (1 = 0.6%) {7.8%}
433   ... 
469   -O                                                                        (1 = 0.6%) {8.4%}
470   ... 
494   -O                                                                        (1 = 0.6%) {9.0%}
495   ... 
523   -O                                                                        (1 = 0.6%) {9.6%}
524   ... 
540   -O                                                                        (1 = 0.6%) {10.2%}
541   ... 
587   -O                                                                        (1 = 0.6%) {10.8%}
588   -O                                                                        (1 = 0.6%) {11.4%}
589   ... 
675   -O                                                                        (1 = 0.6%) {12.0%}
676   O                                                                         (0 = 0.0%) {12.6%}
677   -O                                                                        (1 = 0.6%) {12.6%}
678   ... 
710   -O                                                                        (1 = 0.6%) {13.2%}
711   -O                                                                        (1 = 0.6%) {13.8%}
712   -O                                                                        (1 = 0.6%) {14.4%}
713   ... 
717   -O                                                                        (1 = 0.6%) {15.0%}
718   ... 
730   -O                                                                        (1 = 0.6%) {15.6%}
731   ... 
744   -O                                                                        (1 = 0.6%) {16.2%}
745   ... 
780   -O                                                                        (1 = 0.6%) {16.8%}
781   -O                                                                        (1 = 0.6%) {17.4%}
782   ... 
786   -O                                                                        (1 = 0.6%) {18.0%}
787   -O                                                                        (1 = 0.6%) {18.6%}
788   ... 
804   -O                                                                        (1 = 0.6%) {19.2%}
805   ... 
900   -O                                                                        (1 = 0.6%) {19.8%}
901   -O                                                                        (1 = 0.6%) {20.4%}
902   ... 
907   -O                                                                        (1 = 0.6%) {21.0%}
908   ... 
954   -O                                                                        (1 = 0.6%) {21.6%}
955   ... 
970   -O                                                                        (1 = 0.6%) {22.2%}
971   O                                                                         (0 = 0.0%) {22.8%}
972   -O                                                                        (1 = 0.6%) {22.8%}
973   -O                                                                        (1 = 0.6%) {23.4%}
974   ... 
976   -O                                                                        (1 = 0.6%) {24.0%}
977   ... 
1023  -O                                                                        (1 = 0.6%) {24.6%}
1024  ... 
1069  -O                                                                        (1 = 0.6%) {25.1%}
1070  -O                                                                        (1 = 0.6%) {25.7%}
1071  ... 
1075  -O                                                                        (1 = 0.6%) {26.3%}
1076  -O                                                                        (1 = 0.6%) {26.9%}
1077  ... 
1124  -O                                                                        (1 = 0.6%) {27.5%}
1125  ... 
1302  -O                                                                        (1 = 0.6%) {28.1%}
1303  ... 
1347  -O                                                                        (1 = 0.6%) {28.7%}
1348  ... 
1351  -O                                                                        (1 = 0.6%) {29.3%}
1352  ... 
1354  -O                                                                        (1 = 0.6%) {29.9%}
1355  ... 
1368  -O                                                                        (1 = 0.6%) {30.5%}
1369  ... 
1417  -O                                                                        (1 = 0.6%) {31.1%}
1418  ... 
1441  -O                                                                        (1 = 0.6%) {31.7%}
1442  ... 
1467  -O                                                                        (1 = 0.6%) {32.3%}
1468  ... 
1502  -O                                                                        (1 = 0.6%) {32.9%}
1503  ... 
1692  -O                                                                        (1 = 0.6%) {33.5%}
1693  -O                                                                        (1 = 0.6%) {34.1%}
1694  ... 
1827  -O                                                                        (1 = 0.6%) {34.7%}
1828  ... 
2013  -O                                                                        (1 = 0.6%) {35.3%}
2014  ... 
2077  -O                                                                        (1 = 0.6%) {35.9%}
2078  ... 
2094  -O                                                                        (1 = 0.6%) {36.5%}
2095  O                                                                         (0 = 0.0%) {37.1%}
2096  -O                                                                        (1 = 0.6%) {37.1%}
2097  ... 
2100  -O                                                                        (1 = 0.6%) {37.7%}
2101  ... 
2112  -O                                                                        (1 = 0.6%) {38.3%}
2113  ... 
2121  -O                                                                        (1 = 0.6%) {38.9%}
2122  ... 
2157  -O                                                                        (1 = 0.6%) {39.5%}
2158  ... 
2188  -O                                                                        (1 = 0.6%) {40.1%}
2189  O                                                                         (0 = 0.0%) {40.7%}
2190  -O                                                                        (1 = 0.6%) {40.7%}
2191  -O                                                                        (1 = 0.6%) {41.3%}
2192  ... 
2195  -O                                                                        (1 = 0.6%) {41.9%}
2196  ... 
2203  -O                                                                        (1 = 0.6%) {42.5%}
2204  -O                                                                        (1 = 0.6%) {43.1%}
2205  ... 
2217  -O                                                                        (1 = 0.6%) {43.7%}
2218  ... 
2226  -O                                                                        (1 = 0.6%) {44.3%}
2227  O                                                                         (0 = 0.0%) {44.9%}
2228  -O                                                                        (1 = 0.6%) {44.9%}
2229  -O                                                                        (1 = 0.6%) {45.5%}
2230  ... 
2236  -O                                                                        (1 = 0.6%) {46.1%}
2237  ... 
2298  -O                                                                        (1 = 0.6%) {46.7%}
2299  ... 
2314  -O                                                                        (1 = 0.6%) {47.3%}
2315  ... 
2319  -O                                                                        (1 = 0.6%) {47.9%}
2320  ... 
2322  -O                                                                        (1 = 0.6%) {48.5%}
2323  ... 
2347  -O                                                                        (1 = 0.6%) {49.1%}
2348  ... 
2355  -O                                                                        (1 = 0.6%) {49.7%}
2356  ... 
2361  -O                                                                        (1 = 0.6%) {50.3%}
2362  ... 
2387  -O                                                                        (1 = 0.6%) {50.9%}
2388  -O                                                                        (1 = 0.6%) {51.5%}
2389  ... 
2399  -O                                                                        (1 = 0.6%) {52.1%}
2400  ... 
2413  -O                                                                        (1 = 0.6%) {52.7%}
2414  ... 
2429  -O                                                                        (1 = 0.6%) {53.3%}
2430  O                                                                         (0 = 0.0%) {53.9%}
2431  -O                                                                        (1 = 0.6%) {53.9%}
2432  ... 
2487  -O                                                                        (1 = 0.6%) {54.5%}
2488  ... 
2518  -O                                                                        (1 = 0.6%) {55.1%}
2519  ... 
2598  -O                                                                        (1 = 0.6%) {55.7%}
2599  ... 
2618  -O                                                                        (1 = 0.6%) {56.3%}
2619  ... 
2654  -O                                                                        (1 = 0.6%) {56.9%}
2655  -O                                                                        (1 = 0.6%) {57.5%}
2656  -O                                                                        (1 = 0.6%) {58.1%}
2657  -O                                                                        (1 = 0.6%) {58.7%}
2658  -O                                                                        (1 = 0.6%) {59.3%}
2659  -O                                                                        (1 = 0.6%) {59.9%}
2660  -O                                                                        (1 = 0.6%) {60.5%}
2661  -O                                                                        (1 = 0.6%) {61.1%}
2662  -O                                                                        (1 = 0.6%) {61.7%}
2663  -O                                                                        (1 = 0.6%) {62.3%}
2664  ... 
2699  -O                                                                        (1 = 0.6%) {62.9%}
2700  -O                                                                        (1 = 0.6%) {63.5%}
2701  -O                                                                        (1 = 0.6%) {64.1%}
2702  -O                                                                        (1 = 0.6%) {64.7%}
2703  -O                                                                        (1 = 0.6%) {65.3%}
2704  -O                                                                        (1 = 0.6%) {65.9%}
2705  -O                                                                        (1 = 0.6%) {66.5%}
2706  -O                                                                        (1 = 0.6%) {67.1%}
2707  -O                                                                        (1 = 0.6%) {67.7%}
2708  ... 
2710  -O                                                                        (1 = 0.6%) {68.3%}
2711  -O                                                                        (1 = 0.6%) {68.9%}
2712  ... 
2716  -O                                                                        (1 = 0.6%) {69.5%}
2717  ... 
2723  -O                                                                        (1 = 0.6%) {70.1%}
2724  ... 
2738  -O                                                                        (1 = 0.6%) {70.7%}
2739  ... 
2769  -O                                                                        (1 = 0.6%) {71.3%}
2770  ... 
2841  -O                                                                        (1 = 0.6%) {71.9%}
2842  ... 
2903  -O                                                                        (1 = 0.6%) {72.5%}
2904  -O                                                                        (1 = 0.6%) {73.1%}
2905  ... 
2916  -O                                                                        (1 = 0.6%) {73.7%}
2917  ... 
2927  -O                                                                        (1 = 0.6%) {74.3%}
2928  ... 
2935  -O                                                                        (1 = 0.6%) {74.9%}
2936  ... 
3004  -O                                                                        (1 = 0.6%) {75.4%}
3005  ... 
3019  -O                                                                        (1 = 0.6%) {76.0%}
3020  -O                                                                        (1 = 0.6%) {76.6%}
3021  ... 
3028  -O                                                                        (1 = 0.6%) {77.2%}
3029  ... 
3066  -O                                                                        (1 = 0.6%) {77.8%}
3067  ... 
3157  -O                                                                        (1 = 0.6%) {78.4%}
3158  ... 
3198  -O                                                                        (1 = 0.6%) {79.0%}
3199  ... 
3254  -O                                                                        (1 = 0.6%) {79.6%}
3255  ... 
3258  -O                                                                        (1 = 0.6%) {80.2%}
3259  ... 
3275  -O                                                                        (1 = 0.6%) {80.8%}
3276  ... 
3279  -O                                                                        (1 = 0.6%) {81.4%}
3280  ... 
3307  -O                                                                        (1 = 0.6%) {82.0%}
3308  -O                                                                        (1 = 0.6%) {82.6%}
3309  ... 
3349  -O                                                                        (1 = 0.6%) {83.2%}
3350  ... 
3359  -O                                                                        (1 = 0.6%) {83.8%}
3360  ... 
3444  -O                                                                        (1 = 0.6%) {84.4%}
3445  ... 
3580  -O                                                                        (1 = 0.6%) {85.0%}
3581  -O                                                                        (1 = 0.6%) {85.6%}
3582  ... 
3789  -O                                                                        (1 = 0.6%) {86.2%}
3790  -O                                                                        (1 = 0.6%) {86.8%}
3791  ... 
3803  -O                                                                        (1 = 0.6%) {87.4%}
3804  ... 
3870  -O                                                                        (1 = 0.6%) {88.0%}
3871  ... 
3973  -O                                                                        (1 = 0.6%) {88.6%}
3974  ... 
4007  -O                                                                        (1 = 0.6%) {89.2%}
4008  ... 
4113  -O                                                                        (1 = 0.6%) {89.8%}
4114  ... 
4161  -O                                                                        (1 = 0.6%) {90.4%}
4162  ... 
4177  -O                                                                        (1 = 0.6%) {91.0%}
4178  ... 
4194  -O                                                                        (1 = 0.6%) {91.6%}
4195  O                                                                         (0 = 0.0%) {92.2%}
4196  -O                                                                        (1 = 0.6%) {92.2%}
4197  ... 
4240  -O                                                                        (1 = 0.6%) {92.8%}
4241  O                                                                         (0 = 0.0%) {93.4%}
4242  -O                                                                        (1 = 0.6%) {93.4%}
4243  ... 
4307  -O                                                                        (1 = 0.6%) {94.0%}
4308  ... 
4317  -O                                                                        (1 = 0.6%) {94.6%}
4318  ... 
4372  -O                                                                        (1 = 0.6%) {95.2%}
4373  ... 
4379  -O                                                                        (1 = 0.6%) {95.8%}
4380  ... 
4419  -O                                                                        (1 = 0.6%) {96.4%}
4420  ... 
4561  -O                                                                        (1 = 0.6%) {97.0%}
4562  ... 
4673  -O                                                                        (1 = 0.6%) {97.6%}
4674  ... 
4743  -O                                                                        (1 = 0.6%) {98.2%}
4744  ... 
4877  -O                                                                        (1 = 0.6%) {98.8%}
4878  ... 
4994  -O                                                                        (1 = 0.6%) {99.4%}
4995  ... 

Histogram: Blink.UseCounter.MainFrame.Features recorded 167 samples, mean = 2220.9 (flags = 0x41)
0     ... 
13    -O                                                                        (1 = 0.6%) {0.0%}
14    ... 
16    -O                                                                        (1 = 0.6%) {0.6%}
17    ... 
52    -O                                                                        (1 = 0.6%) {1.2%}
53    ... 
69    -O                                                                        (1 = 0.6%) {1.8%}
70    ... 
123   -O                                                                        (1 = 0.6%) {2.4%}
124   -O                                                                        (1 = 0.6%) {3.0%}
125   -O                                                                        (1 = 0.6%) {3.6%}
126   ... 
138   -O                                                                        (1 = 0.6%) {4.2%}
139   ... 
240   -O                                                                        (1 = 0.6%) {4.8%}
241   ... 
250   -O                                                                        (1 = 0.6%) {5.4%}
251   ... 
429   -O                                                                        (1 = 0.6%) {6.0%}
430   -O                                                                        (1 = 0.6%) {6.6%}
431   -O                                                                        (1 = 0.6%) {7.2%}
432   -O                                                                        (1 = 0.6%) {7.8%}
433   ... 
469   -O                                                                        (1 = 0.6%) {8.4%}
470   ... 
494   -O                                                                        (1 = 0.6%) {9.0%}
495   ... 
523   -O                                                                        (1 = 0.6%) {9.6%}
524   ... 
540   -O                                                                        (1 = 0.6%) {10.2%}
541   ... 
587   -O                                                                        (1 = 0.6%) {10.8%}
588   -O                                                                        (1 = 0.6%) {11.4%}
589   ... 
675   -O                                                                        (1 = 0.6%) {12.0%}
676   O                                                                         (0 = 0.0%) {12.6%}
677   -O                                                                        (1 = 0.6%) {12.6%}
678   ... 
710   -O                                                                        (1 = 0.6%) {13.2%}
711   -O                                                                        (1 = 0.6%) {13.8%}
712   -O                                                                        (1 = 0.6%) {14.4%}
713   ... 
717   -O                                                                        (1 = 0.6%) {15.0%}
718   ... 
730   -O                                                                        (1 = 0.6%) {15.6%}
731   ... 
744   -O                                                                        (1 = 0.6%) {16.2%}
745   ... 
780   -O                                                                        (1 = 0.6%) {16.8%}
781   -O                                                                        (1 = 0.6%) {17.4%}
782   ... 
786   -O                                                                        (1 = 0.6%) {18.0%}
787   -O                                                                        (1 = 0.6%) {18.6%}
788   ... 
804   -O                                                                        (1 = 0.6%) {19.2%}
805   ... 
900   -O                                                                        (1 = 0.6%) {19.8%}
901   -O                                                                        (1 = 0.6%) {20.4%}
902   ... 
907   -O                                                                        (1 = 0.6%) {21.0%}
908   ... 
954   -O                                                                        (1 = 0.6%) {21.6%}
955   ... 
970   -O                                                                        (1 = 0.6%) {22.2%}
971   O                                                                         (0 = 0.0%) {22.8%}
972   -O                                                                        (1 = 0.6%) {22.8%}
973   -O                                                                        (1 = 0.6%) {23.4%}
974   ... 
976   -O                                                                        (1 = 0.6%) {24.0%}
977   ... 
1023  -O                                                                        (1 = 0.6%) {24.6%}
1024  ... 
1069  -O                                                                        (1 = 0.6%) {25.1%}
1070  -O                                                                        (1 = 0.6%) {25.7%}
1071  ... 
1075  -O                                                                        (1 = 0.6%) {26.3%}
1076  -O                                                                        (1 = 0.6%) {26.9%}
1077  ... 
1124  -O                                                                        (1 = 0.6%) {27.5%}
1125  ... 
1302  -O                                                                        (1 = 0.6%) {28.1%}
1303  ... 
1347  -O                                                                        (1 = 0.6%) {28.7%}
1348  ... 
1351  -O                                                                        (1 = 0.6%) {29.3%}
1352  ... 
1354  -O                                                                        (1 = 0.6%) {29.9%}
1355  ... 
1368  -O                                                                        (1 = 0.6%) {30.5%}
1369  ... 
1417  -O                                                                        (1 = 0.6%) {31.1%}
1418  ... 
1441  -O                                                                        (1 = 0.6%) {31.7%}
1442  ... 
1467  -O                                                                        (1 = 0.6%) {32.3%}
1468  ... 
1502  -O                                                                        (1 = 0.6%) {32.9%}
1503  ... 
1692  -O                                                                        (1 = 0.6%) {33.5%}
1693  -O                                                                        (1 = 0.6%) {34.1%}
1694  ... 
1827  -O                                                                        (1 = 0.6%) {34.7%}
1828  ... 
2013  -O                                                                        (1 = 0.6%) {35.3%}
2014  ... 
2077  -O                                                                        (1 = 0.6%) {35.9%}
2078  ... 
2094  -O                                                                        (1 = 0.6%) {36.5%}
2095  O                                                                         (0 = 0.0%) {37.1%}
2096  -O                                                                        (1 = 0.6%) {37.1%}
2097  ... 
2100  -O                                                                        (1 = 0.6%) {37.7%}
2101  ... 
2112  -O                                                                        (1 = 0.6%) {38.3%}
2113  ... 
2121  -O                                                                        (1 = 0.6%) {38.9%}
2122  ... 
2157  -O                                                                        (1 = 0.6%) {39.5%}
2158  ... 
2188  -O                                                                        (1 = 0.6%) {40.1%}
2189  O                                                                         (0 = 0.0%) {40.7%}
2190  -O                                                                        (1 = 0.6%) {40.7%}
2191  -O                                                                        (1 = 0.6%) {41.3%}
2192  ... 
2195  -O                                                                        (1 = 0.6%) {41.9%}
2196  ... 
2203  -O                                                                        (1 = 0.6%) {42.5%}
2204  -O                                                                        (1 = 0.6%) {43.1%}
2205  ... 
2217  -O                                                                        (1 = 0.6%) {43.7%}
2218  ... 
2226  -O                                                                        (1 = 0.6%) {44.3%}
2227  O                                                                         (0 = 0.0%) {44.9%}
2228  -O                                                                        (1 = 0.6%) {44.9%}
2229  -O                                                                        (1 = 0.6%) {45.5%}
2230  ... 
2236  -O                                                                        (1 = 0.6%) {46.1%}
2237  ... 
2298  -O                                                                        (1 = 0.6%) {46.7%}
2299  ... 
2314  -O                                                                        (1 = 0.6%) {47.3%}
2315  ... 
2319  -O                                                                        (1 = 0.6%) {47.9%}
2320  ... 
2322  -O                                                                        (1 = 0.6%) {48.5%}
2323  ... 
2347  -O                                                                        (1 = 0.6%) {49.1%}
2348  ... 
2355  -O                                                                        (1 = 0.6%) {49.7%}
2356  ... 
2361  -O                                                                        (1 = 0.6%) {50.3%}
2362  ... 
2387  -O                                                                        (1 = 0.6%) {50.9%}
2388  -O                                                                        (1 = 0.6%) {51.5%}
2389  ... 
2399  -O                                                                        (1 = 0.6%) {52.1%}
2400  ... 
2413  -O                                                                        (1 = 0.6%) {52.7%}
2414  ... 
2429  -O                                                                        (1 = 0.6%) {53.3%}
2430  O                                                                         (0 = 0.0%) {53.9%}
2431  -O                                                                        (1 = 0.6%) {53.9%}
2432  ... 
2487  -O                                                                        (1 = 0.6%) {54.5%}
2488  ... 
2518  -O                                                                        (1 = 0.6%) {55.1%}
2519  ... 
2598  -O                                                                        (1 = 0.6%) {55.7%}
2599  ... 
2618  -O                                                                        (1 = 0.6%) {56.3%}
2619  ... 
2654  -O                                                                        (1 = 0.6%) {56.9%}
2655  -O                                                                        (1 = 0.6%) {57.5%}
2656  -O                                                                        (1 = 0.6%) {58.1%}
2657  -O                                                                        (1 = 0.6%) {58.7%}
2658  -O                                                                        (1 = 0.6%) {59.3%}
2659  -O                                                                        (1 = 0.6%) {59.9%}
2660  -O                                                                        (1 = 0.6%) {60.5%}
2661  -O                                                                        (1 = 0.6%) {61.1%}
2662  -O                                                                        (1 = 0.6%) {61.7%}
2663  -O                                                                        (1 = 0.6%) {62.3%}
2664  ... 
2699  -O                                                                        (1 = 0.6%) {62.9%}
2700  -O                                                                        (1 = 0.6%) {63.5%}
2701  -O                                                                        (1 = 0.6%) {64.1%}
2702  -O                                                                        (1 = 0.6%) {64.7%}
2703  -O                                                                        (1 = 0.6%) {65.3%}
2704  -O                                                                        (1 = 0.6%) {65.9%}
2705  -O                                                                        (1 = 0.6%) {66.5%}
2706  -O                                                                        (1 = 0.6%) {67.1%}
2707  -O                                                                        (1 = 0.6%) {67.7%}
2708  ... 
2710  -O                                                                        (1 = 0.6%) {68.3%}
2711  -O                                                                        (1 = 0.6%) {68.9%}
2712  ... 
2716  -O                                                                        (1 = 0.6%) {69.5%}
2717  ... 
2723  -O                                                                        (1 = 0.6%) {70.1%}
2724  ... 
2738  -O                                                                        (1 = 0.6%) {70.7%}
2739  ... 
2769  -O                                                                        (1 = 0.6%) {71.3%}
2770  ... 
2841  -O                                                                        (1 = 0.6%) {71.9%}
2842  ... 
2903  -O                                                                        (1 = 0.6%) {72.5%}
2904  -O                                                                        (1 = 0.6%) {73.1%}
2905  ... 
2916  -O                                                                        (1 = 0.6%) {73.7%}
2917  ... 
2927  -O                                                                        (1 = 0.6%) {74.3%}
2928  ... 
2935  -O                                                                        (1 = 0.6%) {74.9%}
2936  ... 
3004  -O                                                                        (1 = 0.6%) {75.4%}
3005  ... 
3019  -O                                                                        (1 = 0.6%) {76.0%}
3020  -O                                                                        (1 = 0.6%) {76.6%}
3021  ... 
3028  -O                                                                        (1 = 0.6%) {77.2%}
3029  ... 
3066  -O                                                                        (1 = 0.6%) {77.8%}
3067  ... 
3157  -O                                                                        (1 = 0.6%) {78.4%}
3158  ... 
3198  -O                                                                        (1 = 0.6%) {79.0%}
3199  ... 
3254  -O                                                                        (1 = 0.6%) {79.6%}
3255  ... 
3258  -O                                                                        (1 = 0.6%) {80.2%}
3259  ... 
3275  -O                                                                        (1 = 0.6%) {80.8%}
3276  ... 
3279  -O                                                                        (1 = 0.6%) {81.4%}
3280  ... 
3307  -O                                                                        (1 = 0.6%) {82.0%}
3308  -O                                                                        (1 = 0.6%) {82.6%}
3309  ... 
3349  -O                                                                        (1 = 0.6%) {83.2%}
3350  ... 
3359  -O                                                                        (1 = 0.6%) {83.8%}
3360  ... 
3444  -O                                                                        (1 = 0.6%) {84.4%}
3445  ... 
3580  -O                                                                        (1 = 0.6%) {85.0%}
3581  -O                                                                        (1 = 0.6%) {85.6%}
3582  ... 
3789  -O                                                                        (1 = 0.6%) {86.2%}
3790  -O                                                                        (1 = 0.6%) {86.8%}
3791  ... 
3803  -O                                                                        (1 = 0.6%) {87.4%}
3804  ... 
3870  -O                                                                        (1 = 0.6%) {88.0%}
3871  ... 
3973  -O                                                                        (1 = 0.6%) {88.6%}
3974  ... 
4007  -O                                                                        (1 = 0.6%) {89.2%}
4008  ... 
4113  -O                                                                        (1 = 0.6%) {89.8%}
4114  ... 
4161  -O                                                                        (1 = 0.6%) {90.4%}
4162  ... 
4177  -O                                                                        (1 = 0.6%) {91.0%}
4178  ... 
4194  -O                                                                        (1 = 0.6%) {91.6%}
4195  O                                                                         (0 = 0.0%) {92.2%}
4196  -O                                                                        (1 = 0.6%) {92.2%}
4197  ... 
4240  -O                                                                        (1 = 0.6%) {92.8%}
4241  O                                                                         (0 = 0.0%) {93.4%}
4242  -O                                                                        (1 = 0.6%) {93.4%}
4243  ... 
4307  -O                                                                        (1 = 0.6%) {94.0%}
4308  ... 
4317  -O                                                                        (1 = 0.6%) {94.6%}
4318  ... 
4372  -O                                                                        (1 = 0.6%) {95.2%}
4373  ... 
4379  -O                                                                        (1 = 0.6%) {95.8%}
4380  ... 
4419  -O                                                                        (1 = 0.6%) {96.4%}
4420  ... 
4561  -O                                                                        (1 = 0.6%) {97.0%}
4562  ... 
4673  -O                                                                        (1 = 0.6%) {97.6%}
4674  ... 
4743  -O                                                                        (1 = 0.6%) {98.2%}
4744  ... 
4877  -O                                                                        (1 = 0.6%) {98.8%}
4878  ... 
4994  -O                                                                        (1 = 0.6%) {99.4%}
4995  ... 

Histogram: Blink.UseCounter.PermissionsPolicy.Allow2 recorded 0 samples (flags = 0x41)
0 ... 

Histogram: Blink.UseCounter.PermissionsPolicy.Header2 recorded 0 samples (flags = 0x41)
0 ... 

Histogram: Blink.UseCounter.PermissionsPolicy.Violation.Enforce recorded 0 samples (flags = 0x41)
0 ... 

Histogram: Blink.UseCounter.WebDXFeatures recorded 15 samples, mean = 37.7 (flags = 0x41)
0   ... 
5   -O                                                                        (1 = 6.7%) {0.0%}
6   ... 
8   -O                                                                        (1 = 6.7%) {6.7%}
9   -O                                                                        (1 = 6.7%) {13.3%}
10  O                                                                         (0 = 0.0%) {20.0%}
11  -O                                                                        (1 = 6.7%) {20.0%}
12  ... 
27  -O                                                                        (1 = 6.7%) {26.7%}
28  -O                                                                        (1 = 6.7%) {33.3%}
29  -O                                                                        (1 = 6.7%) {40.0%}
30  ... 
38  -O                                                                        (1 = 6.7%) {46.7%}
39  -O                                                                        (1 = 6.7%) {53.3%}
40  ... 
45  -O                                                                        (1 = 6.7%) {60.0%}
46  -O                                                                        (1 = 6.7%) {66.7%}
47  ... 
58  -O                                                                        (1 = 6.7%) {73.3%}
59  ... 
68  -O                                                                        (1 = 6.7%) {80.0%}
69  ... 
71  -O                                                                        (1 = 6.7%) {86.7%}
72  ... 
83  -O                                                                        (1 = 6.7%) {93.3%}
84  ... 

Histogram: Blink.UserDrivenDocumentUpdate.UpdateTime.PreFCP recorded 1 samples, mean = 15.0 (flags = 0x41)
0   ... 
15  -O                                                                        (1 = 100.0%) {0.0%}
21  ... 

Histogram: Bookmarks.BookmarkBar.Shown recorded 1 samples, mean = 0.0 (flags = 0x41)
0  -O                                                                        (1 = 100.0%)
1  ... 

Histogram: Bookmarks.Count.OnProfileLoad3 recorded 1 samples, mean = 0.0 (flags = 0x41)
0  -O                                                                        (1 = 100.0%)
1  ... 

Histogram: Bookmarks.Storage.TimeToLoadAtStartup2 recorded 1 samples, mean = 3303.0 (flags = 0x41)
0     ... 
2990  -O                                                                        (1 = 100.0%) {0.0%}
3553  ... 

Histogram: Bookmarks.Times.OnProfileLoad.TimeSinceAdded3 recorded 1 samples, mean = 0.0 (flags = 0x41)
0  -O                                                                        (1 = 100.0%)
1  ... 

Histogram: Bookmarks.Utilization.OnProfileLoad.PercentageUsed recorded 1 samples, mean = 0.0 (flags = 0x41)
0  -O                                                                        (1 = 100.0%)
1  ... 

Histogram: Bookmarks.Utilization.OnProfileLoad.TotalUnused recorded 1 samples, mean = 0.0 (flags = 0x41)
0  -O                                                                        (1 = 100.0%)
1  ... 

Histogram: Bookmarks.Utilization.OnProfileLoad.TotalUsed recorded 1 samples, mean = 0.0 (flags = 0x41)
0  -O                                                                        (1 = 100.0%)
1  ... 

Histogram: BrotliFilter.CompressionPercent recorded 37 samples, mean = 40.0 (flags = 0x41)
0    ... 
10   -O                                                                        (1 = 2.7%) {0.0%}
11   -O                                                                        (1 = 2.7%) {2.7%}
12   -O                                                                        (1 = 2.7%) {5.4%}
13   -O                                                                        (1 = 2.7%) {8.1%}
14   -O                                                                        (1 = 2.7%) {10.8%}
15   -O                                                                        (1 = 2.7%) {13.5%}
16   -O                                                                        (1 = 2.7%) {16.2%}
17   -O                                                                        (1 = 2.7%) {18.9%}
18   -O                                                                        (1 = 2.7%) {21.6%}
19   ... 
22   -O                                                                        (1 = 2.7%) {24.3%}
23   -O                                                                        (1 = 2.7%) {27.0%}
24   --O                                                                       (2 = 5.4%) {29.7%}
25   -O                                                                        (1 = 2.7%) {35.1%}
26   O                                                                         (0 = 0.0%) {37.8%}
27   -O                                                                        (1 = 2.7%) {37.8%}
28   -O                                                                        (1 = 2.7%) {40.5%}
29   --O                                                                       (2 = 5.4%) {43.2%}
30   --O                                                                       (2 = 5.4%) {48.6%}
31   ... 
33   --O                                                                       (2 = 5.4%) {54.1%}
34   -O                                                                        (1 = 2.7%) {59.5%}
35   ... 
38   -O                                                                        (1 = 2.7%) {62.2%}
39   -O                                                                        (1 = 2.7%) {64.9%}
40   ... 
43   -O                                                                        (1 = 2.7%) {67.6%}
44   ---O                                                                      (3 = 8.1%) {70.3%}
45   ... 
47   -O                                                                        (1 = 2.7%) {78.4%}
48   O                                                                         (0 = 0.0%) {81.1%}
49   -O                                                                        (1 = 2.7%) {81.1%}
50   O                                                                         (0 = 0.0%) {83.8%}
51   -O                                                                        (1 = 2.7%) {83.8%}
52   ... 
84   --O                                                                       (2 = 5.4%) {86.5%}
85   ... 
101  ---O                                                                      (3 = 8.1%) {91.9%}

Histogram: BrotliFilter.Status recorded 37 samples, mean = 1.0 (flags = 0x41)
0  O                                                                         (0 = 0.0%)
1  -------------------------------------O                                    (37 = 100.0%) {0.0%}
2  ... 

Histogram: BrotliFilter.UsedMemoryKB recorded 37 samples, mean = 200.4 (flags = 0x41)
0    ... 
16   ---O                                                                      (3 = 8.1%) {0.0%}
20   O                                                                         (0 = 0.0%) {8.1%}
25   ----O                                                                     (4 = 10.8%) {8.1%}
31   -------O                                                                  (7 = 18.9%) {18.9%}
39   O                                                                         (0 = 0.0%) {37.8%}
49   --O                                                                       (2 = 5.4%) {37.8%}
61   --O                                                                       (2 = 5.4%) {43.2%}
76   ----O                                                                     (4 = 10.8%) {48.6%}
95   O                                                                         (0 = 0.0%) {59.5%}
119  ---O                                                                      (3 = 8.1%) {59.5%}
149  O                                                                         (0 = 0.0%) {67.6%}
187  -O                                                                        (1 = 2.7%) {67.6%}
234  ... 
367  -------O                                                                  (7 = 18.9%) {70.3%}
460  O                                                                         (0 = 0.0%) {89.2%}
576  -O                                                                        (1 = 2.7%) {89.2%}
722  ---O                                                                      (3 = 8.1%) {91.9%}
905  ... 

Histogram: Browser.ERP.RequestPayloadSizePerHour recorded 2 samples, mean = 0.0 (flags = 0x41)
0  --O                                                                       (2 = 100.0%)
1  ... 

Histogram: Browser.ERP.ResponsePayloadSizePerHour recorded 2 samples, mean = 0.0 (flags = 0x41)
0  --O                                                                       (2 = 100.0%)
1  ... 

Histogram: Browser.MainThreadsCongestion.RunningOnly recorded 248 samples, mean = 0.0 (flags = 0x41)
0  ------------------------------------------------------------------------O (247 = 99.6%)
1  ... 
3  O                                                                         (1 = 0.4%) {99.6%}
4  ... 

Histogram: Browser.MainThreadsCongestion.RunningOnly.Initial recorded 1 samples, mean = 0.0 (flags = 0x41)
0  -O                                                                        (1 = 100.0%)
1  ... 

Histogram: Browser.Responsiveness.IOJanksTotalPerMinute recorded 122 samples, mean = 0.0 (flags = 0x41)
0  ------------------------------------------------------------------------O (121 = 99.2%)
1  -O                                                                        (1 = 0.8%) {99.2%}
2  ... 

Histogram: Browser.Responsiveness.IOJankyIntervalsPerMinute recorded 122 samples, mean = 0.0 (flags = 0x41)
0  ------------------------------------------------------------------------O (121 = 99.2%)
1  -O                                                                        (1 = 0.8%) {99.2%}
2  ... 

Histogram: BrowserRenderProcessHost.Cleanup.DelayReason recorded 12 samples, mean = 6.8 (flags = 0x41)
0  ---O                                                                      (3 = 25.0%)
1  ... 
9  ---------O                                                                (9 = 75.0%) {25.0%}
10 ... 

Histogram: BrowserRenderProcessHost.Cleanup.Total recorded 12 samples, mean = 1.0 (flags = 0x41)
0  O                                                                         (0 = 0.0%)
1  ------------O                                                             (12 = 100.0%) {0.0%}
2  O                                                                         (0 = 0.0%) {100.0%}

Histogram: BrowserRenderProcessHost.ExistingRendererIsInitializedAndNotDead recorded 1 samples, mean = 1.0 (flags = 0x41)
0  O                                                                         (0 = 0.0%)
1  -O                                                                        (1 = 100.0%) {0.0%}
2  O                                                                         (0 = 0.0%) {100.0%}

Histogram: BrowserRenderProcessHost.FastShutdownIfPossible.DelayReason recorded 1 samples, mean = 4.0 (flags = 0x41)
0  ... 
4  -O                                                                        (1 = 100.0%) {0.0%}
5  ... 

Histogram: BrowserRenderProcessHost.FastShutdownIfPossible.Total recorded 1 samples, mean = 1.0 (flags = 0x41)
0  O                                                                         (0 = 0.0%)
1  -O                                                                        (1 = 100.0%) {0.0%}
2  O                                                                         (0 = 0.0%) {100.0%}

Histogram: BrowserRenderProcessHost.SpareProcessEvictedOtherSpare recorded 2 samples, mean = 0.0 (flags = 0x41)
0  --O                                                                       (2 = 100.0%)
1  ... 

Histogram: BrowserRenderProcessHost.SpareProcessMaybeTakeAction recorded 2 samples, mean = 2.0 (flags = 0x41)
0  -O                                                                        (1 = 50.0%)
1  ... 
4  -O                                                                        (1 = 50.0%) {50.0%}
5  ... 

Histogram: BrowserRenderProcessHost.SpareProcessStartupTime recorded 2 samples, mean = 1776.5 (flags = 0x41)
0     ... 
318   -O                                                                        (1 = 50.0%) {0.0%}
378   ... 
2990  -O                                                                        (1 = 50.0%) {50.0%}
3553  ... 

Histogram: BrowserSwitcher.ExternalGreylistSize recorded 1 samples, mean = 0.0 (flags = 0x41)
0  -O                                                                        (1 = 100.0%)
1  ... 

Histogram: BrowserSwitcher.ExternalSitelistSize recorded 1 samples, mean = 0.0 (flags = 0x41)
0  -O                                                                        (1 = 100.0%)
1  ... 

Histogram: BrowserSwitcher.IeemSitelistSize recorded 1 samples, mean = 0.0 (flags = 0x41)
0  -O                                                                        (1 = 100.0%)
1  ... 

Histogram: BrowsingTopics.BrowsingTopicsState.LoadFinishStatus recorded 1 samples, mean = 1.0 (flags = 0x41)
0  O                                                                         (0 = 0.0%)
1  -O                                                                        (1 = 100.0%) {0.0%}
2  O                                                                         (0 = 0.0%) {100.0%}

Histogram: BrowsingTopics.SiteDataStorage.FileSize.KB recorded 1 samples, mean = 28.0 (flags = 0x41)
0   ... 
28  -O                                                                        (1 = 100.0%) {0.0%}
37  ... 

Histogram: BrowsingTopics.SiteDataStorage.InitStatus recorded 1 samples, mean = 1.0 (flags = 0x41)
0  O                                                                         (0 = 0.0%)
1  -O                                                                        (1 = 100.0%) {0.0%}
2  O                                                                         (0 = 0.0%) {100.0%}

Histogram: CPU.Experimental.CpuEstimationTaskMigrated recorded 26 samples, mean = 0.0 (flags = 0x41)
0  -------------------------O                                                (25 = 96.2%)
1  -O                                                                        (1 = 3.8%) {96.2%}
2  O                                                                         (0 = 0.0%) {100.0%}

Histogram: CPU.Experimental.CpuEstimationTaskQueuedTime.Performance recorded 26 samples, mean = 18.2 (flags = 0x41)
0   ... 
3   -O                                                                        (1 = 3.8%) {0.0%}
4   -O                                                                        (1 = 3.8%) {3.8%}
5   -O                                                                        (1 = 3.8%) {7.7%}
7   -O                                                                        (1 = 3.8%) {11.5%}
9   --O                                                                       (2 = 7.7%) {15.4%}
12  -------------O                                                            (13 = 50.0%) {23.1%}
16  ---O                                                                      (3 = 11.5%) {73.1%}
21  --O                                                                       (2 = 7.7%) {84.6%}
28  ... 
65  -O                                                                        (1 = 3.8%) {92.3%}
86  -O                                                                        (1 = 3.8%) {96.2%}
113 ... 

Histogram: CPU.Experimental.CpuEstimationTaskThreadTime.Performance recorded 26 samples, mean = 145.6 (flags = 0x41)
0    ... 
113  ----------------------O                                                   (22 = 84.6%) {0.0%}
149  --O                                                                       (2 = 7.7%) {84.6%}
196  -O                                                                        (1 = 3.8%) {92.3%}
258  O                                                                         (0 = 0.0%) {96.2%}
340  -O                                                                        (1 = 3.8%) {96.2%}
448  ... 

Histogram: CPU.Experimental.CpuEstimationTaskTotalTime.Performance recorded 26 samples, mean = 169.5 (flags = 0x41)
0    ... 
113  ------------------O                                                       (18 = 69.2%) {0.0%}
149  ---O                                                                      (3 = 11.5%) {69.2%}
196  ---O                                                                      (3 = 11.5%) {80.8%}
258  -O                                                                        (1 = 3.8%) {92.3%}
340  O                                                                         (0 = 0.0%) {96.2%}
448  -O                                                                        (1 = 3.8%) {96.2%}
590  ... 

Histogram: CPU.Experimental.CpuEstimationTaskWallTime.Performance recorded 26 samples, mean = 151.3 (flags = 0x41)
0    ... 
113  ---------------------O                                                    (21 = 80.8%) {0.0%}
149  --O                                                                       (2 = 7.7%) {80.8%}
196  --O                                                                       (2 = 7.7%) {88.5%}
258  ... 
448  -O                                                                        (1 = 3.8%) {96.2%}
590  ... 

Histogram: CPU.Experimental.CpuEstimationThreadTimePercent.Performance recorded 26 samples, mean = 96.5 (flags = 0x41)
0   ... 
64  -O                                                                        (1 = 3.8%) {0.0%}
65  ... 
95  -O                                                                        (1 = 3.8%) {3.8%}
96  -O                                                                        (1 = 3.8%) {7.7%}
97  ----O                                                                     (4 = 15.4%) {11.5%}
98  ---------------O                                                          (15 = 57.7%) {26.9%}
99  ----O                                                                     (4 = 15.4%) {84.6%}
100 ... 

Histogram: CPU.Experimental.EstimatedFrequencyAsPercentOfLimit.Performance recorded 25 samples, mean = 165.0 (flags = 0x41)
0    ... 
50   -O                                                                        (1 = 4.0%) {0.0%}
51   ... 
101  ------------------------O                                                 (24 = 96.0%) {4.0%}

Histogram: CPU.Experimental.EstimatedFrequencyAsPercentOfMax.Performance recorded 25 samples, mean = 165.0 (flags = 0x41)
0    ... 
50   -O                                                                        (1 = 4.0%) {0.0%}
51   ... 
101  ------------------------O                                                 (24 = 96.0%) {4.0%}

Histogram: CertificateType2.BR.Intermediate.ECDSA recorded 22 samples, mean = 256.0 (flags = 0x41)
0    ... 
256  ----------------------O                                                   (22 = 100.0%) {0.0%}
257  ... 

Histogram: CertificateType2.BR.Intermediate.RSA recorded 4 samples, mean = 2048.0 (flags = 0x41)
0     ... 
2048  ----O                                                                     (4 = 100.0%) {0.0%}
2049  ... 

Histogram: CertificateType2.BR.Leaf.ECDSA recorded 24 samples, mean = 256.0 (flags = 0x41)
0    ... 
256  ------------------------O                                                 (24 = 100.0%) {0.0%}
257  ... 

Histogram: CertificateType2.BR.Leaf.RSA recorded 2 samples, mean = 2048.0 (flags = 0x41)
0     ... 
2048  --O                                                                       (2 = 100.0%) {0.0%}
2049  ... 

Histogram: CertificateType2.BR.Root.ECDSA recorded 22 samples, mean = 384.0 (flags = 0x41)
0    ... 
384  ----------------------O                                                   (22 = 100.0%) {0.0%}
385  ... 

Histogram: CertificateType2.BR.Root.RSA recorded 4 samples, mean = 3072.0 (flags = 0x41)
0     ... 
2048  --O                                                                       (2 = 50.0%) {0.0%}
2049  ... 
4096  --O                                                                       (2 = 50.0%) {50.0%}
4097  ... 

Histogram: ChildProcess.Launched.UtilityProcessHash recorded 3 samples (flags = 0x41)
-2043041185 -O                                                                        (1 = 33.3%)
-1468742076 -O                                                                        (1 = 33.3%)
1411170475  -O                                                                        (1 = 33.3%)

Histogram: ChildProcess.ProcessLifetime.Utility recorded 3 samples, mean = 5917808.5 (flags = 0x41)
0        ... 
294      -O                                                                        (1 = 33.3%) {0.0%}
398      ... 
3600000  --O                                                                       (2 = 66.7%) {33.3%}

Histogram: Chrome.ProcessSingleton.NotifyResult recorded 1 samples, mean = 0.0 (flags = 0x41)
0  -O                                                                        (1 = 100.0%)
1  ... 

Histogram: Chrome.ProcessSingleton.TimeToCreate recorded 1 samples, mean = 3.0 (flags = 0x41)
0  -O                                                                        (1 = 100.0%)
10 ... 

Histogram: Chrome.SystemNetworkContextManager.NetworkSandboxState recorded 4 samples, mean = 0.0 (flags = 0x41)
0  ----O                                                                     (4 = 100.0%)
1  ... 

Histogram: ChromeElf.Beacon.RetryAttemptsBeforeSuccess recorded 1 samples, mean = 0.0 (flags = 0x41)
0  -O                                                                        (1 = 100.0%)
1  ... 

Histogram: ChromeElf.Beacon.SetupStatus recorded 1 samples, mean = 1.0 (flags = 0x41)
0  O                                                                         (0 = 0.0%)
1  -O                                                                        (1 = 100.0%) {0.0%}
2  ... 

Histogram: ChromeElf.ExtensionPoint.EnableState recorded 1 samples, mean = 1.0 (flags = 0x41)
0  O                                                                         (0 = 0.0%)
1  -O                                                                        (1 = 100.0%) {0.0%}
2  O                                                                         (0 = 0.0%) {100.0%}

Histogram: ClientHints.CriticalCHRestart recorded 1 samples, mean = 0.0 (flags = 0x41)
0  -O                                                                        (1 = 100.0%)
1  ... 

Histogram: ClientHints.FetchLatency_PrefRead recorded 4 samples, mean = 11.0 (flags = 0x41)
0   ... 
3   --O                                                                       (2 = 50.0%) {0.0%}
4   ... 
11  -O                                                                        (1 = 25.0%) {50.0%}
15  O                                                                         (0 = 0.0%) {75.0%}
21  -O                                                                        (1 = 25.0%) {75.0%}
29  ... 

Histogram: ClientHints.FetchLatency_PrerenderHost recorded 4 samples, mean = 1.0 (flags = 0x41)
0  ---O                                                                      (3 = 75.0%)
1  ... 
4  -O                                                                        (1 = 25.0%) {75.0%}
6  ... 

Histogram: ClientHints.FetchLatency_Total recorded 4 samples, mean = 12.0 (flags = 0x41)
0   ... 
3   --O                                                                       (2 = 50.0%) {0.0%}
4   ... 
11  -O                                                                        (1 = 25.0%) {50.0%}
15  ... 
29  -O                                                                        (1 = 25.0%) {75.0%}
40  ... 

Histogram: Compositing.Browser.CompositorFrame.Quads recorded 3 samples, mean = 1.0 (flags = 0x41)
0  O                                                                         (0 = 0.0%)
1  ---O                                                                      (3 = 100.0%) {0.0%}
2  ... 

Histogram: Compositing.Browser.LayerTreeImpl.CalculateDrawPropertiesUs recorded 4 samples, mean = 21.2 (flags = 0x41)
0   ... 
7   -O                                                                        (1 = 25.0%) {0.0%}
9   -O                                                                        (1 = 25.0%) {25.0%}
12  -O                                                                        (1 = 25.0%) {50.0%}
16  ... 
49  -O                                                                        (1 = 25.0%) {75.0%}
65  ... 

Histogram: Compositing.Browser.LayersUpdateTime recorded 4 samples, mean = 32.0 (flags = 0x41)
0   ... 
6   --O                                                                       (2 = 50.0%) {0.0%}
8   ... 
29  -O                                                                        (1 = 25.0%) {50.0%}
40  ... 
76  -O                                                                        (1 = 25.0%) {75.0%}
105 ... 

Histogram: Compositing.ColorGamut recorded 5 samples, mean = 0.0 (flags = 0x41)
0  -----O                                                                    (5 = 100.0%)
1  ... 

Histogram: Compositing.DidMainThreadBlockDuringCommit recorded 14 samples, mean = 0.1 (flags = 0x41)
0  -------------O                                                            (13 = 92.9%)
1  -O                                                                        (1 = 7.1%) {92.9%}
2  O                                                                         (0 = 0.0%) {100.0%}

Histogram: Compositing.DirectRenderer.OverlayProcessingUs recorded 5 samples, mean = 0.0 (flags = 0x41)
0  -----O                                                                    (5 = 100.0%)
5  ... 

Histogram: Compositing.DirectRenderer.PartialSwap.ExtraDamage recorded 5 samples, mean = 0.0 (flags = 0x41)
0  -----O                                                                    (5 = 100.0%)
1  ... 

Histogram: Compositing.DirectRenderer.PartialSwap.FrameBufferDamage recorded 5 samples, mean = 0.0 (flags = 0x41)
0  -----O                                                                    (5 = 100.0%)
1  ... 

Histogram: Compositing.DirectRenderer.PartialSwap.RootDamage recorded 5 samples, mean = 100.0 (flags = 0x41)
0    ... 
100  -----O                                                                    (5 = 100.0%) {0.0%}
101  O                                                                         (0 = 0.0%) {100.0%}

Histogram: Compositing.DirectRenderer.PartialSwap.TotalDamage recorded 5 samples, mean = 100.0 (flags = 0x41)
0    ... 
100  -----O                                                                    (5 = 100.0%) {0.0%}
101  O                                                                         (0 = 0.0%) {100.0%}

Histogram: Compositing.DirectRenderer.SkipAllNonRootRenderPassesPerFrame recorded 3 samples, mean = 0.0 (flags = 0x41)
0  ---O                                                                      (3 = 100.0%)
1  ... 

Histogram: Compositing.DirectRenderer.SkipNonRootRenderPass recorded 3 samples, mean = 0.0 (flags = 0x41)
0  ---O                                                                      (3 = 100.0%)
1  ... 

Histogram: Compositing.DirectRenderer.TotalPixelsRendered recorded 5 samples, mean = 6.4 (flags = 0x41)
0  ... 
4  --O                                                                       (2 = 40.0%) {0.0%}
6  ---O                                                                      (3 = 60.0%) {40.0%}
9  ... 

Histogram: Compositing.Display.Draw.Occlusion.Calculation.Time recorded 5 samples, mean = 7.0 (flags = 0x41)
0   O                                                                         (0 = 0.0%)
1   -O                                                                        (1 = 20.0%) {0.0%}
2   ... 
4   --O                                                                       (2 = 40.0%) {20.0%}
5   ... 
10  -O                                                                        (1 = 20.0%) {60.0%}
11  ... 
16  -O                                                                        (1 = 20.0%) {80.0%}
18  ... 

Histogram: Compositing.Display.Draw.Quads recorded 5 samples, mean = 2.2 (flags = 0x41)
0  O                                                                         (0 = 0.0%)
1  --O                                                                       (2 = 40.0%) {0.0%}
2  O                                                                         (0 = 0.0%) {40.0%}
3  ---O                                                                      (3 = 60.0%) {40.0%}
4  ... 

Histogram: Compositing.Display.DrawToSwapUs recorded 5 samples, mean = 5841.0 (flags = 0x41)
0      ... 
275    -O                                                                        (1 = 20.0%) {0.0%}
333    -O                                                                        (1 = 20.0%) {20.0%}
404    ... 
1284   -O                                                                        (1 = 20.0%) {40.0%}
1557   ... 
6001   -O                                                                        (1 = 20.0%) {60.0%}
7277   ... 
19076  -O                                                                        (1 = 20.0%) {80.0%}
23130  ... 

Histogram: Compositing.Display.FlattenedRenderPassCount recorded 5 samples, mean = 1.6 (flags = 0x41)
0  O                                                                         (0 = 0.0%)
1  --O                                                                       (2 = 40.0%) {0.0%}
2  ---O                                                                      (3 = 60.0%) {40.0%}
3  ... 

Histogram: Compositing.Display.PendingSwaps recorded 5 samples, mean = 1.0 (flags = 0x41)
0  O                                                                         (0 = 0.0%)
1  -----O                                                                    (5 = 100.0%) {0.0%}
2  ... 

Histogram: Compositing.Display.VizDependencyResolvedToGpuStartedDrawUs recorded 5 samples, mean = 35.4 (flags = 0x41)
0   ... 
15  -O                                                                        (1 = 20.0%) {0.0%}
18  ... 
27  -O                                                                        (1 = 20.0%) {20.0%}
33  -O                                                                        (1 = 20.0%) {40.0%}
40  --O                                                                       (2 = 40.0%) {60.0%}
49  ... 

Histogram: Compositing.Display.VizScheduledDrawToDependencyResolvedUs recorded 5 samples, mean = 3.2 (flags = 0x41)
0  -----O                                                                    (5 = 100.0%)
5  ... 

Histogram: Compositing.Display.VizScheduledDrawToGpuStartedDrawUs recorded 5 samples, mean = 38.6 (flags = 0x41)
0   ... 
18  -O                                                                        (1 = 20.0%) {0.0%}
22  ... 
33  --O                                                                       (2 = 40.0%) {20.0%}
40  O                                                                         (0 = 0.0%) {60.0%}
49  --O                                                                       (2 = 40.0%) {60.0%}
59  ... 

Histogram: Compositing.MainThreadBlockedDuringCommitTime recorded 1 samples, mean = 16.0 (flags = 0x41)
0   ... 
15  -O                                                                        (1 = 100.0%) {0.0%}
21  ... 

Histogram: Compositing.Renderer.CompositorFrame.Quads recorded 2 samples, mean = 2.0 (flags = 0x41)
0  ... 
2  --O                                                                       (2 = 100.0%) {0.0%}
3  ... 

Histogram: Compositing.Renderer.LayersUpdateTime recorded 6 samples, mean = 28.5 (flags = 0x41)
0   ... 
6   -O                                                                        (1 = 16.7%) {0.0%}
8   -O                                                                        (1 = 16.7%) {16.7%}
11  O                                                                         (0 = 0.0%) {33.3%}
15  -O                                                                        (1 = 16.7%) {33.3%}
21  -O                                                                        (1 = 16.7%) {50.0%}
29  -O                                                                        (1 = 16.7%) {66.7%}
40  ... 
76  -O                                                                        (1 = 16.7%) {83.3%}
105 ... 

Histogram: Compositing.Renderer.NumRenderSurfaces recorded 10 samples, mean = 1.0 (flags = 0x41)
0  O                                                                         (0 = 0.0%)
1  ----------O                                                               (10 = 100.0%) {0.0%}
2  ... 

Histogram: Compositing.SurfaceAggregator.AggregateUs recorded 5 samples, mean = 6990.4 (flags = 0x41)
0      ... 
21     -O                                                                        (1 = 20.0%) {0.0%}
28     O                                                                         (0 = 0.0%) {20.0%}
37     -O                                                                        (1 = 20.0%) {20.0%}
49     ... 
196    -O                                                                        (1 = 20.0%) {40.0%}
258    ... 
448    -O                                                                        (1 = 20.0%) {60.0%}
590    ... 
27864  -O                                                                        (1 = 20.0%) {80.0%}
36699  ... 

Histogram: Compositing.SurfaceAggregator.CopiedSurfaceCount recorded 5 samples, mean = 1.6 (flags = 0x41)
0  O                                                                         (0 = 0.0%)
1  --O                                                                       (2 = 40.0%) {0.0%}
2  ---O                                                                      (3 = 60.0%) {40.0%}
3  ... 

Histogram: Compositing.SurfaceAggregator.CopyUs recorded 5 samples, mean = 18.0 (flags = 0x41)
0   -O                                                                        (1 = 20.0%)
5   ... 
11  -O                                                                        (1 = 20.0%) {20.0%}
13  ... 
18  -O                                                                        (1 = 20.0%) {40.0%}
21  -O                                                                        (1 = 20.0%) {60.0%}
25  O                                                                         (0 = 0.0%) {80.0%}
29  -O                                                                        (1 = 20.0%) {80.0%}
34  ... 

Histogram: Compositing.SurfaceAggregator.HasCopyRequestsPerFrame recorded 5 samples, mean = 0.4 (flags = 0x41)
0  ---O                                                                      (3 = 60.0%)
1  --O                                                                       (2 = 40.0%) {60.0%}
2  O                                                                         (0 = 0.0%) {100.0%}

Histogram: Compositing.SurfaceAggregator.HasPixelMovingBackdropFiltersPerFrame recorded 5 samples, mean = 0.0 (flags = 0x41)
0  -----O                                                                    (5 = 100.0%)
1  ... 

Histogram: Compositing.SurfaceAggregator.HasPixelMovingFiltersPerFrame recorded 5 samples, mean = 0.0 (flags = 0x41)
0  -----O                                                                    (5 = 100.0%)
1  ... 

Histogram: Compositing.SurfaceAggregator.HasUnembeddedRenderPassesPerFrame recorded 5 samples, mean = 0.0 (flags = 0x41)
0  -----O                                                                    (5 = 100.0%)
1  ... 

Histogram: Compositing.SurfaceAggregator.PrewalkUs recorded 5 samples, mean = 6944.8 (flags = 0x41)
0      ... 
11     -O                                                                        (1 = 20.0%) {0.0%}
13     ... 
18     -O                                                                        (1 = 20.0%) {20.0%}
21     ... 
103    -O                                                                        (1 = 20.0%) {40.0%}
121    ... 
426    -O                                                                        (1 = 20.0%) {60.0%}
499    ... 
10000  -O                                                                        (1 = 20.0%) {80.0%}

Histogram: Compositing.SurfaceAggregator.PrewalkedSurfaceCount recorded 5 samples, mean = 1.6 (flags = 0x41)
0  O                                                                         (0 = 0.0%)
1  --O                                                                       (2 = 40.0%) {0.0%}
2  ---O                                                                      (3 = 60.0%) {40.0%}
3  ... 

Histogram: Compositing.SurfaceManager.MarkForDestructionToDestroy recorded 1 samples, mean = 326.0 (flags = 0x41)
0    ... 
318  -O                                                                        (1 = 100.0%) {0.0%}
378  ... 

Histogram: Content.Classification.OpenGraph recorded 1 samples, mean = 4.0 (flags = 0x41)
0  ... 
4  -O                                                                        (1 = 100.0%) {0.0%}
5  ... 

Histogram: ContentSettings.AllowStorageAccessSync recorded 4 samples, mean = 0.0 (flags = 0x41)
0  ----O                                                                     (4 = 100.0%)
1  ... 

Histogram: ContentSettings.GetContentSetting.Network.Duration recorded 457 samples, mean = 0.6 (flags = 0x41)
0   ------------------------------------------------------------------------O (326 = 71.3%)
1   --------------------O                                                     (91 = 19.9%) {71.3%}
2   ----O                                                                     (19 = 4.2%) {91.2%}
3   ---O                                                                      (15 = 3.3%) {95.4%}
4   -O                                                                        (4 = 0.9%) {98.7%}
5   O                                                                         (1 = 0.2%) {99.6%}
7   ... 
65  O                                                                         (1 = 0.2%) {99.8%}
86  ... 

Histogram: ContentSettings.GetCookieSettingInternal.Duration recorded 139 samples, mean = 5.0 (flags = 0x41)
0    -O                                                                        (1 = 0.7%)
1    ------------------------------------------------------------O             (60 = 43.2%) {0.7%}
2    -------------------------------O                                          (31 = 22.3%) {43.9%}
3    -----O                                                                    (5 = 3.6%) {66.2%}
4    --O                                                                       (2 = 1.4%) {69.8%}
5    ------O                                                                   (6 = 4.3%) {71.2%}
7    ------------O                                                             (12 = 8.6%) {75.5%}
9    ----------O                                                               (10 = 7.2%) {84.2%}
12   ---O                                                                      (3 = 2.2%) {91.4%}
16   -----O                                                                    (5 = 3.6%) {93.5%}
21   -O                                                                        (1 = 0.7%) {97.1%}
28   --O                                                                       (2 = 1.4%) {97.8%}
37   ... 
113  -O                                                                        (1 = 0.7%) {99.3%}
149  ... 

Histogram: ContentSettings.NumberOfExceptions recorded 1 samples, mean = 3.0 (flags = 0x41)
0  ... 
3  -O                                                                        (1 = 100.0%) {0.0%}
4  ... 

Histogram: ContentSettings.Popups.StrongBlockerActions recorded 1 samples, mean = 0.0 (flags = 0x41)
0  -O                                                                        (1 = 100.0%)
1  ... 

Histogram: ContentSettings.RegularProfile.DefaultAutoVerifySetting recorded 1 samples, mean = 1.0 (flags = 0x41)
0  O                                                                         (0 = 0.0%)
1  -O                                                                        (1 = 100.0%) {0.0%}
2  ... 

Histogram: ContentSettings.RegularProfile.DefaultAutoplaySetting recorded 1 samples, mean = 1.0 (flags = 0x41)
0  O                                                                         (0 = 0.0%)
1  -O                                                                        (1 = 100.0%) {0.0%}
2  ... 

Histogram: ContentSettings.RegularProfile.DefaultBackgroundSyncSetting recorded 1 samples, mean = 1.0 (flags = 0x41)
0  O                                                                         (0 = 0.0%)
1  -O                                                                        (1 = 100.0%) {0.0%}
2  ... 

Histogram: ContentSettings.RegularProfile.DefaultCookiesSetting recorded 1 samples, mean = 1.0 (flags = 0x41)
0  O                                                                         (0 = 0.0%)
1  -O                                                                        (1 = 100.0%) {0.0%}
2  ... 

Histogram: ContentSettings.RegularProfile.DefaultIdleDetectionSetting recorded 1 samples, mean = 3.0 (flags = 0x41)
0  ... 
3  -O                                                                        (1 = 100.0%) {0.0%}
4  ... 

Histogram: ContentSettings.RegularProfile.DefaultImagesSetting recorded 1 samples, mean = 1.0 (flags = 0x41)
0  O                                                                         (0 = 0.0%)
1  -O                                                                        (1 = 100.0%) {0.0%}
2  ... 

Histogram: ContentSettings.RegularProfile.DefaultJavaScriptSetting recorded 1 samples, mean = 1.0 (flags = 0x41)
0  O                                                                         (0 = 0.0%)
1  -O                                                                        (1 = 100.0%) {0.0%}
2  ... 

Histogram: ContentSettings.RegularProfile.DefaultLocationSetting recorded 1 samples, mean = 3.0 (flags = 0x41)
0  ... 
3  -O                                                                        (1 = 100.0%) {0.0%}
4  ... 

Histogram: ContentSettings.RegularProfile.DefaultMIDISysExSetting recorded 1 samples, mean = 3.0 (flags = 0x41)
0  ... 
3  -O                                                                        (1 = 100.0%) {0.0%}
4  ... 

Histogram: ContentSettings.RegularProfile.DefaultMediaStreamCameraSetting recorded 1 samples, mean = 3.0 (flags = 0x41)
0  ... 
3  -O                                                                        (1 = 100.0%) {0.0%}
4  ... 

Histogram: ContentSettings.RegularProfile.DefaultMediaStreamMicSetting recorded 1 samples, mean = 3.0 (flags = 0x41)
0  ... 
3  -O                                                                        (1 = 100.0%) {0.0%}
4  ... 

Histogram: ContentSettings.RegularProfile.DefaultNotificationsSetting recorded 1 samples, mean = 3.0 (flags = 0x41)
0  ... 
3  -O                                                                        (1 = 100.0%) {0.0%}
4  ... 

Histogram: ContentSettings.RegularProfile.DefaultPopupsSetting recorded 1 samples, mean = 2.0 (flags = 0x41)
0  ... 
2  -O                                                                        (1 = 100.0%) {0.0%}
3  ... 

Histogram: ContentSettings.RegularProfile.DefaultSoundSetting recorded 1 samples, mean = 1.0 (flags = 0x41)
0  O                                                                         (0 = 0.0%)
1  -O                                                                        (1 = 100.0%) {0.0%}
2  ... 

Histogram: ContentSettings.RegularProfile.DefaultStorageAccessSetting recorded 1 samples, mean = 3.0 (flags = 0x41)
0  ... 
3  -O                                                                        (1 = 100.0%) {0.0%}
4  ... 

Histogram: ContentSettings.RegularProfile.DefaultSubresourceFilterSetting recorded 1 samples, mean = 2.0 (flags = 0x41)
0  ... 
2  -O                                                                        (1 = 100.0%) {0.0%}
3  ... 

Histogram: ContentSettings.RegularProfile.DefaultUsbGuardSetting recorded 1 samples, mean = 3.0 (flags = 0x41)
0  ... 
3  -O                                                                        (1 = 100.0%) {0.0%}
4  ... 

Histogram: ContentSettings.RegularProfile.DefaultWebBluetoothGuardSetting recorded 1 samples, mean = 3.0 (flags = 0x41)
0  ... 
3  -O                                                                        (1 = 100.0%) {0.0%}
4  ... 

Histogram: ContentSettings.RegularProfile.Exceptions.3pcd-heuristics-grants recorded 1 samples, mean = 0.0 (flags = 0x41)
0  -O                                                                        (1 = 100.0%)
1  ... 

Histogram: ContentSettings.RegularProfile.Exceptions.3pcd-support recorded 1 samples, mean = 0.0 (flags = 0x41)
0  -O                                                                        (1 = 100.0%)
1  ... 

Histogram: ContentSettings.RegularProfile.Exceptions.abusive-notification-permissions recorded 1 samples, mean = 0.0 (flags = 0x41)
0  -O                                                                        (1 = 100.0%)
1  ... 

Histogram: ContentSettings.RegularProfile.Exceptions.access-to-get-all-screens-media-in-session recorded 1 samples, mean = 0.0 (flags = 0x41)
0  -O                                                                        (1 = 100.0%)
1  ... 

Histogram: ContentSettings.RegularProfile.Exceptions.accessibility-events recorded 1 samples, mean = 0.0 (flags = 0x41)
0  -O                                                                        (1 = 100.0%)
1  ... 

Histogram: ContentSettings.RegularProfile.Exceptions.anti-abuse recorded 1 samples, mean = 0.0 (flags = 0x41)
0  -O                                                                        (1 = 100.0%)
1  ... 

Histogram: ContentSettings.RegularProfile.Exceptions.app-banner recorded 1 samples, mean = 0.0 (flags = 0x41)
0  -O                                                                        (1 = 100.0%)
1  ... 

Histogram: ContentSettings.RegularProfile.Exceptions.ar recorded 1 samples, mean = 0.0 (flags = 0x41)
0  -O                                                                        (1 = 100.0%)
1  ... 

Histogram: ContentSettings.RegularProfile.Exceptions.auto-picture-in-picture recorded 1 samples, mean = 0.0 (flags = 0x41)
0  -O                                                                        (1 = 100.0%)
1  ... 

Histogram: ContentSettings.RegularProfile.Exceptions.auto-select-certificate recorded 1 samples, mean = 0.0 (flags = 0x41)
0  -O                                                                        (1 = 100.0%)
1  ... 

Histogram: ContentSettings.RegularProfile.Exceptions.automatic-downloads recorded 1 samples, mean = 0.0 (flags = 0x41)
0  -O                                                                        (1 = 100.0%)
1  ... 

Histogram: ContentSettings.RegularProfile.Exceptions.automatic-fullscreen recorded 1 samples, mean = 0.0 (flags = 0x41)
0  -O                                                                        (1 = 100.0%)
1  ... 

Histogram: ContentSettings.RegularProfile.Exceptions.autoplay recorded 1 samples, mean = 0.0 (flags = 0x41)
0  -O                                                                        (1 = 100.0%)
1  ... 

Histogram: ContentSettings.RegularProfile.Exceptions.background-sync recorded 1 samples, mean = 0.0 (flags = 0x41)
0  -O                                                                        (1 = 100.0%)
1  ... 

Histogram: ContentSettings.RegularProfile.Exceptions.bluetooth-chooser-data recorded 1 samples, mean = 0.0 (flags = 0x41)
0  -O                                                                        (1 = 100.0%)
1  ... 

Histogram: ContentSettings.RegularProfile.Exceptions.bluetooth-guard recorded 1 samples, mean = 0.0 (flags = 0x41)
0  -O                                                                        (1 = 100.0%)
1  ... 

Histogram: ContentSettings.RegularProfile.Exceptions.bluetooth-scanning recorded 1 samples, mean = 0.0 (flags = 0x41)
0  -O                                                                        (1 = 100.0%)
1  ... 

Histogram: ContentSettings.RegularProfile.Exceptions.camera-pan-tilt-zoom recorded 1 samples, mean = 0.0 (flags = 0x41)
0  -O                                                                        (1 = 100.0%)
1  ... 

Histogram: ContentSettings.RegularProfile.Exceptions.captured-surface-control recorded 1 samples, mean = 0.0 (flags = 0x41)
0  -O                                                                        (1 = 100.0%)
1  ... 

Histogram: ContentSettings.RegularProfile.Exceptions.client-hints recorded 1 samples, mean = 0.0 (flags = 0x41)
0  -O                                                                        (1 = 100.0%)
1  ... 

Histogram: ContentSettings.RegularProfile.Exceptions.clipboard recorded 1 samples, mean = 0.0 (flags = 0x41)
0  -O                                                                        (1 = 100.0%)
1  ... 

Histogram: ContentSettings.RegularProfile.Exceptions.cookie-controls-metadata recorded 1 samples, mean = 0.0 (flags = 0x41)
0  -O                                                                        (1 = 100.0%)
1  ... 

Histogram: ContentSettings.RegularProfile.Exceptions.cookies recorded 1 samples, mean = 0.0 (flags = 0x41)
0  -O                                                                        (1 = 100.0%)
1  ... 

Histogram: ContentSettings.RegularProfile.Exceptions.cookies.Allow recorded 1 samples, mean = 0.0 (flags = 0x41)
0  -O                                                                        (1 = 100.0%)
1  ... 

Histogram: ContentSettings.RegularProfile.Exceptions.cookies.AllowThirdParty recorded 1 samples, mean = 0.0 (flags = 0x41)
0  -O                                                                        (1 = 100.0%)
1  ... 

Histogram: ContentSettings.RegularProfile.Exceptions.cookies.Block recorded 1 samples, mean = 0.0 (flags = 0x41)
0  -O                                                                        (1 = 100.0%)
1  ... 

Histogram: ContentSettings.RegularProfile.Exceptions.cookies.DomainWildcardAllowThirdParty recorded 1 samples, mean = 0.0 (flags = 0x41)
0  -O                                                                        (1 = 100.0%)
1  ... 

Histogram: ContentSettings.RegularProfile.Exceptions.cookies.SessionOnly recorded 1 samples, mean = 0.0 (flags = 0x41)
0  -O                                                                        (1 = 100.0%)
1  ... 

Histogram: ContentSettings.RegularProfile.Exceptions.cookies.TemporaryAllowThirdParty recorded 1 samples, mean = 0.0 (flags = 0x41)
0  -O                                                                        (1 = 100.0%)
1  ... 

Histogram: ContentSettings.RegularProfile.Exceptions.direct-sockets recorded 1 samples, mean = 0.0 (flags = 0x41)
0  -O                                                                        (1 = 100.0%)
1  ... 

Histogram: ContentSettings.RegularProfile.Exceptions.display-media-system-audio recorded 1 samples, mean = 0.0 (flags = 0x41)
0  -O                                                                        (1 = 100.0%)
1  ... 

Histogram: ContentSettings.RegularProfile.Exceptions.durable-storage recorded 1 samples, mean = 0.0 (flags = 0x41)
0  -O                                                                        (1 = 100.0%)
1  ... 

Histogram: ContentSettings.RegularProfile.Exceptions.fedcm-idp-registration recorded 1 samples, mean = 0.0 (flags = 0x41)
0  -O                                                                        (1 = 100.0%)
1  ... 

Histogram: ContentSettings.RegularProfile.Exceptions.fedcm-idp-signin recorded 1 samples, mean = 1.0 (flags = 0x41)
0  O                                                                         (0 = 0.0%)
1  -O                                                                        (1 = 100.0%) {0.0%}
2  ... 

Histogram: ContentSettings.RegularProfile.Exceptions.fedcm-share recorded 1 samples, mean = 0.0 (flags = 0x41)
0  -O                                                                        (1 = 100.0%)
1  ... 

Histogram: ContentSettings.RegularProfile.Exceptions.file-system-access-chooser-data recorded 1 samples, mean = 0.0 (flags = 0x41)
0  -O                                                                        (1 = 100.0%)
1  ... 

Histogram: ContentSettings.RegularProfile.Exceptions.file-system-access-extended-permission recorded 1 samples, mean = 0.0 (flags = 0x41)
0  -O                                                                        (1 = 100.0%)
1  ... 

Histogram: ContentSettings.RegularProfile.Exceptions.file-system-access-restore-permission recorded 1 samples, mean = 0.0 (flags = 0x41)
0  -O                                                                        (1 = 100.0%)
1  ... 

Histogram: ContentSettings.RegularProfile.Exceptions.file-system-last-picked-directory recorded 1 samples, mean = 0.0 (flags = 0x41)
0  -O                                                                        (1 = 100.0%)
1  ... 

Histogram: ContentSettings.RegularProfile.Exceptions.file-system-read-guard recorded 1 samples, mean = 0.0 (flags = 0x41)
0  -O                                                                        (1 = 100.0%)
1  ... 

Histogram: ContentSettings.RegularProfile.Exceptions.file-system-write-guard recorded 1 samples, mean = 0.0 (flags = 0x41)
0  -O                                                                        (1 = 100.0%)
1  ... 

Histogram: ContentSettings.RegularProfile.Exceptions.formfill-metadata recorded 1 samples, mean = 0.0 (flags = 0x41)
0  -O                                                                        (1 = 100.0%)
1  ... 

Histogram: ContentSettings.RegularProfile.Exceptions.geolocation recorded 1 samples, mean = 0.0 (flags = 0x41)
0  -O                                                                        (1 = 100.0%)
1  ... 

Histogram: ContentSettings.RegularProfile.Exceptions.hid-chooser-data recorded 1 samples, mean = 0.0 (flags = 0x41)
0  -O                                                                        (1 = 100.0%)
1  ... 

Histogram: ContentSettings.RegularProfile.Exceptions.hid-guard recorded 1 samples, mean = 0.0 (flags = 0x41)
0  -O                                                                        (1 = 100.0%)
1  ... 

Histogram: ContentSettings.RegularProfile.Exceptions.http-allowed recorded 1 samples, mean = 0.0 (flags = 0x41)
0  -O                                                                        (1 = 100.0%)
1  ... 

Histogram: ContentSettings.RegularProfile.Exceptions.https-enforced recorded 1 samples, mean = 0.0 (flags = 0x41)
0  -O                                                                        (1 = 100.0%)
1  ... 

Histogram: ContentSettings.RegularProfile.Exceptions.idle-detection recorded 1 samples, mean = 0.0 (flags = 0x41)
0  -O                                                                        (1 = 100.0%)
1  ... 

Histogram: ContentSettings.RegularProfile.Exceptions.images recorded 1 samples, mean = 0.0 (flags = 0x41)
0  -O                                                                        (1 = 100.0%)
1  ... 

Histogram: ContentSettings.RegularProfile.Exceptions.important-site-info recorded 1 samples, mean = 0.0 (flags = 0x41)
0  -O                                                                        (1 = 100.0%)
1  ... 

Histogram: ContentSettings.RegularProfile.Exceptions.insecure-private-network recorded 1 samples, mean = 0.0 (flags = 0x41)
0  -O                                                                        (1 = 100.0%)
1  ... 

Histogram: ContentSettings.RegularProfile.Exceptions.intent-picker-auto-display recorded 1 samples, mean = 0.0 (flags = 0x41)
0  -O                                                                        (1 = 100.0%)
1  ... 

Histogram: ContentSettings.RegularProfile.Exceptions.javascript recorded 1 samples, mean = 0.0 (flags = 0x41)
0  -O                                                                        (1 = 100.0%)
1  ... 

Histogram: ContentSettings.RegularProfile.Exceptions.javascript-jit recorded 1 samples, mean = 0.0 (flags = 0x41)
0  -O                                                                        (1 = 100.0%)
1  ... 

Histogram: ContentSettings.RegularProfile.Exceptions.javascript-optimizer recorded 1 samples, mean = 0.0 (flags = 0x41)
0  -O                                                                        (1 = 100.0%)
1  ... 

Histogram: ContentSettings.RegularProfile.Exceptions.keyboard-lock recorded 1 samples, mean = 0.0 (flags = 0x41)
0  -O                                                                        (1 = 100.0%)
1  ... 

Histogram: ContentSettings.RegularProfile.Exceptions.legacy-cookie-access recorded 1 samples, mean = 0.0 (flags = 0x41)
0  -O                                                                        (1 = 100.0%)
1  ... 

Histogram: ContentSettings.RegularProfile.Exceptions.local-fonts recorded 1 samples, mean = 0.0 (flags = 0x41)
0  -O                                                                        (1 = 100.0%)
1  ... 

Histogram: ContentSettings.RegularProfile.Exceptions.media-engagement recorded 1 samples, mean = 1.0 (flags = 0x41)
0  O                                                                         (0 = 0.0%)
1  -O                                                                        (1 = 100.0%) {0.0%}
2  ... 

Histogram: ContentSettings.RegularProfile.Exceptions.media-stream-camera recorded 1 samples, mean = 0.0 (flags = 0x41)
0  -O                                                                        (1 = 100.0%)
1  ... 

Histogram: ContentSettings.RegularProfile.Exceptions.media-stream-mic recorded 1 samples, mean = 0.0 (flags = 0x41)
0  -O                                                                        (1 = 100.0%)
1  ... 

Histogram: ContentSettings.RegularProfile.Exceptions.midi-sysex recorded 1 samples, mean = 0.0 (flags = 0x41)
0  -O                                                                        (1 = 100.0%)
1  ... 

Histogram: ContentSettings.RegularProfile.Exceptions.mixed-script recorded 1 samples, mean = 0.0 (flags = 0x41)
0  -O                                                                        (1 = 100.0%)
1  ... 

Histogram: ContentSettings.RegularProfile.Exceptions.nfc-devices recorded 1 samples, mean = 0.0 (flags = 0x41)
0  -O                                                                        (1 = 100.0%)
1  ... 

Histogram: ContentSettings.RegularProfile.Exceptions.notification-interactions recorded 1 samples, mean = 0.0 (flags = 0x41)
0  -O                                                                        (1 = 100.0%)
1  ... 

Histogram: ContentSettings.RegularProfile.Exceptions.notification-permission-review recorded 1 samples, mean = 0.0 (flags = 0x41)
0  -O                                                                        (1 = 100.0%)
1  ... 

Histogram: ContentSettings.RegularProfile.Exceptions.notifications recorded 1 samples, mean = 0.0 (flags = 0x41)
0  -O                                                                        (1 = 100.0%)
1  ... 

Histogram: ContentSettings.RegularProfile.Exceptions.password-protection recorded 1 samples, mean = 0.0 (flags = 0x41)
0  -O                                                                        (1 = 100.0%)
1  ... 

Histogram: ContentSettings.RegularProfile.Exceptions.payment-handler recorded 1 samples, mean = 0.0 (flags = 0x41)
0  -O                                                                        (1 = 100.0%)
1  ... 

Histogram: ContentSettings.RegularProfile.Exceptions.permission-autoblocking-data recorded 1 samples, mean = 0.0 (flags = 0x41)
0  -O                                                                        (1 = 100.0%)
1  ... 

Histogram: ContentSettings.RegularProfile.Exceptions.permission-autorevocation-data recorded 1 samples, mean = 0.0 (flags = 0x41)
0  -O                                                                        (1 = 100.0%)
1  ... 

Histogram: ContentSettings.RegularProfile.Exceptions.pointer-lock recorded 1 samples, mean = 0.0 (flags = 0x41)
0  -O                                                                        (1 = 100.0%)
1  ... 

Histogram: ContentSettings.RegularProfile.Exceptions.popups recorded 1 samples, mean = 0.0 (flags = 0x41)
0  -O                                                                        (1 = 100.0%)
1  ... 

Histogram: ContentSettings.RegularProfile.Exceptions.popups.Allow recorded 1 samples, mean = 0.0 (flags = 0x41)
0  -O                                                                        (1 = 100.0%)
1  ... 

Histogram: ContentSettings.RegularProfile.Exceptions.popups.Block recorded 1 samples, mean = 0.0 (flags = 0x41)
0  -O                                                                        (1 = 100.0%)
1  ... 

Histogram: ContentSettings.RegularProfile.Exceptions.private-network-chooser-data recorded 1 samples, mean = 0.0 (flags = 0x41)
0  -O                                                                        (1 = 100.0%)
1  ... 

Histogram: ContentSettings.RegularProfile.Exceptions.private-network-guard recorded 1 samples, mean = 0.0 (flags = 0x41)
0  -O                                                                        (1 = 100.0%)
1  ... 

Histogram: ContentSettings.RegularProfile.Exceptions.protected-media-identifier recorded 1 samples, mean = 0.0 (flags = 0x41)
0  -O                                                                        (1 = 100.0%)
1  ... 

Histogram: ContentSettings.RegularProfile.Exceptions.protocol-handler recorded 1 samples, mean = 0.0 (flags = 0x41)
0  -O                                                                        (1 = 100.0%)
1  ... 

Histogram: ContentSettings.RegularProfile.Exceptions.reduced-accept-language recorded 1 samples, mean = 0.0 (flags = 0x41)
0  -O                                                                        (1 = 100.0%)
1  ... 

Histogram: ContentSettings.RegularProfile.Exceptions.safe-browsing-url-check-data recorded 1 samples, mean = 0.0 (flags = 0x41)
0  -O                                                                        (1 = 100.0%)
1  ... 

Histogram: ContentSettings.RegularProfile.Exceptions.sensors recorded 1 samples, mean = 0.0 (flags = 0x41)
0  -O                                                                        (1 = 100.0%)
1  ... 

Histogram: ContentSettings.RegularProfile.Exceptions.serial-chooser-data recorded 1 samples, mean = 0.0 (flags = 0x41)
0  -O                                                                        (1 = 100.0%)
1  ... 

Histogram: ContentSettings.RegularProfile.Exceptions.serial-guard recorded 1 samples, mean = 0.0 (flags = 0x41)
0  -O                                                                        (1 = 100.0%)
1  ... 

Histogram: ContentSettings.RegularProfile.Exceptions.site-engagement recorded 1 samples, mean = 1.0 (flags = 0x41)
0  O                                                                         (0 = 0.0%)
1  -O                                                                        (1 = 100.0%) {0.0%}
2  ... 

Histogram: ContentSettings.RegularProfile.Exceptions.sound recorded 1 samples, mean = 0.0 (flags = 0x41)
0  -O                                                                        (1 = 100.0%)
1  ... 

Histogram: ContentSettings.RegularProfile.Exceptions.speaker-selection recorded 1 samples, mean = 0.0 (flags = 0x41)
0  -O                                                                        (1 = 100.0%)
1  ... 

Histogram: ContentSettings.RegularProfile.Exceptions.ssl-cert-decisions recorded 1 samples, mean = 0.0 (flags = 0x41)
0  -O                                                                        (1 = 100.0%)
1  ... 

Histogram: ContentSettings.RegularProfile.Exceptions.storage-access recorded 1 samples, mean = 0.0 (flags = 0x41)
0  -O                                                                        (1 = 100.0%)
1  ... 

Histogram: ContentSettings.RegularProfile.Exceptions.storage-access-header-origin-trial recorded 1 samples, mean = 0.0 (flags = 0x41)
0  -O                                                                        (1 = 100.0%)
1  ... 

Histogram: ContentSettings.RegularProfile.Exceptions.storage-access.Allow recorded 1 samples, mean = 0.0 (flags = 0x41)
0  -O                                                                        (1 = 100.0%)
1  ... 

Histogram: ContentSettings.RegularProfile.Exceptions.storage-access.Ask recorded 1 samples, mean = 0.0 (flags = 0x41)
0  -O                                                                        (1 = 100.0%)
1  ... 

Histogram: ContentSettings.RegularProfile.Exceptions.storage-access.Block recorded 1 samples, mean = 0.0 (flags = 0x41)
0  -O                                                                        (1 = 100.0%)
1  ... 

Histogram: ContentSettings.RegularProfile.Exceptions.storage-access.MaxRequester recorded 1 samples, mean = 0.0 (flags = 0x41)
0  -O                                                                        (1 = 100.0%)
1  ... 

Histogram: ContentSettings.RegularProfile.Exceptions.storage-access.MaxTopLevel recorded 1 samples, mean = 0.0 (flags = 0x41)
0  -O                                                                        (1 = 100.0%)
1  ... 

Histogram: ContentSettings.RegularProfile.Exceptions.subresource-filter recorded 1 samples, mean = 0.0 (flags = 0x41)
0  -O                                                                        (1 = 100.0%)
1  ... 

Histogram: ContentSettings.RegularProfile.Exceptions.subresource-filter-data recorded 1 samples, mean = 0.0 (flags = 0x41)
0  -O                                                                        (1 = 100.0%)
1  ... 

Histogram: ContentSettings.RegularProfile.Exceptions.subresource-filter.Allow recorded 1 samples, mean = 0.0 (flags = 0x41)
0  -O                                                                        (1 = 100.0%)
1  ... 

Histogram: ContentSettings.RegularProfile.Exceptions.subresource-filter.Block recorded 1 samples, mean = 0.0 (flags = 0x41)
0  -O                                                                        (1 = 100.0%)
1  ... 

Histogram: ContentSettings.RegularProfile.Exceptions.third-party-storage-partitioning recorded 1 samples, mean = 0.0 (flags = 0x41)
0  -O                                                                        (1 = 100.0%)
1  ... 

Histogram: ContentSettings.RegularProfile.Exceptions.top-level-3pcd-origin-trial recorded 1 samples, mean = 0.0 (flags = 0x41)
0  -O                                                                        (1 = 100.0%)
1  ... 

Histogram: ContentSettings.RegularProfile.Exceptions.top-level-3pcd-support recorded 1 samples, mean = 0.0 (flags = 0x41)
0  -O                                                                        (1 = 100.0%)
1  ... 

Histogram: ContentSettings.RegularProfile.Exceptions.top-level-storage-access recorded 1 samples, mean = 0.0 (flags = 0x41)
0  -O                                                                        (1 = 100.0%)
1  ... 

Histogram: ContentSettings.RegularProfile.Exceptions.tracking-protection recorded 1 samples, mean = 0.0 (flags = 0x41)
0  -O                                                                        (1 = 100.0%)
1  ... 

Histogram: ContentSettings.RegularProfile.Exceptions.tracking-protection.Allow recorded 1 samples, mean = 0.0 (flags = 0x41)
0  -O                                                                        (1 = 100.0%)
1  ... 

Histogram: ContentSettings.RegularProfile.Exceptions.tracking-protection.Block recorded 1 samples, mean = 0.0 (flags = 0x41)
0  -O                                                                        (1 = 100.0%)
1  ... 

Histogram: ContentSettings.RegularProfile.Exceptions.unused-site-permissions recorded 1 samples, mean = 0.0 (flags = 0x41)
0  -O                                                                        (1 = 100.0%)
1  ... 

Histogram: ContentSettings.RegularProfile.Exceptions.usb-chooser-data recorded 1 samples, mean = 0.0 (flags = 0x41)
0  -O                                                                        (1 = 100.0%)
1  ... 

Histogram: ContentSettings.RegularProfile.Exceptions.usb-guard recorded 1 samples, mean = 0.0 (flags = 0x41)
0  -O                                                                        (1 = 100.0%)
1  ... 

Histogram: ContentSettings.RegularProfile.Exceptions.vr recorded 1 samples, mean = 0.0 (flags = 0x41)
0  -O                                                                        (1 = 100.0%)
1  ... 

Histogram: ContentSettings.RegularProfile.Exceptions.webid-api recorded 1 samples, mean = 0.0 (flags = 0x41)
0  -O                                                                        (1 = 100.0%)
1  ... 

Histogram: ContentSettings.RegularProfile.Exceptions.webid-auto-reauthn recorded 1 samples, mean = 0.0 (flags = 0x41)
0  -O                                                                        (1 = 100.0%)
1  ... 

Histogram: ContentSettings.RegularProfile.Exceptions.window-placement recorded 1 samples, mean = 0.0 (flags = 0x41)
0  -O                                                                        (1 = 100.0%)
1  ... 

Histogram: Conversions.DelayOnAttestationsLoaded recorded 1 samples, mean = 300026.0 (flags = 0x41)
0       ... 
300000  -O                                                                        (1 = 100.0%) {0.0%}

Histogram: Cookie.AvgCookieJarSizePerKey recorded 2 samples, mean = 0.0 (flags = 0x41)
0  --O                                                                       (2 = 100.0%)
1  ... 

Histogram: Cookie.ClockSkew.AddMinutes recorded 4 samples, mean = 0.0 (flags = 0x41)
0  ----O                                                                     (4 = 100.0%)
1  ... 

Histogram: Cookie.ClockSkew.AddMinutes12To24Hours recorded 4 samples, mean = 0.0 (flags = 0x41)
0  ----O                                                                     (4 = 100.0%)
720... 

Histogram: Cookie.ClockSkew.ExpiredWithoutSkew recorded 4 samples, mean = 0.0 (flags = 0x41)
0  ----O                                                                     (4 = 100.0%)
1  ... 

Histogram: Cookie.CookieJarSize recorded 2 samples, mean = 0.0 (flags = 0x41)
0  --O                                                                       (2 = 100.0%)
1  ... 

Histogram: Cookie.CookiePartitionSizeKibibytes recorded 2 samples, mean = 0.0 (flags = 0x41)
0  --O                                                                       (2 = 100.0%)
1  ... 

Histogram: Cookie.CookiePrefix recorded 5 samples, mean = 0.0 (flags = 0x41)
0  -----O                                                                    (5 = 100.0%)
1  ... 

Histogram: Cookie.CookieSchemeRequestScheme recorded 90 samples, mean = 2.0 (flags = 0x41)
0  ... 
2  ------------------------------------------------------------------------O (90 = 100.0%) {0.0%}
3  ... 

Histogram: Cookie.CookieSourceScheme recorded 4 samples, mean = 0.0 (flags = 0x41)
0  ----O                                                                     (4 = 100.0%)
1  ... 

Histogram: Cookie.CookieSourceSchemeName recorded 4 samples, mean = 14.0 (flags = 0x41)
0   ... 
14  ----O                                                                     (4 = 100.0%) {0.0%}
15  ... 

Histogram: Cookie.Count2 recorded 2 samples, mean = 1.5 (flags = 0x41)
0  O                                                                         (0 = 0.0%)
1  -O                                                                        (1 = 50.0%) {0.0%}
2  -O                                                                        (1 = 50.0%) {50.0%}
3  ... 

Histogram: Cookie.CrossSiteRedirectType.Read recorded 141 samples, mean = 1.0 (flags = 0x41)
0  O                                                                         (0 = 0.0%)
1  ------------------------------------------------------------------------O (141 = 100.0%) {0.0%}
2  ... 

Histogram: Cookie.CrossSiteRedirectType.Write recorded 5 samples, mean = 1.0 (flags = 0x41)
0  O                                                                         (0 = 0.0%)
1  -----O                                                                    (5 = 100.0%) {0.0%}
2  ... 

Histogram: Cookie.DaysSinceRefreshForRetrieval recorded 2 samples, mean = 0.0 (flags = 0x41)
0  --O                                                                       (2 = 100.0%)
1  ... 

Histogram: Cookie.DomainHasNonASCII recorded 5 samples, mean = 0.0 (flags = 0x41)
0  -----O                                                                    (5 = 100.0%)
1  ... 

Histogram: Cookie.DomainSet recorded 4 samples, mean = 1.0 (flags = 0x41)
0  O                                                                         (0 = 0.0%)
1  ----O                                                                     (4 = 100.0%) {0.0%}
2  O                                                                         (0 = 0.0%) {100.0%}

Histogram: Cookie.DoubleUnderscorePrefixedName recorded 5 samples, mean = 0.6 (flags = 0x41)
0  --O                                                                       (2 = 40.0%)
1  ---O                                                                      (3 = 60.0%) {40.0%}
2  O                                                                         (0 = 0.0%) {100.0%}

Histogram: Cookie.ExpirationDuration400DaysLTE recorded 3 samples, mean = 121.7 (flags = 0x41)
0    --O                                                                       (2 = 66.7%)
1    ... 
364  -O                                                                        (1 = 33.3%) {66.7%}
400  O                                                                         (0 = 0.0%) {100.0%}

Histogram: Cookie.ExpirationDurationMinutesSecure recorded 3 samples, mean = 175220.0 (flags = 0x41)
0       ... 
26      --O                                                                       (2 = 66.7%) {0.0%}
36      ... 
429766  -O                                                                        (1 = 33.3%) {66.7%}
587706  ... 

Histogram: Cookie.FirstPartyPartitioned.HasCrossSiteAncestor recorded 51 samples, mean = 0.0 (flags = 0x41)
0  ---------------------------------------------------O                      (51 = 100.0%)
1  ... 

Histogram: Cookie.FirstPartySets.Browser.DelayedQueriesCount recorded 1 samples, mean = 2.0 (flags = 0x41)
0  ... 
2  -O                                                                        (1 = 100.0%) {0.0%}
3  ... 

Histogram: Cookie.FirstPartySets.Browser.MostDelayedQueryDelta recorded 1 samples, mean = 101.0 (flags = 0x41)
0   ... 
96  -O                                                                        (1 = 100.0%) {0.0%}
114 ... 

Histogram: Cookie.FirstPartySets.ComponentSetsNonfatalErrors recorded 1 samples, mean = 0.0 (flags = 0x41)
0  -O                                                                        (1 = 100.0%)
1  ... 

Histogram: Cookie.FirstPartySets.ComponentSetsParsedSuccessfully recorded 1 samples, mean = 0.0 (flags = 0x41)
0  -O                                                                        (1 = 100.0%)
1  ... 

Histogram: Cookie.FirstPartySets.ContextDelayedQueriesCount recorded 1 samples, mean = 0.0 (flags = 0x41)
0  -O                                                                        (1 = 100.0%)
1  ... 

Histogram: Cookie.FirstPartySets.ContextMostDelayedQueryDelta recorded 1 samples, mean = 0.0 (flags = 0x41)
0  -O                                                                        (1 = 100.0%)
1  ... 

Histogram: Cookie.FirstPartySets.EnqueueingDelay.ContextConfig2 recorded 1 samples, mean = 35.0 (flags = 0x41)
0   ... 
34  -O                                                                        (1 = 100.0%) {0.0%}
40  ... 

Histogram: Cookie.FirstPartySets.InitializationDuration.ContextReadyToServeQueries2 recorded 1 samples, mean = 6709.0 (flags = 0x41)
0     ... 
5961  -O                                                                        (1 = 100.0%) {0.0%}
7083  ... 

Histogram: Cookie.FirstPartySets.InitializationDuration.ReadCommandLineSet2 recorded 1 samples, mean = 101.0 (flags = 0x41)
0   ... 
96  -O                                                                        (1 = 100.0%) {0.0%}
114 ... 

Histogram: Cookie.FirstPartySets.InitializationDuration.ReadComponentSets2 recorded 1 samples, mean = 0.0 (flags = 0x41)
0  -O                                                                        (1 = 100.0%)
1  ... 

Histogram: Cookie.FirstPartySets.InitializationDuration.ReadyToServeQueries2 recorded 1 samples, mean = 0.0 (flags = 0x41)
0  -O                                                                        (1 = 100.0%)
1  ... 

Histogram: Cookie.FirstPartySets.Network.DelayedQueriesCount recorded 1 samples, mean = 0.0 (flags = 0x41)
0  -O                                                                        (1 = 100.0%)
1  ... 

Histogram: Cookie.FirstPartySets.Network.MostDelayedQueryDelta recorded 1 samples, mean = 0.0 (flags = 0x41)
0  -O                                                                        (1 = 100.0%)
1  ... 

Histogram: Cookie.FirstPartySets.ProcessedEntireComponent recorded 1 samples, mean = 1.0 (flags = 0x41)
0  O                                                                         (0 = 0.0%)
1  -O                                                                        (1 = 100.0%) {0.0%}
2  O                                                                         (0 = 0.0%) {100.0%}

Histogram: Cookie.FromStorageWithValidLength recorded 78 samples, mean = 1.0 (flags = 0x41)
0  O                                                                         (0 = 0.0%)
1  ------------------------------------------------------------------------O (78 = 100.0%) {0.0%}
2  O                                                                         (0 = 0.0%) {100.0%}

Histogram: Cookie.HasNonASCII.Name recorded 5 samples, mean = 0.0 (flags = 0x41)
0  -----O                                                                    (5 = 100.0%)
1  ... 

Histogram: Cookie.HasNonASCII.Value recorded 5 samples, mean = 0.0 (flags = 0x41)
0  -----O                                                                    (5 = 100.0%)
1  ... 

Histogram: Cookie.IncludedRequestEffectiveSameSite recorded 141 samples, mean = 0.0 (flags = 0x41)
0  ------------------------------------------------------------------------O (141 = 100.0%)
1  ... 

Histogram: Cookie.IncludedResponseEffectiveSameSite recorded 4 samples, mean = 0.0 (flags = 0x41)
0  ----O                                                                     (4 = 100.0%)
1  ... 

Histogram: Cookie.IsPartitionedValid recorded 1 samples, mean = 1.0 (flags = 0x41)
0  O                                                                         (0 = 0.0%)
1  -O                                                                        (1 = 100.0%) {0.0%}
2  O                                                                         (0 = 0.0%) {100.0%}

Histogram: Cookie.MaxCookieJarSizePerKey recorded 2 samples, mean = 0.0 (flags = 0x41)
0  --O                                                                       (2 = 100.0%)
1  ... 

Histogram: Cookie.MaxSameSiteNoneCookiesPerKey recorded 2 samples, mean = 1.0 (flags = 0x41)
0  O                                                                         (0 = 0.0%)
1  --O                                                                       (2 = 100.0%) {0.0%}
2  ... 

Histogram: Cookie.NameOrValueHtab recorded 5 samples, mean = 0.0 (flags = 0x41)
0  -----O                                                                    (5 = 100.0%)
1  ... 

Histogram: Cookie.NumKeys recorded 2 samples, mean = 1.5 (flags = 0x41)
0  O                                                                         (0 = 0.0%)
1  -O                                                                        (1 = 50.0%) {0.0%}
2  -O                                                                        (1 = 50.0%) {50.0%}
3  ... 

Histogram: Cookie.OnCookiesAccessed.BatchSize recorded 9 samples, mean = 1.2 (flags = 0x41)
0  O                                                                         (0 = 0.0%)
1  -------O                                                                  (7 = 77.8%) {0.0%}
2  --O                                                                       (2 = 22.2%) {77.8%}
3  ... 

Histogram: Cookie.OnCookiesAccessed.TotalAccesses recorded 9 samples, mean = 2.0 (flags = 0x41)
0  O                                                                         (0 = 0.0%)
1  -O                                                                        (1 = 11.1%) {0.0%}
2  -------O                                                                  (7 = 77.8%) {11.1%}
3  -O                                                                        (1 = 11.1%) {88.9%}
4  ... 

Histogram: Cookie.PartitionCount recorded 2 samples, mean = 1.0 (flags = 0x41)
0  O                                                                         (0 = 0.0%)
1  --O                                                                       (2 = 100.0%) {0.0%}
2  ... 

Histogram: Cookie.PartitionedCookieCount recorded 2 samples, mean = 1.0 (flags = 0x41)
0  O                                                                         (0 = 0.0%)
1  --O                                                                       (2 = 100.0%) {0.0%}
2  ... 

Histogram: Cookie.PartitionedCookieCount.Nonced recorded 2 samples, mean = 0.0 (flags = 0x41)
0  --O                                                                       (2 = 100.0%)
1  ... 

Histogram: Cookie.PartitionedCookieCount.Unnonced recorded 2 samples, mean = 1.0 (flags = 0x41)
0  O                                                                         (0 = 0.0%)
1  --O                                                                       (2 = 100.0%) {0.0%}
2  ... 

Histogram: Cookie.PartitionedCookieJarSizeKibibytes recorded 2 samples, mean = 0.0 (flags = 0x41)
0  --O                                                                       (2 = 100.0%)
1  ... 

Histogram: Cookie.PartitionedCookieJarSizeKibibytes.Nonced recorded 2 samples, mean = 0.0 (flags = 0x41)
0  --O                                                                       (2 = 100.0%)
1  ... 

Histogram: Cookie.PartitionedCookieJarSizeKibibytes.Unnonced recorded 2 samples, mean = 0.0 (flags = 0x41)
0  --O                                                                       (2 = 100.0%)
1  ... 

Histogram: Cookie.PartitionedCookiesInRequest recorded 46 samples, mean = 1.0 (flags = 0x41)
0  O                                                                         (0 = 0.0%)
1  ----------------------------------------------O                           (46 = 100.0%) {0.0%}
2  ... 

Histogram: Cookie.Port.Read.RemoteHost recorded 137 samples, mean = 7.0 (flags = 0x41)
0  ... 
7  ------------------------------------------------------------------------O (137 = 100.0%) {0.0%}
8  ... 

Histogram: Cookie.Port.ReadDiffersFromSet.DomainSet recorded 137 samples, mean = 4.0 (flags = 0x41)
0  ... 
4  ------------------------------------------------------------------------O (137 = 100.0%) {0.0%}
5  O                                                                         (0 = 0.0%) {100.0%}

Histogram: Cookie.Port.ReadDiffersFromSet.RemoteHost recorded 137 samples, mean = 4.0 (flags = 0x41)
0  ... 
4  ------------------------------------------------------------------------O (137 = 100.0%) {0.0%}
5  O                                                                         (0 = 0.0%) {100.0%}

Histogram: Cookie.Port.Set.RemoteHost recorded 4 samples, mean = 7.0 (flags = 0x41)
0  ... 
7  ----O                                                                     (4 = 100.0%) {0.0%}
8  ... 

Histogram: Cookie.RequestSameSiteContext recorded 145 samples, mean = 3.0 (flags = 0x41)
0  -O                                                                        (2 = 1.4%)
1  ... 
3  ------------------------------------------------------------------------O (143 = 98.6%) {1.4%}
4  O                                                                         (0 = 0.0%) {100.0%}

Histogram: Cookie.SameSiteAttributeValue recorded 5 samples, mean = 4.0 (flags = 0x41)
0  -O                                                                        (1 = 20.0%)
1  ... 
5  ----O                                                                     (4 = 80.0%) {20.0%}
6  ... 

Histogram: Cookie.SameSiteNoneSizeBytes recorded 4 samples, mean = 202.8 (flags = 0x41)
0    ... 
40   -O                                                                        (1 = 25.0%) {0.0%}
48   ... 
160  --O                                                                       (2 = 50.0%) {25.0%}
190  ... 
378  -O                                                                        (1 = 25.0%) {75.0%}
449  ... 

Histogram: Cookie.SameSiteNoneSizeBytes.Partitioned recorded 1 samples, mean = 417.0 (flags = 0x41)
0    ... 
378  -O                                                                        (1 = 100.0%) {0.0%}
449  ... 

Histogram: Cookie.SameSiteNoneSizeBytes.Unpartitioned recorded 3 samples, mean = 131.3 (flags = 0x41)
0    ... 
40   -O                                                                        (1 = 33.3%) {0.0%}
48   ... 
160  --O                                                                       (2 = 66.7%) {33.3%}
190  ... 

Histogram: Cookie.SourceType recorded 6 samples, mean = 1.0 (flags = 0x41)
0  O                                                                         (0 = 0.0%)
1  ------O                                                                   (6 = 100.0%) {0.0%}
2  ... 

Histogram: Cookie.TimeBlockedOnLoad recorded 2 samples, mean = 182.0 (flags = 0x41)
0    ... 
11   -O                                                                        (1 = 50.0%) {0.0%}
14   ... 
345  -O                                                                        (1 = 50.0%) {50.0%}
428  ... 

Histogram: Cookie.TimeInitializeDB recorded 2 samples, mean = 6.5 (flags = 0x41)
0  ... 
5  -O                                                                        (1 = 50.0%) {0.0%}
6  O                                                                         (0 = 0.0%) {50.0%}
7  -O                                                                        (1 = 50.0%) {50.0%}
9  ... 

Histogram: Cookie.TimeOpsBlockedDueToGlobalOp recorded 2 samples, mean = 5.5 (flags = 0x41)
0   -O                                                                        (1 = 50.0%)
1   ... 
11  -O                                                                        (1 = 50.0%) {50.0%}
14  ... 

Histogram: Cookie.TimeToRecordPeriodicStats recorded 2 samples, mean = 0.0 (flags = 0x41)
0  --O                                                                       (2 = 100.0%)
1  ... 

Histogram: Cookie.Type2 recorded 6 samples, mean = 12.3 (flags = 0x41)
0   ... 
4   -O                                                                        (1 = 16.7%) {0.0%}
5   ... 
14  -----O                                                                    (5 = 83.3%) {16.7%}
15  ... 

Histogram: Crypto.TPMDuration.MessageSigningECDSA recorded 1 samples, mean = 124.0 (flags = 0x41)
0    ... 
107  -O                                                                        (1 = 100.0%) {0.0%}
136  ... 

Histogram: Crypto.TPMDuration.NewKeyCreationECDSA recorded 1 samples, mean = 409.0 (flags = 0x41)
0    ... 
356  -O                                                                        (1 = 100.0%) {0.0%}
452  ... 

Histogram: Crypto.TPMDuration.Virtual.MessageSigningECDSA recorded 1 samples, mean = 1.0 (flags = 0x41)
0  O                                                                         (0 = 0.0%)
1  -O                                                                        (1 = 100.0%) {0.0%}
2  ... 

Histogram: Crypto.TPMDuration.Virtual.NewKeyCreationECDSA recorded 1 samples, mean = 15.0 (flags = 0x41)
0   ... 
13  -O                                                                        (1 = 100.0%) {0.0%}
16  ... 

Histogram: Crypto.TPMDuration.Virtual.WrappedKeyCreationECDSA recorded 1 samples, mean = 3.0 (flags = 0x41)
0  ... 
3  -O                                                                        (1 = 100.0%) {0.0%}
4  ... 

Histogram: Crypto.TPMDuration.WrappedKeyCreationECDSA recorded 1 samples, mean = 31.0 (flags = 0x41)
0   ... 
25  -O                                                                        (1 = 100.0%) {0.0%}
32  ... 

Histogram: Crypto.TPMOperation.MessageSigningECDSA recorded 1 samples, mean = 1.0 (flags = 0x41)
0  O                                                                         (0 = 0.0%)
1  -O                                                                        (1 = 100.0%) {0.0%}
2  O                                                                         (0 = 0.0%) {100.0%}

Histogram: Crypto.TPMOperation.MessageVerifyECDSA recorded 1 samples, mean = 1.0 (flags = 0x41)
0  O                                                                         (0 = 0.0%)
1  -O                                                                        (1 = 100.0%) {0.0%}
2  O                                                                         (0 = 0.0%) {100.0%}

Histogram: Crypto.TPMOperation.NewKeyCreationECDSA recorded 1 samples, mean = 1.0 (flags = 0x41)
0  O                                                                         (0 = 0.0%)
1  -O                                                                        (1 = 100.0%) {0.0%}
2  O                                                                         (0 = 0.0%) {100.0%}

Histogram: Crypto.TPMOperation.Virtual.MessageSigningECDSA recorded 1 samples, mean = 1.0 (flags = 0x41)
0  O                                                                         (0 = 0.0%)
1  -O                                                                        (1 = 100.0%) {0.0%}
2  O                                                                         (0 = 0.0%) {100.0%}

Histogram: Crypto.TPMOperation.Virtual.MessageVerifyECDSA recorded 1 samples, mean = 1.0 (flags = 0x41)
0  O                                                                         (0 = 0.0%)
1  -O                                                                        (1 = 100.0%) {0.0%}
2  O                                                                         (0 = 0.0%) {100.0%}

Histogram: Crypto.TPMOperation.Virtual.NewKeyCreationECDSA recorded 1 samples, mean = 1.0 (flags = 0x41)
0  O                                                                         (0 = 0.0%)
1  -O                                                                        (1 = 100.0%) {0.0%}
2  O                                                                         (0 = 0.0%) {100.0%}

Histogram: Crypto.TPMOperation.Virtual.WrappedKeyCreationECDSA recorded 1 samples, mean = 1.0 (flags = 0x41)
0  O                                                                         (0 = 0.0%)
1  -O                                                                        (1 = 100.0%) {0.0%}
2  O                                                                         (0 = 0.0%) {100.0%}

Histogram: Crypto.TPMOperation.WrappedKeyCreationECDSA recorded 1 samples, mean = 1.0 (flags = 0x41)
0  O                                                                         (0 = 0.0%)
1  -O                                                                        (1 = 100.0%) {0.0%}
2  O                                                                         (0 = 0.0%) {100.0%}

Histogram: Crypto.TPMSupport2 recorded 1 samples, mean = 2.0 (flags = 0x41)
0  ... 
2  -O                                                                        (1 = 100.0%) {0.0%}
3  O                                                                         (0 = 0.0%) {100.0%}

Histogram: Crypto.TPMSupportType recorded 1 samples, mean = 3.0 (flags = 0x41)
0  ... 
3  -O                                                                        (1 = 100.0%) {0.0%}
4  O                                                                         (0 = 0.0%) {100.0%}

Histogram: Crypto.VirtualKeySupport recorded 1 samples, mean = 2.0 (flags = 0x41)
0  ... 
2  -O                                                                        (1 = 100.0%) {0.0%}
3  O                                                                         (0 = 0.0%) {100.0%}

Histogram: DOMStorage.CommitMeasuredDelay recorded 4 samples, mean = 3742.8 (flags = 0x41)
0     ... 
8     -O                                                                        (1 = 25.0%) {0.0%}
9     ... 
4904  ---O                                                                      (3 = 75.0%) {25.0%}
5660  ... 

Histogram: DOMStorage.CommitSizeBytes recorded 2 samples, mean = 1112.5 (flags = 0x41)
0     ... 
968   -O                                                                        (1 = 50.0%) {0.0%}
1091  -O                                                                        (1 = 50.0%) {50.0%}
1230  ... 

Histogram: DataUse.BytesReceived3.Delegate recorded 60 samples, mean = 2366.3 (flags = 0x41)
0      ... 
64     -O                                                                        (1 = 1.7%) {0.0%}
83     ... 
178    ------------------------------------------O                               (42 = 70.0%) {1.7%}
230    -O                                                                        (1 = 1.7%) {71.7%}
297    -O                                                                        (1 = 1.7%) {73.3%}
383    -O                                                                        (1 = 1.7%) {75.0%}
494    ---O                                                                      (3 = 5.0%) {76.7%}
637    --O                                                                       (2 = 3.3%) {81.7%}
821    O                                                                         (0 = 0.0%) {85.0%}
1059   --O                                                                       (2 = 3.3%) {85.0%}
1366   ... 
2928   -----O                                                                    (5 = 8.3%) {88.3%}
3776   ... 
17362  -O                                                                        (1 = 1.7%) {96.7%}
22388  ... 
79817  -O                                                                        (1 = 1.7%) {98.3%}
102923 ... 

Histogram: DataUse.BytesSent3.Delegate recorded 60 samples, mean = 1268.8 (flags = 0x41)
0      ... 
21     -O                                                                        (1 = 1.7%) {0.0%}
28     ... 
196    -O                                                                        (1 = 1.7%) {1.7%}
258    ... 
448    -----O                                                                    (5 = 8.3%) {3.3%}
590    O                                                                         (0 = 0.0%) {11.7%}
777    -------O                                                                  (7 = 11.7%) {11.7%}
1023   ---------------------------------------------O                            (45 = 75.0%) {23.3%}
1347   ... 
16063  -O                                                                        (1 = 1.7%) {98.3%}
21156  ... 

Histogram: DefaultBrowser.State recorded 1 samples, mean = 0.0 (flags = 0x41)
0  -O                                                                        (1 = 100.0%)
1  ... 

Histogram: DiskCache.0.Error recorded 1 samples, mean = 0.0 (flags = 0x41)
0  -O                                                                        (1 = 100.0%)
1  ... 

Histogram: DiskCache.0.TotalIOTimeRead recorded 110 samples, mean = 4.0 (flags = 0x41)
0   -------------------------------------------------------------------O      (67 = 60.9%)
1   O                                                                         (0 = 0.0%) {60.9%}
2   --O                                                                       (2 = 1.8%) {60.9%}
3   -----O                                                                    (5 = 4.5%) {62.7%}
4   ----O                                                                     (4 = 3.6%) {67.3%}
5   --O                                                                       (2 = 1.8%) {70.9%}
6   -O                                                                        (1 = 0.9%) {72.7%}
7   ---O                                                                      (3 = 2.7%) {73.6%}
8   ---O                                                                      (3 = 2.7%) {76.4%}
10  --------O                                                                 (8 = 7.3%) {79.1%}
12  ----O                                                                     (4 = 3.6%) {86.4%}
14  --O                                                                       (2 = 1.8%) {90.0%}
17  ---O                                                                      (3 = 2.7%) {91.8%}
20  ------O                                                                   (6 = 5.5%) {94.5%}
24  ... 

Histogram: DiskCache.0.TotalIOTimeWrite recorded 25 samples, mean = 0.0 (flags = 0x41)
0  -------------------------O                                                (25 = 100.0%)
1  ... 

Histogram: Download.Database.IsAvailable recorded 1 samples, mean = 1.0 (flags = 0x41)
0  O                                                                         (0 = 0.0%)
1  -O                                                                        (1 = 100.0%) {0.0%}
2  O                                                                         (0 = 0.0%) {100.0%}

Histogram: Download.Service.Db.Operation.Success recorded 1 samples, mean = 0.0 (flags = 0x41)
0  -O                                                                        (1 = 100.0%)
1  ... 

Histogram: Download.Service.Db.Records recorded 1 samples, mean = 0.0 (flags = 0x41)
0  -O                                                                        (1 = 100.0%)
1  ... 

Histogram: Download.Service.Db.Records.Active recorded 1 samples, mean = 0.0 (flags = 0x41)
0  -O                                                                        (1 = 100.0%)
1  ... 

Histogram: Download.Service.Db.Records.Available recorded 1 samples, mean = 0.0 (flags = 0x41)
0  -O                                                                        (1 = 100.0%)
1  ... 

Histogram: Download.Service.Db.Records.Complete recorded 1 samples, mean = 0.0 (flags = 0x41)
0  -O                                                                        (1 = 100.0%)
1  ... 

Histogram: Download.Service.Db.Records.New recorded 1 samples, mean = 0.0 (flags = 0x41)
0  -O                                                                        (1 = 100.0%)
1  ... 

Histogram: Download.Service.Db.Records.Paused recorded 1 samples, mean = 0.0 (flags = 0x41)
0  -O                                                                        (1 = 100.0%)
1  ... 

Histogram: Download.Service.Files.CleanUp.External recorded 3 samples, mean = 0.0 (flags = 0x41)
0  ---O                                                                      (3 = 100.0%)
1  ... 

Histogram: Download.Service.Files.CleanUp.External.Orphaned recorded 1 samples, mean = 0.0 (flags = 0x41)
0  -O                                                                        (1 = 100.0%)
1  ... 

Histogram: Download.Service.Files.CleanUp.External.Timeout recorded 1 samples, mean = 0.0 (flags = 0x41)
0  -O                                                                        (1 = 100.0%)
1  ... 

Histogram: Download.Service.Files.CleanUp.External.Unknown recorded 1 samples, mean = 0.0 (flags = 0x41)
0  -O                                                                        (1 = 100.0%)
1  ... 

Histogram: Download.Service.Files.CleanUp.Failure recorded 3 samples, mean = 0.0 (flags = 0x41)
0  ---O                                                                      (3 = 100.0%)
1  ... 

Histogram: Download.Service.Files.CleanUp.Failure.Orphaned recorded 1 samples, mean = 0.0 (flags = 0x41)
0  -O                                                                        (1 = 100.0%)
1  ... 

Histogram: Download.Service.Files.CleanUp.Failure.Timeout recorded 1 samples, mean = 0.0 (flags = 0x41)
0  -O                                                                        (1 = 100.0%)
1  ... 

Histogram: Download.Service.Files.CleanUp.Failure.Unknown recorded 1 samples, mean = 0.0 (flags = 0x41)
0  -O                                                                        (1 = 100.0%)
1  ... 

Histogram: Download.Service.Files.CleanUp.Success recorded 3 samples, mean = 0.0 (flags = 0x41)
0  ---O                                                                      (3 = 100.0%)
1  ... 

Histogram: Download.Service.Files.CleanUp.Success.Orphaned recorded 1 samples, mean = 0.0 (flags = 0x41)
0  -O                                                                        (1 = 100.0%)
1  ... 

Histogram: Download.Service.Files.CleanUp.Success.Timeout recorded 1 samples, mean = 0.0 (flags = 0x41)
0  -O                                                                        (1 = 100.0%)
1  ... 

Histogram: Download.Service.Files.CleanUp.Success.Unknown recorded 1 samples, mean = 0.0 (flags = 0x41)
0  -O                                                                        (1 = 100.0%)
1  ... 

Histogram: Download.Service.StartUpStatus.Initialization recorded 1 samples, mean = 0.0 (flags = 0x41)
0  -O                                                                        (1 = 100.0%)
1  ... 

Histogram: Enterprise.TimeToFirstPolicyLoad.Profile.Unmanaged recorded 1 samples, mean = 0.0 (flags = 0x41)
0  -O                                                                        (1 = 100.0%)
1  ... 

Histogram: EnterpriseCheck.AzureADJoinStatusCheckTime recorded 1 samples, mean = 24.0 (flags = 0x41)
0   ... 
24  -O                                                                        (1 = 100.0%) {0.0%}
29  ... 

Histogram: Event.GestureCreated recorded 1 samples, mean = 12.0 (flags = 0x41)
0   ... 
12  -O                                                                        (1 = 100.0%) {0.0%}
13  ... 

Histogram: Extension.Toolbar.BrowserActionsCount2 recorded 1 samples, mean = 0.0 (flags = 0x41)
0  -O                                                                        (1 = 100.0%)
1  ... 

Histogram: ExtensionToolbarModel.BrowserActionsCount recorded 1 samples, mean = 0.0 (flags = 0x41)
0  -O                                                                        (1 = 100.0%)
1  ... 

Histogram: Extensions.AppLocation2 recorded 1 samples, mean = 5.0 (flags = 0x41)
0  ... 
5  -O                                                                        (1 = 100.0%) {0.0%}
6  ... 

Histogram: Extensions.CorruptExtensionTotalDisables recorded 1 samples, mean = 0.0 (flags = 0x41)
0  -O                                                                        (1 = 100.0%)
1  ... 

Histogram: Extensions.CorruptExtensionTotalDisables2 recorded 1 samples, mean = 0.0 (flags = 0x41)
0  -O                                                                        (1 = 100.0%)
1  ... 

Histogram: Extensions.Database.Open.State recorded 1 samples, mean = 0.0 (flags = 0x41)
0  -O                                                                        (1 = 100.0%)
1  ... 

Histogram: Extensions.DeveloperModeEnabled recorded 2 samples, mean = 0.0 (flags = 0x41)
0  --O                                                                       (2 = 100.0%)
1  ... 

Histogram: Extensions.DidCreateScriptContext_Unspecified recorded 1 samples, mean = 0.0 (flags = 0x41)
0  -O                                                                        (1 = 100.0%)
1  ... 

Histogram: Extensions.DidCreateScriptContext_WebPage recorded 3 samples, mean = 0.0 (flags = 0x41)
0  ---O                                                                      (3 = 100.0%)
1  ... 

Histogram: Extensions.Disabled recorded 1 samples, mean = 0.0 (flags = 0x41)
0  -O                                                                        (1 = 100.0%)
1  ... 

Histogram: Extensions.Disabled2 recorded 1 samples, mean = 0.0 (flags = 0x41)
0  -O                                                                        (1 = 100.0%)
1  ... 

Histogram: Extensions.DisabledForPermissions recorded 1 samples, mean = 0.0 (flags = 0x41)
0  -O                                                                        (1 = 100.0%)
1  ... 

Histogram: Extensions.DisabledForPermissions2 recorded 1 samples, mean = 0.0 (flags = 0x41)
0  -O                                                                        (1 = 100.0%)
1  ... 

Histogram: Extensions.EventlessEventPages2 recorded 1 samples, mean = 0.0 (flags = 0x41)
0  -O                                                                        (1 = 100.0%)
1  ... 

Histogram: Extensions.ExtensionLocation recorded 1 samples, mean = 5.0 (flags = 0x41)
0  ... 
5  -O                                                                        (1 = 100.0%) {0.0%}
6  ... 

Histogram: Extensions.ExtensionLocation2 recorded 1 samples, mean = 5.0 (flags = 0x41)
0  ... 
5  -O                                                                        (1 = 100.0%) {0.0%}
6  ... 

Histogram: Extensions.ExtensionsWithPageActions recorded 1 samples, mean = 0.0 (flags = 0x41)
0  -O                                                                        (1 = 100.0%)
1  ... 

Histogram: Extensions.HomepageOverrides recorded 1 samples, mean = 0.0 (flags = 0x41)
0  -O                                                                        (1 = 100.0%)
1  ... 

Histogram: Extensions.HomepageOverrides2 recorded 1 samples, mean = 0.0 (flags = 0x41)
0  -O                                                                        (1 = 100.0%)
1  ... 

Histogram: Extensions.InjectEnd_ScriptCount recorded 3 samples, mean = 0.0 (flags = 0x41)
0  ---O                                                                      (3 = 100.0%)
1  ... 

Histogram: Extensions.InjectIdle_ScriptCount recorded 3 samples, mean = 0.0 (flags = 0x41)
0  ---O                                                                      (3 = 100.0%)
1  ... 

Histogram: Extensions.InjectStart_CssCount recorded 5 samples, mean = 0.0 (flags = 0x41)
0  -----O                                                                    (5 = 100.0%)
1  ... 

Histogram: Extensions.InjectStart_ScriptCount recorded 5 samples, mean = 0.0 (flags = 0x41)
0  -----O                                                                    (5 = 100.0%)
1  ... 

Histogram: Extensions.LoadAll recorded 1 samples, mean = 2.0 (flags = 0x41)
0  ... 
2  -O                                                                        (1 = 100.0%) {0.0%}
3  ... 

Histogram: Extensions.LoadAll2 recorded 1 samples, mean = 2.0 (flags = 0x41)
0  ... 
2  -O                                                                        (1 = 100.0%) {0.0%}
3  ... 

Histogram: Extensions.LoadAllComponentTime recorded 1 samples, mean = 1.0 (flags = 0x41)
0  O                                                                         (0 = 0.0%)
1  -O                                                                        (1 = 100.0%) {0.0%}
2  ... 

Histogram: Extensions.LoadAllComponentTime.User recorded 1 samples, mean = 1.0 (flags = 0x41)
0  O                                                                         (0 = 0.0%)
1  -O                                                                        (1 = 100.0%) {0.0%}
2  ... 

Histogram: Extensions.LoadAllTime2 recorded 1 samples, mean = 0.0 (flags = 0x41)
0  -O                                                                        (1 = 100.0%)
1  ... 

Histogram: Extensions.LoadAllTime2.User recorded 1 samples, mean = 0.0 (flags = 0x41)
0  -O                                                                        (1 = 100.0%)
1  ... 

Histogram: Extensions.LoadApp recorded 1 samples, mean = 0.0 (flags = 0x41)
0  -O                                                                        (1 = 100.0%)
1  ... 

Histogram: Extensions.LoadApp2 recorded 1 samples, mean = 0.0 (flags = 0x41)
0  -O                                                                        (1 = 100.0%)
1  ... 

Histogram: Extensions.LoadAppExternal recorded 1 samples, mean = 0.0 (flags = 0x41)
0  -O                                                                        (1 = 100.0%)
1  ... 

Histogram: Extensions.LoadAppExternal2 recorded 1 samples, mean = 0.0 (flags = 0x41)
0  -O                                                                        (1 = 100.0%)
1  ... 

Histogram: Extensions.LoadAppUser recorded 1 samples, mean = 0.0 (flags = 0x41)
0  -O                                                                        (1 = 100.0%)
1  ... 

Histogram: Extensions.LoadAppUser2 recorded 1 samples, mean = 0.0 (flags = 0x41)
0  -O                                                                        (1 = 100.0%)
1  ... 

Histogram: Extensions.LoadBrowserAction recorded 1 samples, mean = 0.0 (flags = 0x41)
0  -O                                                                        (1 = 100.0%)
1  ... 

Histogram: Extensions.LoadBrowserAction2 recorded 1 samples, mean = 0.0 (flags = 0x41)
0  -O                                                                        (1 = 100.0%)
1  ... 

Histogram: Extensions.LoadExtension recorded 1 samples, mean = 0.0 (flags = 0x41)
0  -O                                                                        (1 = 100.0%)
1  ... 

Histogram: Extensions.LoadExtension2 recorded 1 samples, mean = 0.0 (flags = 0x41)
0  -O                                                                        (1 = 100.0%)
1  ... 

Histogram: Extensions.LoadExtensionExternal recorded 1 samples, mean = 0.0 (flags = 0x41)
0  -O                                                                        (1 = 100.0%)
1  ... 

Histogram: Extensions.LoadExtensionExternal2 recorded 1 samples, mean = 0.0 (flags = 0x41)
0  -O                                                                        (1 = 100.0%)
1  ... 

Histogram: Extensions.LoadExtensionUser2 recorded 1 samples, mean = 0.0 (flags = 0x41)
0  -O                                                                        (1 = 100.0%)
1  ... 

Histogram: Extensions.LoadHostedApp recorded 1 samples, mean = 0.0 (flags = 0x41)
0  -O                                                                        (1 = 100.0%)
1  ... 

Histogram: Extensions.LoadHostedApp2 recorded 1 samples, mean = 0.0 (flags = 0x41)
0  -O                                                                        (1 = 100.0%)
1  ... 

Histogram: Extensions.LoadNoExtensionAction recorded 1 samples, mean = 0.0 (flags = 0x41)
0  -O                                                                        (1 = 100.0%)
1  ... 

Histogram: Extensions.LoadNoExtensionAction2 recorded 1 samples, mean = 0.0 (flags = 0x41)
0  -O                                                                        (1 = 100.0%)
1  ... 

Histogram: Extensions.LoadOffStoreItems recorded 1 samples, mean = 0.0 (flags = 0x41)
0  -O                                                                        (1 = 100.0%)
1  ... 

Histogram: Extensions.LoadOffStoreItems2 recorded 1 samples, mean = 0.0 (flags = 0x41)
0  -O                                                                        (1 = 100.0%)
1  ... 

Histogram: Extensions.LoadPackagedApp recorded 1 samples, mean = 0.0 (flags = 0x41)
0  -O                                                                        (1 = 100.0%)
1  ... 

Histogram: Extensions.LoadPackagedApp2 recorded 1 samples, mean = 0.0 (flags = 0x41)
0  -O                                                                        (1 = 100.0%)
1  ... 

Histogram: Extensions.LoadPlatformApp recorded 1 samples, mean = 0.0 (flags = 0x41)
0  -O                                                                        (1 = 100.0%)
1  ... 

Histogram: Extensions.LoadPlatformApp2 recorded 1 samples, mean = 0.0 (flags = 0x41)
0  -O                                                                        (1 = 100.0%)
1  ... 

Histogram: Extensions.LoadTheme recorded 1 samples, mean = 0.0 (flags = 0x41)
0  -O                                                                        (1 = 100.0%)
1  ... 

Histogram: Extensions.LoadTheme2 recorded 1 samples, mean = 0.0 (flags = 0x41)
0  -O                                                                        (1 = 100.0%)
1  ... 

Histogram: Extensions.LoadUserScript recorded 1 samples, mean = 0.0 (flags = 0x41)
0  -O                                                                        (1 = 100.0%)
1  ... 

Histogram: Extensions.LoadUserScript2 recorded 1 samples, mean = 0.0 (flags = 0x41)
0  -O                                                                        (1 = 100.0%)
1  ... 

Histogram: Extensions.Management_Refresh recorded 1 samples, mean = 0.0 (flags = 0x41)
0  -O                                                                        (1 = 100.0%)
1  ... 

Histogram: Extensions.ManifestVersion2Count.Component recorded 1 samples, mean = 1.0 (flags = 0x41)
0  O                                                                         (0 = 0.0%)
1  -O                                                                        (1 = 100.0%) {0.0%}
2  ... 

Histogram: Extensions.ManifestVersion2Count.External recorded 1 samples, mean = 0.0 (flags = 0x41)
0  -O                                                                        (1 = 100.0%)
1  ... 

Histogram: Extensions.ManifestVersion2Count.Internal recorded 1 samples, mean = 0.0 (flags = 0x41)
0  -O                                                                        (1 = 100.0%)
1  ... 

Histogram: Extensions.ManifestVersion2Count.Policy recorded 1 samples, mean = 0.0 (flags = 0x41)
0  -O                                                                        (1 = 100.0%)
1  ... 

Histogram: Extensions.ManifestVersion2Count.Unpacked recorded 1 samples, mean = 0.0 (flags = 0x41)
0  -O                                                                        (1 = 100.0%)
1  ... 

Histogram: Extensions.ManifestVersion3Count.Component recorded 1 samples, mean = 0.0 (flags = 0x41)
0  -O                                                                        (1 = 100.0%)
1  ... 

Histogram: Extensions.ManifestVersion3Count.External recorded 1 samples, mean = 0.0 (flags = 0x41)
0  -O                                                                        (1 = 100.0%)
1  ... 

Histogram: Extensions.ManifestVersion3Count.Internal recorded 1 samples, mean = 0.0 (flags = 0x41)
0  -O                                                                        (1 = 100.0%)
1  ... 

Histogram: Extensions.ManifestVersion3Count.Policy recorded 1 samples, mean = 0.0 (flags = 0x41)
0  -O                                                                        (1 = 100.0%)
1  ... 

Histogram: Extensions.ManifestVersion3Count.Unpacked recorded 1 samples, mean = 0.0 (flags = 0x41)
0  -O                                                                        (1 = 100.0%)
1  ... 

Histogram: Extensions.ManifestVersionByLocation.Component recorded 1 samples, mean = 2.0 (flags = 0x41)
0  ... 
2  -O                                                                        (1 = 100.0%) {0.0%}
3  ... 

Histogram: Extensions.ManifestVersionPopulationSplit.Component recorded 1 samples, mean = 1.0 (flags = 0x41)
0  O                                                                         (0 = 0.0%)
1  -O                                                                        (1 = 100.0%) {0.0%}
2  ... 

Histogram: Extensions.ManifestVersionPopulationSplit.External recorded 1 samples, mean = 0.0 (flags = 0x41)
0  -O                                                                        (1 = 100.0%)
1  ... 

Histogram: Extensions.ManifestVersionPopulationSplit.Internal recorded 1 samples, mean = 0.0 (flags = 0x41)
0  -O                                                                        (1 = 100.0%)
1  ... 

Histogram: Extensions.ManifestVersionPopulationSplit.InternalAndExternal recorded 1 samples, mean = 0.0 (flags = 0x41)
0  -O                                                                        (1 = 100.0%)
1  ... 

Histogram: Extensions.ManifestVersionPopulationSplit.Unpacked recorded 1 samples, mean = 0.0 (flags = 0x41)
0  -O                                                                        (1 = 100.0%)
1  ... 

Histogram: Extensions.NewTabPageOverrides recorded 1 samples, mean = 0.0 (flags = 0x41)
0  -O                                                                        (1 = 100.0%)
1  ... 

Histogram: Extensions.NewTabPageOverrides2 recorded 1 samples, mean = 0.0 (flags = 0x41)
0  -O                                                                        (1 = 100.0%)
1  ... 

Histogram: Extensions.NonWebStoreNewTabPageOverrides recorded 1 samples, mean = 0.0 (flags = 0x41)
0  -O                                                                        (1 = 100.0%)
1  ... 

Histogram: Extensions.NonWebStoreNewTabPageOverrides2 recorded 1 samples, mean = 0.0 (flags = 0x41)
0  -O                                                                        (1 = 100.0%)
1  ... 

Histogram: Extensions.NonWebstoreLocation recorded 2 samples, mean = 5.0 (flags = 0x41)
0  ... 
5  --O                                                                       (2 = 100.0%) {0.0%}
6  ... 

Histogram: Extensions.NonWebstoreLocation2 recorded 2 samples, mean = 5.0 (flags = 0x41)
0  ... 
5  --O                                                                       (2 = 100.0%) {0.0%}
6  ... 

Histogram: Extensions.NonWebstoreLocationWithDeveloperModeOff.Enabled3 recorded 2 samples, mean = 5.0 (flags = 0x41)
0  ... 
5  --O                                                                       (2 = 100.0%) {0.0%}
6  ... 

Histogram: Extensions.NotAllowlistedDisabled recorded 1 samples, mean = 0.0 (flags = 0x41)
0  -O                                                                        (1 = 100.0%)
1  ... 

Histogram: Extensions.NotAllowlistedDisabled2 recorded 1 samples, mean = 0.0 (flags = 0x41)
0  -O                                                                        (1 = 100.0%)
1  ... 

Histogram: Extensions.NotAllowlistedEnabled recorded 1 samples, mean = 0.0 (flags = 0x41)
0  -O                                                                        (1 = 100.0%)
1  ... 

Histogram: Extensions.NotAllowlistedEnabled2 recorded 1 samples, mean = 0.0 (flags = 0x41)
0  -O                                                                        (1 = 100.0%)
1  ... 

Histogram: Extensions.ProcessManagerStartupHostsTime2 recorded 1 samples, mean = 0.0 (flags = 0x41)
0  -O                                                                        (1 = 100.0%)
1  ... 

Histogram: Extensions.SearchEngineOverrides recorded 1 samples, mean = 0.0 (flags = 0x41)
0  -O                                                                        (1 = 100.0%)
1  ... 

Histogram: Extensions.SearchEngineOverrides2 recorded 1 samples, mean = 0.0 (flags = 0x41)
0  -O                                                                        (1 = 100.0%)
1  ... 

Histogram: Extensions.StartupPagesOverrides recorded 1 samples, mean = 0.0 (flags = 0x41)
0  -O                                                                        (1 = 100.0%)
1  ... 

Histogram: Extensions.StartupPagesOverrides2 recorded 1 samples, mean = 0.0 (flags = 0x41)
0  -O                                                                        (1 = 100.0%)
1  ... 

Histogram: Extensions.WebRequestBlockingCount recorded 1 samples, mean = 0.0 (flags = 0x41)
0  -O                                                                        (1 = 100.0%)
1  ... 

Histogram: Extensions.WebRequestBlockingCount2 recorded 1 samples, mean = 0.0 (flags = 0x41)
0  -O                                                                        (1 = 100.0%)
1  ... 

Histogram: Extensions.WebRequestCount recorded 1 samples, mean = 0.0 (flags = 0x41)
0  -O                                                                        (1 = 100.0%)
1  ... 

Histogram: Extensions.WebRequestCount2 recorded 1 samples, mean = 0.0 (flags = 0x41)
0  -O                                                                        (1 = 100.0%)
1  ... 

Histogram: FetchKeepAlive.Renderer.Total.ReceivedResponse recorded 1 samples, mean = 1.0 (flags = 0x41)
0  O                                                                         (0 = 0.0%)
1  -O                                                                        (1 = 100.0%) {0.0%}
2  O                                                                         (0 = 0.0%) {100.0%}

Histogram: FetchKeepAlive.Renderer.Total.Started recorded 1 samples, mean = 1.0 (flags = 0x41)
0  O                                                                         (0 = 0.0%)
1  -O                                                                        (1 = 100.0%) {0.0%}
2  O                                                                         (0 = 0.0%) {100.0%}

Histogram: FetchKeepAlive.Requests2.Network recorded 2 samples, mean = 0.5 (flags = 0x41)
0  -O                                                                        (1 = 50.0%)
1  -O                                                                        (1 = 50.0%) {50.0%}
2  O                                                                         (0 = 0.0%) {100.0%}

Histogram: FetchKeepAlive.Requests2.SentToService.Renderer recorded 1 samples, mean = 2.0 (flags = 0x41)
0  ... 
2  -O                                                                        (1 = 100.0%) {0.0%}
3  ... 

Histogram: FetchKeepAlive.Requests2.Started.IsContextDetached.Renderer recorded 1 samples, mean = 0.0 (flags = 0x41)
0  -O                                                                        (1 = 100.0%)
1  ... 

Histogram: FetchKeepAlive.Requests2.Started.Renderer recorded 1 samples, mean = 1.0 (flags = 0x41)
0  O                                                                         (0 = 0.0%)
1  -O                                                                        (1 = 100.0%) {0.0%}
2  ... 

Histogram: FetchKeepAlive.Requests2.Succeeded.IsContextDetached.Renderer recorded 1 samples, mean = 0.0 (flags = 0x41)
0  -O                                                                        (1 = 100.0%)
1  ... 

Histogram: FetchKeepAlive.Requests2.Succeeded.Renderer recorded 1 samples, mean = 1.0 (flags = 0x41)
0  O                                                                         (0 = 0.0%)
1  -O                                                                        (1 = 100.0%) {0.0%}
2  ... 

Histogram: FetchKeepAlive.Requests2.Total.Renderer recorded 1 samples, mean = 1.0 (flags = 0x41)
0  O                                                                         (0 = 0.0%)
1  -O                                                                        (1 = 100.0%) {0.0%}
2  ... 

Histogram: FirstPartySets.Database.InitStatus recorded 1 samples, mean = 1.0 (flags = 0x41)
0  O                                                                         (0 = 0.0%)
1  -O                                                                        (1 = 100.0%) {0.0%}
2  ... 

Histogram: FirstPartySets.Database.TransactionFailed recorded 7 samples, mean = 0.0 (flags = 0x41)
0  -------O                                                                  (7 = 100.0%)
1  ... 

Histogram: FirstPartySets.Initialization.ClearSiteDataOutcome recorded 1 samples, mean = 1.0 (flags = 0x41)
0  O                                                                         (0 = 0.0%)
1  -O                                                                        (1 = 100.0%) {0.0%}
2  O                                                                         (0 = 0.0%) {100.0%}

Histogram: FirstPartySets.Initialization.SitesToClear.Count recorded 1 samples, mean = 0.0 (flags = 0x41)
0  -O                                                                        (1 = 100.0%)
1  ... 

Histogram: GPU.ANGLE.D3DShaderBlobSizeKB recorded 4 samples, mean = 0.5 (flags = 0x41)
0  ----O                                                                     (4 = 100.0%)
1000... 

Histogram: GPU.ANGLE.D3DShaderCompilationTimeUs recorded 4 samples, mean = 4723.0 (flags = 0x41)
0     ... 
1774  -O                                                                        (1 = 25.0%) {0.0%}
2336  O                                                                         (0 = 0.0%) {25.0%}
3077  --O                                                                       (2 = 50.0%) {25.0%}
4053  ... 
9260  -O                                                                        (1 = 25.0%) {75.0%}
12196 ... 

Histogram: GPU.BlocklistFeatureTestResults.Accelerated2dCanvas recorded 1 samples, mean = 0.0 (flags = 0x41)
0  -O                                                                        (1 = 100.0%)
1  ... 

Histogram: GPU.BlocklistFeatureTestResults.GpuCompositing recorded 1 samples, mean = 0.0 (flags = 0x41)
0  -O                                                                        (1 = 100.0%)
1  ... 

Histogram: GPU.BlocklistFeatureTestResults.GpuRasterization recorded 1 samples, mean = 0.0 (flags = 0x41)
0  -O                                                                        (1 = 100.0%)
1  ... 

Histogram: GPU.BlocklistFeatureTestResults.Webgl recorded 1 samples, mean = 0.0 (flags = 0x41)
0  -O                                                                        (1 = 100.0%)
1  ... 

Histogram: GPU.BlocklistFeatureTestResults.Webgl2 recorded 1 samples, mean = 0.0 (flags = 0x41)
0  -O                                                                        (1 = 100.0%)
1  ... 

Histogram: GPU.BlocklistFeatureTestResults.Webgpu recorded 1 samples, mean = 2.0 (flags = 0x41)
0  ... 
2  -O                                                                        (1 = 100.0%) {0.0%}
3  ... 

Histogram: GPU.BlocklistTestResultsPerEntry recorded 1 samples, mean = 0.0 (flags = 0x41)
0  -O                                                                        (1 = 100.0%)
1  ... 

Histogram: GPU.CanvasOopRaster.OopRasterAndGpuAcceleration recorded 1 samples, mean = 0.0 (flags = 0x41)
0  -O                                                                        (1 = 100.0%)
1  ... 

Histogram: GPU.CompositingMode recorded 26 samples, mean = 1.0 (flags = 0x41)
0  O                                                                         (0 = 0.0%)
1  --------------------------O                                               (26 = 100.0%) {0.0%}
2  ... 

Histogram: GPU.D3D12FeatureLevel recorded 1 samples, mean = 5.0 (flags = 0x41)
0  ... 
5  -O                                                                        (1 = 100.0%) {0.0%}
6  O                                                                         (0 = 0.0%) {100.0%}

Histogram: GPU.D3D12HighestShaderModel2 recorded 1 samples, mean = 9.0 (flags = 0x41)
0  ... 
9  -O                                                                        (1 = 100.0%) {0.0%}
10 O                                                                         (0 = 0.0%) {100.0%}

Histogram: GPU.DriverBugTestResultsPerEntry recorded 16 samples (flags = 0x41)
0    -O                                                                        (1 = 6.2%)
17   -O                                                                        (1 = 6.2%)
132  -O                                                                        (1 = 6.2%)
206  -O                                                                        (1 = 6.2%)
256  -O                                                                        (1 = 6.2%)
315  -O                                                                        (1 = 6.2%)
346  -O                                                                        (1 = 6.2%)
347  -O                                                                        (1 = 6.2%)
360  -O                                                                        (1 = 6.2%)
362  -O                                                                        (1 = 6.2%)
371  -O                                                                        (1 = 6.2%)
380  -O                                                                        (1 = 6.2%)
413  -O                                                                        (1 = 6.2%)
414  -O                                                                        (1 = 6.2%)
419  -O                                                                        (1 = 6.2%)
430  -O                                                                        (1 = 6.2%)

Histogram: GPU.EstablishGpuChannelSyncTime recorded 2 samples, mean = 177.0 (flags = 0x41)
0    ... 
5    -O                                                                        (1 = 50.0%) {0.0%}
6    ... 
318  -O                                                                        (1 = 50.0%) {50.0%}
378  ... 

Histogram: GPU.EstablishGpuChannelSyncTime.FirstRun recorded 2 samples, mean = 177.0 (flags = 0x41)
0    ... 
5    -O                                                                        (1 = 50.0%) {0.0%}
6    ... 
318  -O                                                                        (1 = 50.0%) {50.0%}
378  ... 

Histogram: GPU.GPUProcessLaunchTime recorded 2 samples, mean = 1853.5 (flags = 0x41)
0     ... 
318   -O                                                                        (1 = 50.0%) {0.0%}
378   ... 
2990  -O                                                                        (1 = 50.0%) {50.0%}
3553  ... 

Histogram: GPU.GPUProcessTerminationStatus2 recorded 1 samples, mean = 4.0 (flags = 0x41)
0  ... 
4  -O                                                                        (1 = 100.0%) {0.0%}
5  ... 

Histogram: GPU.HardwareAccelerationModeEnabled recorded 1 samples, mean = 1.0 (flags = 0x41)
0  O                                                                         (0 = 0.0%)
1  -O                                                                        (1 = 100.0%) {0.0%}
2  O                                                                         (0 = 0.0%) {100.0%}

Histogram: GPU.Output.HDR recorded 4 samples, mean = 0.0 (flags = 0x41)
0  ----O                                                                     (4 = 100.0%)
1  ... 

Histogram: GPU.ProcessLifetimeEvents.HardwareAccelerated recorded 1 samples, mean = 0.0 (flags = 0x41)
0  -O                                                                        (1 = 100.0%)
1  ... 

Histogram: GPU.RasterDecoder.TimeToFlush recorded 2 samples, mean = 822.5 (flags = 0x41)
0     ... 
320   -O                                                                        (1 = 50.0%) {0.0%}
364   ... 
1168  -O                                                                        (1 = 50.0%) {50.0%}
1330  ... 

Histogram: GPU.SharedImage.BackingType recorded 5 samples, mean = 8.0 (flags = 0x41)
0   ... 
2   --O                                                                       (2 = 40.0%) {0.0%}
3   ... 
12  ---O                                                                      (3 = 60.0%) {40.0%}
13  ... 

Histogram: GPU.SharedImage.ContentConsumed recorded 11 samples, mean = 0.5 (flags = 0x41)
0  ------O                                                                   (6 = 54.5%)
1  -----O                                                                    (5 = 45.5%) {54.5%}
2  O                                                                         (0 = 0.0%) {100.0%}

Histogram: GPU.SkiaBackendType recorded 1 samples, mean = 2.0 (flags = 0x41)
0  ... 
2  -O                                                                        (1 = 100.0%) {0.0%}
3  ... 

Histogram: GPU.SupportsDX12 recorded 1 samples, mean = 1.0 (flags = 0x41)
0  O                                                                         (0 = 0.0%)
1  -O                                                                        (1 = 100.0%) {0.0%}
2  O                                                                         (0 = 0.0%) {100.0%}

Histogram: GPU.WatchdogThread.Event recorded 1 samples, mean = 0.0 (flags = 0x41)
0  -O                                                                        (1 = 100.0%)
1  ... 

Histogram: GPU.WatchdogThread.Event.main recorded 1 samples, mean = 0.0 (flags = 0x41)
0  -O                                                                        (1 = 100.0%)
1  ... 

Histogram: GPU.WatchdogThread.Timeout recorded 243 samples, mean = 0.0 (flags = 0x41)
0  ------------------------------------------------------------------------O (243 = 100.0%)
1  ... 

Histogram: GPU.WatchdogThread.Timeout.Normal recorded 234 samples, mean = 0.0 (flags = 0x41)
0  ------------------------------------------------------------------------O (234 = 100.0%)
1  ... 

Histogram: GPU.WatchdogThread.Timeout.Normal.main recorded 234 samples, mean = 0.0 (flags = 0x41)
0  ------------------------------------------------------------------------O (234 = 100.0%)
1  ... 

Histogram: GPU.WatchdogThread.Timeout.PowerResume recorded 9 samples, mean = 0.0 (flags = 0x41)
0  ---------O                                                                (9 = 100.0%)
1  ... 

Histogram: GPU.WatchdogThread.Timeout.PowerResume.main recorded 9 samples, mean = 0.0 (flags = 0x41)
0  ---------O                                                                (9 = 100.0%)
1  ... 

Histogram: GPU.WatchdogThread.Timeout.main recorded 243 samples, mean = 0.0 (flags = 0x41)
0  ------------------------------------------------------------------------O (243 = 100.0%)
1  ... 

Histogram: Gaia.AuthFetcher.ListAccounts.NetErrorCodes recorded 1 samples (flags = 0x41)
0  -O                                                                        (1 = 100.0%)

Histogram: Gpu.FenceHandle.CloneCountsPerSubmit recorded 5 samples, mean = 0.0 (flags = 0x41)
0  -----O                                                                    (5 = 100.0%)
1  ... 

Histogram: Gpu.GrCompileShaderUs recorded 4 samples, mean = 557.0 (flags = 0x41)
0    ... 
258  -O                                                                        (1 = 25.0%) {0.0%}
340  O                                                                         (0 = 0.0%) {25.0%}
448  --O                                                                       (2 = 50.0%) {25.0%}
590  O                                                                         (0 = 0.0%) {75.0%}
777  -O                                                                        (1 = 25.0%) {75.0%}
1023 ... 

Histogram: Gpu.GrLinkProgramUs recorded 2 samples, mean = 8258.0 (flags = 0x41)
0      ... 
3077   -O                                                                        (1 = 50.0%) {0.0%}
4053   ... 
12196  -O                                                                        (1 = 50.0%) {50.0%}
16063  ... 

Histogram: Gpu.PassthroughProgramCacheLoadHitInCache recorded 2 samples, mean = 0.0 (flags = 0x41)
0  --O                                                                       (2 = 100.0%)
1  ... 

Histogram: Gpu.Rasterization.Raster.MSAASampleCountLog2 recorded 2 samples, mean = 0.0 (flags = 0x41)
0  --O                                                                       (2 = 100.0%)
1  ... 

Histogram: HangWatcher.IsThreadHung.BrowserProcess.IOThread.Normal recorded 742 samples, mean = 0.0 (flags = 0x41)
0  ------------------------------------------------------------------------O (742 = 100.0%)
1  ... 

Histogram: HangWatcher.IsThreadHung.BrowserProcess.UIThread.Normal recorded 742 samples, mean = 0.0 (flags = 0x41)
0  ------------------------------------------------------------------------O (742 = 100.0%)
1  ... 

Histogram: HangWatcher.IsThreadHung.RendererProcess.IOThread recorded 740 samples, mean = 0.0 (flags = 0x41)
0  ------------------------------------------------------------------------O (740 = 100.0%)
1  ... 

Histogram: HangWatcher.IsThreadHung.RendererProcess.IOThread.BestEffort recorded 737 samples, mean = 0.0 (flags = 0x41)
0  ------------------------------------------------------------------------O (737 = 100.0%)
1  ... 

Histogram: HangWatcher.IsThreadHung.RendererProcess.MainThread recorded 740 samples, mean = 0.0 (flags = 0x41)
0  ------------------------------------------------------------------------O (740 = 100.0%)
1  ... 

Histogram: HangWatcher.IsThreadHung.RendererProcess.MainThread.BestEffort recorded 737 samples, mean = 0.0 (flags = 0x41)
0  ------------------------------------------------------------------------O (737 = 100.0%)
1  ... 

Histogram: HangWatcher.IsThreadHung.UtilityProcess.IOThread recorded 1482 samples, mean = 0.0 (flags = 0x41)
0  ------------------------------------------------------------------------O (1482 = 100.0%)
1  ... 

Histogram: HangWatcher.IsThreadHung.UtilityProcess.MainThread recorded 1482 samples, mean = 0.0 (flags = 0x41)
0  ------------------------------------------------------------------------O (1482 = 100.0%)
1  ... 

Histogram: HangWatcher.SleepDrift.BrowserProcess recorded 3726 samples, mean = 1908.0 (flags = 0x41)
0      ------------------------------------------------------------------------O (792 = 21.3%)
1      ----------------------O                                                   (247 = 6.6%) {21.3%}
2      ----------------O                                                         (176 = 4.7%) {27.9%}
3      ----------------O                                                         (180 = 4.8%) {32.6%}
4      -----------------O                                                        (192 = 5.2%) {37.4%}
5      ----------------O                                                         (173 = 4.6%) {42.6%}
6      ----------------O                                                         (175 = 4.7%) {47.2%}
7      --------------------O                                                     (218 = 5.9%) {51.9%}
8      ------------------------------------O                                     (398 = 10.7%) {57.8%}
10     -------------------------------------O                                    (405 = 10.9%) {68.5%}
12     -------------------------------------O                                    (409 = 11.0%) {79.3%}
14     -----------------------------O                                            (324 = 8.7%) {90.3%}
17     O                                                                         (3 = 0.1%) {99.0%}
20     O                                                                         (3 = 0.1%) {99.1%}
24     O                                                                         (2 = 0.1%) {99.2%}
29     O                                                                         (2 = 0.1%) {99.2%}
34     O                                                                         (0 = 0.0%) {99.3%}
40     O                                                                         (1 = 0.0%) {99.3%}
48     O                                                                         (0 = 0.0%) {99.3%}
57     O                                                                         (1 = 0.0%) {99.3%}
68     ... 
160    O                                                                         (3 = 0.1%) {99.3%}
190    O                                                                         (0 = 0.0%) {99.4%}
226    O                                                                         (1 = 0.0%) {99.4%}
268    ... 
1062   O                                                                         (4 = 0.1%) {99.4%}
1262   O                                                                         (1 = 0.0%) {99.5%}
1500   ... 
10000  -O                                                                        (16 = 0.4%) {99.6%}

Histogram: Hardware.Display.Count.OnChange recorded 3 samples, mean = 1.3 (flags = 0x41)
0  O                                                                         (0 = 0.0%)
1  --O                                                                       (2 = 66.7%) {0.0%}
2  -O                                                                        (1 = 33.3%) {66.7%}
3  ... 

Histogram: Hardware.Display.Count.OnStartup recorded 1 samples, mean = 2.0 (flags = 0x41)
0  ... 
2  -O                                                                        (1 = 100.0%) {0.0%}
3  ... 

Histogram: Hardware.Display.SupportsHDR recorded 4 samples, mean = 0.0 (flags = 0x41)
0  ----O                                                                     (4 = 100.0%)
1  ... 

Histogram: HeapProfiling.InProcess.Enabled recorded 1 samples, mean = 0.0 (flags = 0x41)
0  -O                                                                        (1 = 100.0%)
1  ... 

Histogram: HeapProfiling.InProcess.Enabled.Browser recorded 1 samples, mean = 0.0 (flags = 0x41)
0  -O                                                                        (1 = 100.0%)
1  ... 

Histogram: Histogram.TooManyBuckets.1000 recorded 4 samples (flags = 0x41)
-2140283801 --O                                                                       (2 = 50.0%)
1721222685  --O                                                                       (2 = 50.0%)

Histogram: History.Backend.TransactionCommitSuccess recorded 2 samples, mean = 1.0 (flags = 0x41)
0  O                                                                         (0 = 0.0%)
1  --O                                                                       (2 = 100.0%) {0.0%}
2  O                                                                         (0 = 0.0%) {100.0%}

Histogram: History.ClearBrowsingData.TaskQueueAtShutdown recorded 1 samples, mean = 0.0 (flags = 0x41)
0  -O                                                                        (1 = 100.0%)
1  ... 

Histogram: History.InMemoryDBItemCount recorded 1 samples, mean = 2.0 (flags = 0x41)
0  ... 
2  -O                                                                        (1 = 100.0%) {0.0%}
3  ... 

Histogram: History.TopSites.QueryFromHistoryTime recorded 1 samples, mean = 333.0 (flags = 0x41)
0    ... 
318  -O                                                                        (1 = 100.0%) {0.0%}
378  ... 

Histogram: History.VisitedLinks.HashTableLengthOnReaderInit recorded 3 samples, mean = 16381.0 (flags = 0x41)
0      ... 
14319  ---O                                                                      (3 = 100.0%) {0.0%}
19866  ... 

Histogram: History.VisitedLinks.HashTableSizeOnTableCreate recorded 2 samples, mean = 0.0 (flags = 0x41)
0  --O                                                                       (2 = 100.0%)
1  ... 

Histogram: History.VisitedLinks.HashTableUsageOnLinkAdded recorded 3 samples, mean = 1.3 (flags = 0x41)
0  -O                                                                        (1 = 33.3%)
1  O                                                                         (0 = 0.0%) {33.3%}
2  --O                                                                       (2 = 66.7%) {33.3%}
3  ... 

Histogram: History.VisitedLinks.TryToAddFingerprint recorded 4 samples, mean = 0.8 (flags = 0x41)
0  -O                                                                        (1 = 25.0%)
1  ---O                                                                      (3 = 75.0%) {25.0%}
2  ... 

Histogram: History.VisitedLinks.VisitLoggedFromMainFrame recorded 3 samples, mean = 1.0 (flags = 0x41)
0  O                                                                         (0 = 0.0%)
1  ---O                                                                      (3 = 100.0%) {0.0%}
2  O                                                                         (0 = 0.0%) {100.0%}

Histogram: History.VisitedLinks.VisitLoggedFromTransition recorded 3 samples, mean = 1.7 (flags = 0x41)
0  O                                                                         (0 = 0.0%)
1  -O                                                                        (1 = 33.3%) {0.0%}
2  --O                                                                       (2 = 66.7%) {33.3%}
3  ... 

Histogram: HttpCache.AccessToDone2 recorded 52 samples, mean = 164.6 (flags = 0x41)
0     O                                                                         (0 = 0.0%)
1     --O                                                                       (2 = 3.8%) {0.0%}
2     -O                                                                        (1 = 1.9%) {3.8%}
3     ... 
5     --O                                                                       (2 = 3.8%) {5.8%}
6     O                                                                         (0 = 0.0%) {9.6%}
7     --O                                                                       (2 = 3.8%) {9.6%}
8     ----O                                                                     (4 = 7.7%) {13.5%}
9     O                                                                         (0 = 0.0%) {21.2%}
10    --O                                                                       (2 = 3.8%) {21.2%}
11    -------O                                                                  (7 = 13.5%) {25.0%}
12    -O                                                                        (1 = 1.9%) {38.5%}
13    O                                                                         (0 = 0.0%) {40.4%}
14    -O                                                                        (1 = 1.9%) {40.4%}
15    -O                                                                        (1 = 1.9%) {42.3%}
16    ----O                                                                     (4 = 7.7%) {44.2%}
18    -O                                                                        (1 = 1.9%) {51.9%}
20    ... 
24    ----O                                                                     (4 = 7.7%) {53.8%}
26    --O                                                                       (2 = 3.8%) {61.5%}
28    ---O                                                                      (3 = 5.8%) {65.4%}
31    ---O                                                                      (3 = 5.8%) {71.2%}
34    ... 
194   -O                                                                        (1 = 1.9%) {76.9%}
212   O                                                                         (0 = 0.0%) {78.8%}
232   ---O                                                                      (3 = 5.8%) {78.8%}
254   -O                                                                        (1 = 1.9%) {84.6%}
278   ... 
333   --O                                                                       (2 = 3.8%) {86.5%}
364   ... 
684   ---O                                                                      (3 = 5.8%) {90.4%}
748   ... 
1282  -O                                                                        (1 = 1.9%) {96.2%}
1403  ... 
2408  -O                                                                        (1 = 1.9%) {98.1%}
2635  ... 

Histogram: HttpCache.AccessToDone2.SentRequest recorded 13 samples, mean = 612.9 (flags = 0x41)
0     ... 
24    -O                                                                        (1 = 7.7%) {0.0%}
26    ... 
194   -O                                                                        (1 = 7.7%) {7.7%}
212   O                                                                         (0 = 0.0%) {15.4%}
232   ---O                                                                      (3 = 23.1%) {15.4%}
254   -O                                                                        (1 = 7.7%) {38.5%}
278   ... 
333   --O                                                                       (2 = 15.4%) {46.2%}
364   ... 
684   ---O                                                                      (3 = 23.1%) {61.5%}
748   ... 
1282  -O                                                                        (1 = 7.7%) {84.6%}
1403  ... 
2408  -O                                                                        (1 = 7.7%) {92.3%}
2635  ... 

Histogram: HttpCache.AccessToDone2.Used recorded 39 samples, mean = 15.1 (flags = 0x41)
0   O                                                                         (0 = 0.0%)
1   --O                                                                       (2 = 5.1%) {0.0%}
2   -O                                                                        (1 = 2.6%) {5.1%}
3   ... 
5   --O                                                                       (2 = 5.1%) {7.7%}
6   O                                                                         (0 = 0.0%) {12.8%}
7   --O                                                                       (2 = 5.1%) {12.8%}
8   ----O                                                                     (4 = 10.3%) {17.9%}
9   O                                                                         (0 = 0.0%) {28.2%}
10  --O                                                                       (2 = 5.1%) {28.2%}
11  -------O                                                                  (7 = 17.9%) {33.3%}
12  -O                                                                        (1 = 2.6%) {51.3%}
13  O                                                                         (0 = 0.0%) {53.8%}
14  -O                                                                        (1 = 2.6%) {53.8%}
15  -O                                                                        (1 = 2.6%) {56.4%}
16  ----O                                                                     (4 = 10.3%) {59.0%}
17  O                                                                         (0 = 0.0%) {69.2%}
18  -O                                                                        (1 = 2.6%) {69.2%}
19  ... 
25  -----O                                                                    (5 = 12.8%) {71.8%}
27  -O                                                                        (1 = 2.6%) {84.6%}
29  --O                                                                       (2 = 5.1%) {87.2%}
31  --O                                                                       (2 = 5.1%) {92.3%}
33  -O                                                                        (1 = 2.6%) {97.4%}
35  ... 

Histogram: HttpCache.AddTransactionToEntry recorded 56 samples, mean = 0.0 (flags = 0x41)
0  ------------------------------------------------------O                   (54 = 96.4%)
1  --O                                                                       (2 = 3.6%) {96.4%}
2  ... 

Histogram: HttpCache.BeforeSend recorded 13 samples, mean = 1.8 (flags = 0x41)
0   -----------O                                                              (11 = 84.6%)
1   ... 
10  -O                                                                        (1 = 7.7%) {84.6%}
12  -O                                                                        (1 = 7.7%) {92.3%}
14  ... 

Histogram: HttpCache.BeforeSend.CantConditionalize recorded 5 samples, mean = 2.2 (flags = 0x41)
0   ----O                                                                     (4 = 80.0%)
1   ... 
10  -O                                                                        (1 = 20.0%) {80.0%}
12  ... 

Histogram: HttpCache.BeforeSend.NotCached recorded 4 samples, mean = 0.0 (flags = 0x41)
0  ----O                                                                     (4 = 100.0%)
1  ... 

Histogram: HttpCache.BeforeSend.Updated recorded 1 samples, mean = 13.0 (flags = 0x41)
0   ... 
12  -O                                                                        (1 = 100.0%) {0.0%}
14  ... 

Histogram: HttpCache.BeforeSend.Validated recorded 3 samples, mean = 0.0 (flags = 0x41)
0  ---O                                                                      (3 = 100.0%)
1  ... 

Histogram: HttpCache.CreateDiskEntry recorded 4 samples, mean = 0.0 (flags = 0x41)
0  ----O                                                                     (4 = 100.0%)
1  ... 

Histogram: HttpCache.HardReset recorded 1 samples, mean = 0.0 (flags = 0x40)
0  -O                                                                        (1 = 100.0%)
1  ... 

Histogram: HttpCache.IsNoStore recorded 81 samples, mean = 0.0 (flags = 0x41)
0  ------------------------------------------------------------------------O (77 = 95.1%)
1  ----O                                                                     (4 = 4.9%) {95.1%}
2  O                                                                         (0 = 0.0%) {100.0%}

Histogram: HttpCache.IsNoStore.MainFrameHTML recorded 1 samples, mean = 1.0 (flags = 0x41)
0  O                                                                         (0 = 0.0%)
1  -O                                                                        (1 = 100.0%) {0.0%}
2  O                                                                         (0 = 0.0%) {100.0%}

Histogram: HttpCache.MaxFileSizeOnInit recorded 1 samples, mean = 40960.0 (flags = 0x41)
0      ... 
37526  -O                                                                        (1 = 100.0%) {0.0%}
42713  ... 

Histogram: HttpCache.OpenDiskEntry recorded 52 samples, mean = 0.0 (flags = 0x41)
0  ---------------------------------------------------O                      (51 = 98.1%)
1  -O                                                                        (1 = 1.9%) {98.1%}
2  ... 

Histogram: HttpCache.Pattern recorded 81 samples, mean = 2.5 (flags = 0x41)
0  O                                                                         (0 = 0.0%)
1  -----------------------------O                                            (29 = 35.8%) {0.0%}
2  ----O                                                                     (4 = 4.9%) {35.8%}
3  ---------------------------------------O                                  (39 = 48.1%) {40.7%}
4  ---O                                                                      (3 = 3.7%) {88.9%}
5  -O                                                                        (1 = 1.2%) {92.6%}
6  -----O                                                                    (5 = 6.2%) {93.8%}
7  O                                                                         (0 = 0.0%) {100.0%}

Histogram: HttpCache.Pattern.CSS recorded 8 samples, mean = 3.1 (flags = 0x41)
0  ... 
3  -------O                                                                  (7 = 87.5%) {0.0%}
4  -O                                                                        (1 = 12.5%) {87.5%}
5  ... 

Histogram: HttpCache.Pattern.CSSThirdParty recorded 8 samples, mean = 3.1 (flags = 0x41)
0  ... 
3  -------O                                                                  (7 = 87.5%) {0.0%}
4  -O                                                                        (1 = 12.5%) {87.5%}
5  ... 

Histogram: HttpCache.Pattern.Font recorded 5 samples, mean = 3.0 (flags = 0x41)
0  ... 
3  -----O                                                                    (5 = 100.0%) {0.0%}
4  ... 

Histogram: HttpCache.Pattern.FontThirdParty recorded 5 samples, mean = 3.0 (flags = 0x41)
0  ... 
3  -----O                                                                    (5 = 100.0%) {0.0%}
4  ... 

Histogram: HttpCache.Pattern.JavaScript recorded 27 samples, mean = 3.1 (flags = 0x41)
0  ... 
3  --------------------------O                                               (26 = 96.3%) {0.0%}
4  O                                                                         (0 = 0.0%) {96.3%}
5  -O                                                                        (1 = 3.7%) {96.3%}
6  ... 

Histogram: HttpCache.Pattern.JavaScriptThirdParty recorded 25 samples, mean = 3.1 (flags = 0x41)
0  ... 
3  ------------------------O                                                 (24 = 96.0%) {0.0%}
4  O                                                                         (0 = 0.0%) {96.0%}
5  -O                                                                        (1 = 4.0%) {96.0%}
6  ... 

Histogram: HttpCache.Pattern.MainFrameHTML recorded 1 samples, mean = 2.0 (flags = 0x41)
0  ... 
2  -O                                                                        (1 = 100.0%) {0.0%}
3  ... 

Histogram: HttpCache.TotalDiskCacheTimePerTransaction.Read recorded 9 samples, mean = 2.3 (flags = 0x41)
0   -------O                                                                  (7 = 77.8%)
1   ... 
10  --O                                                                       (2 = 22.2%) {77.8%}
12  ... 

Histogram: HttpCache.TotalDiskCacheTimePerTransaction.Write recorded 9 samples, mean = 0.1 (flags = 0x41)
0  --------O                                                                 (8 = 88.9%)
1  -O                                                                        (1 = 11.1%) {88.9%}
2  ... 

Histogram: ImageDecoder.Png.UiGfxIntoSkBitmap recorded 1 samples, mean = 683.0 (flags = 0x41)
0    ... 
590  -O                                                                        (1 = 100.0%) {0.0%}
777  ... 

Histogram: ImportantFile.FileReplaceRetryCount recorded 108 samples, mean = 0.0 (flags = 0x41)
0  ------------------------------------------------------------------------O (108 = 100.0%)
1  ... 

Histogram: ImportantFile.SerializationDuration recorded 48 samples, mean = 0.0 (flags = 0x41)
0  ------------------------------------------------O                         (48 = 100.0%)
1  ... 

Histogram: ImportantFile.SerializationDuration.Local_State recorded 5 samples, mean = 0.0 (flags = 0x41)
0  -----O                                                                    (5 = 100.0%)
1  ... 

Histogram: ImportantFile.SerializationDuration.Preferences recorded 4 samples, mean = 0.0 (flags = 0x41)
0  ----O                                                                     (4 = 100.0%)
1  ... 

Histogram: ImportantFile.SerializationDuration.TransportSecurityPersister recorded 48 samples, mean = 0.0 (flags = 0x41)
0  ------------------------------------------------O                         (48 = 100.0%)
1  ... 

Histogram: ImportantFile.WriteDuration recorded 48 samples, mean = 13.5 (flags = 0x41)
0   ... 
5   --O                                                                       (2 = 4.2%) {0.0%}
6   ---O                                                                      (3 = 6.2%) {4.2%}
7   ----O                                                                     (4 = 8.3%) {10.4%}
8   --------O                                                                 (8 = 16.7%) {18.8%}
10  -O                                                                        (1 = 2.1%) {35.4%}
12  --O                                                                       (2 = 4.2%) {37.5%}
14  ------------O                                                             (12 = 25.0%) {41.7%}
17  -------------O                                                            (13 = 27.1%) {66.7%}
20  --O                                                                       (2 = 4.2%) {93.8%}
24  ... 
34  -O                                                                        (1 = 2.1%) {97.9%}
40  ... 

Histogram: ImportantFile.WriteDuration.Local_State recorded 5 samples, mean = 18.8 (flags = 0x41)
0   ... 
4   -O                                                                        (1 = 20.0%) {0.0%}
5   O                                                                         (0 = 0.0%) {20.0%}
6   -O                                                                        (1 = 20.0%) {20.0%}
7   O                                                                         (0 = 0.0%) {40.0%}
8   -O                                                                        (1 = 20.0%) {40.0%}
10  ... 
14  -O                                                                        (1 = 20.0%) {60.0%}
17  ... 
57  -O                                                                        (1 = 20.0%) {80.0%}
68  ... 

Histogram: ImportantFile.WriteDuration.Preferences recorded 4 samples, mean = 7.8 (flags = 0x41)
0   ... 
5   -O                                                                        (1 = 25.0%) {0.0%}
6   -O                                                                        (1 = 25.0%) {25.0%}
7   O                                                                         (0 = 0.0%) {50.0%}
8   -O                                                                        (1 = 25.0%) {50.0%}
10  -O                                                                        (1 = 25.0%) {75.0%}
12  ... 

Histogram: ImportantFile.WriteDuration.SCTAuditing recorded 2 samples, mean = 7.5 (flags = 0x41)
0  ... 
6  -O                                                                        (1 = 50.0%) {0.0%}
7  O                                                                         (0 = 0.0%) {50.0%}
8  -O                                                                        (1 = 50.0%) {50.0%}
10 ... 

Histogram: ImportantFile.WriteDuration.TransportSecurityPersister recorded 48 samples, mean = 15.6 (flags = 0x41)
0   ... 
3   -O                                                                        (1 = 2.1%) {0.0%}
4   O                                                                         (0 = 0.0%) {2.1%}
5   ---O                                                                      (3 = 6.2%) {2.1%}
6   -----O                                                                    (5 = 10.4%) {8.3%}
7   --O                                                                       (2 = 4.2%) {18.8%}
8   -----O                                                                    (5 = 10.4%) {22.9%}
10  O                                                                         (0 = 0.0%) {33.3%}
12  --O                                                                       (2 = 4.2%) {33.3%}
14  --------------O                                                           (14 = 29.2%) {37.5%}
17  ------------O                                                             (12 = 25.0%) {66.7%}
20  --O                                                                       (2 = 4.2%) {91.7%}
24  ... 
57  -O                                                                        (1 = 2.1%) {95.8%}
68  O                                                                         (0 = 0.0%) {97.9%}
81  -O                                                                        (1 = 2.1%) {97.9%}
96  ... 

Histogram: ImportantFile.WriteDuration.TrustedVault recorded 1 samples, mean = 7.0 (flags = 0x41)
0  ... 
7  -O                                                                        (1 = 100.0%) {0.0%}
8  ... 

Histogram: InProductHelp.Config.ParsingEvent recorded 68 samples, mean = 6.4 (flags = 0x41)
0   -----------------------------O                                            (29 = 42.6%)
1   O                                                                         (0 = 0.0%) {42.6%}
2   ---------O                                                                (9 = 13.2%) {42.6%}
3   ... 
14  ------------------------------O                                           (30 = 44.1%) {55.9%}
15  ... 

Histogram: InProductHelp.Db.Init.AvailabilityStore recorded 1 samples, mean = 1.0 (flags = 0x41)
0  O                                                                         (0 = 0.0%)
1  -O                                                                        (1 = 100.0%) {0.0%}
2  O                                                                         (0 = 0.0%) {100.0%}

Histogram: InProductHelp.Db.Init.EventStore recorded 1 samples, mean = 1.0 (flags = 0x41)
0  O                                                                         (0 = 0.0%)
1  -O                                                                        (1 = 100.0%) {0.0%}
2  O                                                                         (0 = 0.0%) {100.0%}

Histogram: InProductHelp.Db.Load.AvailabilityStore recorded 1 samples, mean = 1.0 (flags = 0x41)
0  O                                                                         (0 = 0.0%)
1  -O                                                                        (1 = 100.0%) {0.0%}
2  O                                                                         (0 = 0.0%) {100.0%}

Histogram: InProductHelp.Db.Load.EventStore recorded 1 samples, mean = 1.0 (flags = 0x41)
0  O                                                                         (0 = 0.0%)
1  -O                                                                        (1 = 100.0%) {0.0%}
2  O                                                                         (0 = 0.0%) {100.0%}

Histogram: InProductHelp.Db.TotalEvents recorded 1 samples, mean = 0.0 (flags = 0x41)
0  -O                                                                        (1 = 100.0%)
1  ... 

Histogram: InProductHelp.Db.Update.AvailabilityStore recorded 1 samples, mean = 1.0 (flags = 0x41)
0  O                                                                         (0 = 0.0%)
1  -O                                                                        (1 = 100.0%) {0.0%}
2  O                                                                         (0 = 0.0%) {100.0%}

Histogram: IndexedDB.ContextShutdownDuration recorded 1 samples, mean = 0.0 (flags = 0x41)
0  -O                                                                        (1 = 100.0%)
1  ... 

Histogram: Input.Digitizer.MaxTouchPoints.Touch recorded 1 samples, mean = 10.0 (flags = 0x41)
0   ... 
10  -O                                                                        (1 = 100.0%) {0.0%}
11  ... 

Histogram: Input.Digitizer.MaxTouchPointsSupportedBySystemAtStartup recorded 1 samples, mean = 10.0 (flags = 0x41)
0   ... 
10  -O                                                                        (1 = 100.0%) {0.0%}
11  ... 

Histogram: Input.Digitizer.OnStartup recorded 1 samples, mean = 3.0 (flags = 0x41)
0  ... 
3  -O                                                                        (1 = 100.0%) {0.0%}
4  ... 

Histogram: Input.PointerTypePrimary recorded 1 samples, mean = 2.0 (flags = 0x41)
0  ... 
2  -O                                                                        (1 = 100.0%) {0.0%}
3  O                                                                         (0 = 0.0%) {100.0%}

Histogram: Input.PointerTypesAll recorded 1 samples, mean = 3.0 (flags = 0x41)
0  ... 
3  -O                                                                        (1 = 100.0%) {0.0%}
4  O                                                                         (0 = 0.0%) {100.0%}

Histogram: LanguageDetection.TFLiteModel.WasModelRequestDeferred recorded 2 samples, mean = 1.0 (flags = 0x41)
0  O                                                                         (0 = 0.0%)
1  --O                                                                       (2 = 100.0%) {0.0%}
2  O                                                                         (0 = 0.0%) {100.0%}

Histogram: LanguageUsage.AcceptLanguage recorded 2 samples (flags = 0x41)
25966  -O                                                                        (1 = 50.0%)
27503  -O                                                                        (1 = 50.0%)

Histogram: LanguageUsage.AcceptLanguage.Count recorded 1 samples, mean = 2.0 (flags = 0x41)
0  ... 
2  -O                                                                        (1 = 100.0%) {0.0%}
3  ... 

Histogram: LanguageUsage.AcceptLanguageAndContentLanguageUsage recorded 1 samples, mean = 0.0 (flags = 0x41)
0  -O                                                                        (1 = 100.0%)
1  ... 

Histogram: LanguageUsage.AcceptLanguageAndXmlHtmlLangUsage recorded 1 samples, mean = 7.0 (flags = 0x41)
0  ... 
7  -O                                                                        (1 = 100.0%) {0.0%}
8  O                                                                         (0 = 0.0%) {100.0%}

Histogram: LevelDB.ApproximateMemTableMemoryUse.BudgetManager recorded 0 samples (flags = 0x41)
0 ... 

Histogram: LevelDB.ApproximateMemTableMemoryUse.CartDatabase recorded 0 samples (flags = 0x41)
0 ... 

Histogram: LevelDB.ApproximateMemTableMemoryUse.ClientCertificatesDatabase recorded 0 samples (flags = 0x41)
0 ... 

Histogram: LevelDB.ApproximateMemTableMemoryUse.CommerceParcelTrackingDatabase recorded 0 samples (flags = 0x41)
0 ... 

Histogram: LevelDB.ApproximateMemTableMemoryUse.CommerceSubscriptionDatabase recorded 0 samples (flags = 0x41)
0 ... 

Histogram: LevelDB.ApproximateMemTableMemoryUse.CouponDatabase recorded 0 samples (flags = 0x41)
0 ... 

Histogram: LevelDB.ApproximateMemTableMemoryUse.DiscountsDatabase recorded 0 samples (flags = 0x41)
0 ... 

Histogram: LevelDB.ApproximateMemTableMemoryUse.DownloadDB recorded 0 samples (flags = 0x41)
0 ... 

Histogram: LevelDB.ApproximateMemTableMemoryUse.DownloadService recorded 0 samples (flags = 0x41)
0 ... 

Histogram: LevelDB.ApproximateMemTableMemoryUse.FeatureEngagementTrackerAvailabilityStore recorded 0 samples (flags = 0x41)
0 ... 

Histogram: LevelDB.ApproximateMemTableMemoryUse.FeatureEngagementTrackerEventStore recorded 0 samples (flags = 0x41)
0 ... 

Histogram: LevelDB.ApproximateMemTableMemoryUse.Metadata recorded 1 samples, mean = 4104.0 (flags = 0x41)
0  O                                                                         (0 = 0.0%)
1  -O                                                                        (1 = 100.0%) {0.0%}
270601... 

Histogram: LevelDB.ApproximateMemTableMemoryUse.PersistentOriginTrials recorded 0 samples (flags = 0x41)
0 ... 

Histogram: LevelDB.ApproximateMemTableMemoryUse.PreviewsHintCacheStore recorded 0 samples (flags = 0x41)
0 ... 

Histogram: LevelDB.ApproximateMemTableMemoryUse.SegmentInfoDatabase recorded 0 samples (flags = 0x41)
0 ... 

Histogram: LevelDB.ApproximateMemTableMemoryUse.SharedProtoDB recorded 1 samples, mean = 20520.0 (flags = 0x41)
0  O                                                                         (0 = 0.0%)
1  -O                                                                        (1 = 100.0%) {0.0%}
270601... 

Histogram: LevelDB.ApproximateMemTableMemoryUse.SignalDatabase recorded 0 samples (flags = 0x41)
0 ... 

Histogram: LevelDB.ApproximateMemTableMemoryUse.SignalStorageConfigDatabase recorded 0 samples (flags = 0x41)
0 ... 

Histogram: LevelDB.ApproximateMemTableMemoryUse.StrikeService recorded 0 samples (flags = 0x41)
0 ... 

Histogram: LevelDBEnv.DeleteTableBackupFile recorded 0 samples (flags = 0x41)
0 ... 

Histogram: LevelDBEnv.SyncResult recorded 20 samples, mean = 0.0 (flags = 0x41)
0  --------------------O                                                     (20 = 100.0%)
1  ... 

Histogram: LevelDBWrapper.CommitDelay recorded 2 samples, mean = 5000.0 (flags = 0x41)
0     ... 
4516  --O                                                                       (2 = 100.0%) {0.0%}
6118  ... 

Histogram: LoadingPredictor.PreconnectCount recorded 1 samples, mean = 1.0 (flags = 0x41)
0  O                                                                         (0 = 0.0%)
1  -O                                                                        (1 = 100.0%) {0.0%}
2  ... 

Histogram: LoadingPredictor.PreconnectHitsPercentage recorded 1 samples, mean = 100.0 (flags = 0x41)
0    ... 
100  -O                                                                        (1 = 100.0%) {0.0%}
101  O                                                                         (0 = 0.0%) {100.0%}

Histogram: LoadingPredictor.PredictorDatabaseFileSize recorded 1 samples, mean = 44.0 (flags = 0x41)
0   ... 
37  -O                                                                        (1 = 100.0%) {0.0%}
49  ... 

Histogram: LoadingPredictor.PreresolveCount recorded 1 samples, mean = 1.0 (flags = 0x41)
0  O                                                                         (0 = 0.0%)
1  -O                                                                        (1 = 100.0%) {0.0%}
2  ... 

Histogram: LoadingPredictor.PreresolveHitsPercentage recorded 1 samples, mean = 100.0 (flags = 0x41)
0    ... 
100  -O                                                                        (1 = 100.0%) {0.0%}
101  O                                                                         (0 = 0.0%) {100.0%}

Histogram: LocalStorage.MojoSizeInKB recorded 1 samples, mean = 1.0 (flags = 0x41)
0  O                                                                         (0 = 0.0%)
1  -O                                                                        (1 = 100.0%) {0.0%}
2  ... 

Histogram: LocalStorage.MojoTimeToPrime recorded 1 samples, mean = 0.0 (flags = 0x41)
0  -O                                                                        (1 = 100.0%)
1  ... 

Histogram: LocalStorage.MojoTimeToPrimeForUnder100KB recorded 1 samples, mean = 0.0 (flags = 0x41)
0  -O                                                                        (1 = 100.0%)
1  ... 

Histogram: LocalStorage.RendererAreaCacheHit recorded 2 samples, mean = 1.0 (flags = 0x41)
0  -O                                                                        (1 = 50.0%)
1  O                                                                         (0 = 0.0%) {50.0%}
2  -O                                                                        (1 = 50.0%) {50.0%}
3  O                                                                         (0 = 0.0%) {100.0%}

Histogram: LocalStorageContext.ShutDown.MaybeDroppedChanges recorded 1 samples, mean = 0.0 (flags = 0x40)
0  -O                                                                        (1 = 100.0%)
1  ... 

Histogram: MPArch.ChildProcessLaunchFirst recorded 1 samples, mean = 86.0 (flags = 0x41)
0   ... 
81  -O                                                                        (1 = 100.0%) {0.0%}
96  ... 

Histogram: MPArch.ChildProcessLaunchSubsequent recorded 7 samples, mean = 15.6 (flags = 0x41)
0   ... 
5   -O                                                                        (1 = 14.3%) {0.0%}
6   ... 
8   --O                                                                       (2 = 28.6%) {14.3%}
10  O                                                                         (0 = 0.0%) {42.9%}
12  --O                                                                       (2 = 28.6%) {42.9%}
14  ... 
24  -O                                                                        (1 = 14.3%) {71.4%}
29  O                                                                         (0 = 0.0%) {85.7%}
34  -O                                                                        (1 = 14.3%) {85.7%}
40  ... 

Histogram: ManagedUsers.BlockedIframeCount recorded 1 samples, mean = 0.0 (flags = 0x41)
0  -O                                                                        (1 = 100.0%)
1  ... 

Histogram: Manifest.HasProperty.description recorded 1 samples, mean = 0.0 (flags = 0x41)
0  -O                                                                        (1 = 100.0%)
1  ... 

Histogram: Manifest.HasProperty.display recorded 1 samples, mean = 1.0 (flags = 0x41)
0  O                                                                         (0 = 0.0%)
1  -O                                                                        (1 = 100.0%) {0.0%}
2  O                                                                         (0 = 0.0%) {100.0%}

Histogram: Manifest.HasProperty.gcm_sender_id recorded 1 samples, mean = 0.0 (flags = 0x41)
0  -O                                                                        (1 = 100.0%)
1  ... 

Histogram: Manifest.HasProperty.icons recorded 1 samples, mean = 1.0 (flags = 0x41)
0  O                                                                         (0 = 0.0%)
1  -O                                                                        (1 = 100.0%) {0.0%}
2  O                                                                         (0 = 0.0%) {100.0%}

Histogram: Manifest.HasProperty.name recorded 1 samples, mean = 1.0 (flags = 0x41)
0  O                                                                         (0 = 0.0%)
1  -O                                                                        (1 = 100.0%) {0.0%}
2  O                                                                         (0 = 0.0%) {100.0%}

Histogram: Manifest.HasProperty.orientation recorded 1 samples, mean = 0.0 (flags = 0x41)
0  -O                                                                        (1 = 100.0%)
1  ... 

Histogram: Manifest.HasProperty.protocol_handlers recorded 1 samples, mean = 0.0 (flags = 0x41)
0  -O                                                                        (1 = 100.0%)
1  ... 

Histogram: Manifest.HasProperty.screenshots recorded 1 samples, mean = 0.0 (flags = 0x41)
0  -O                                                                        (1 = 100.0%)
1  ... 

Histogram: Manifest.HasProperty.share_target recorded 1 samples, mean = 0.0 (flags = 0x41)
0  -O                                                                        (1 = 100.0%)
1  ... 

Histogram: Manifest.HasProperty.short_name recorded 1 samples, mean = 1.0 (flags = 0x41)
0  O                                                                         (0 = 0.0%)
1  -O                                                                        (1 = 100.0%) {0.0%}
2  O                                                                         (0 = 0.0%) {100.0%}

Histogram: Manifest.HasProperty.start_url recorded 1 samples, mean = 1.0 (flags = 0x41)
0  O                                                                         (0 = 0.0%)
1  -O                                                                        (1 = 100.0%) {0.0%}
2  O                                                                         (0 = 0.0%) {100.0%}

Histogram: Manifest.ParseIdResult recorded 1 samples, mean = 1.0 (flags = 0x41)
0  O                                                                         (0 = 0.0%)
1  -O                                                                        (1 = 100.0%) {0.0%}
2  ... 

Histogram: Media.GPU.VideoDecoderType recorded 1 samples, mean = 11.0 (flags = 0x41)
0   ... 
11  -O                                                                        (1 = 100.0%) {0.0%}
12  ... 

Histogram: Media.MediaHistory.DatabaseExists recorded 1 samples, mean = 0.0 (flags = 0x41)
0  -O                                                                        (1 = 100.0%)
1  ... 

Histogram: MediaRouter.Cast.Discovery.ConnectedDevicesCount recorded 2 samples, mean = 0.0 (flags = 0x41)
0  --O                                                                       (2 = 100.0%)
1  ... 

Histogram: MediaRouter.Cast.Discovery.KnownDevicesCount recorded 2 samples, mean = 0.0 (flags = 0x41)
0  --O                                                                       (2 = 100.0%)
1  ... 

Histogram: MediaRouter.Dial.AvailableDevicesCount recorded 2 samples, mean = 0.0 (flags = 0x41)
0  --O                                                                       (2 = 100.0%)
1  ... 

Histogram: MediaRouter.Dial.KnownDevicesCount recorded 2 samples, mean = 0.0 (flags = 0x41)
0  --O                                                                       (2 = 100.0%)
1  ... 

Histogram: Memory.Discardable.FreelistSize.Foreground recorded 4 samples, mean = 0.0 (flags = 0x41)
0  ----O                                                                     (4 = 100.0%)
1  ... 

Histogram: Memory.Discardable.Size.Foreground recorded 4 samples, mean = 0.0 (flags = 0x41)
0  ----O                                                                     (4 = 100.0%)
1  ... 

Histogram: Memory.Discardable.VirtualSize.Foreground recorded 4 samples, mean = 0.0 (flags = 0x41)
0  ----O                                                                     (4 = 100.0%)
1  ... 

Histogram: Memory.Experimental.AvailableMemoryMB recorded 63 samples, mean = 8607.7 (flags = 0x41)
0      ... 
3994   -O                                                                        (1 = 1.6%) {0.0%}
4410   -O                                                                        (1 = 1.6%) {1.6%}
4869   ---O                                                                      (3 = 4.8%) {3.2%}
5376   ------O                                                                   (6 = 9.5%) {7.9%}
5936   --O                                                                       (2 = 3.2%) {17.5%}
6554   --------O                                                                 (8 = 12.7%) {20.6%}
7237   -------O                                                                  (7 = 11.1%) {33.3%}
7991   ----O                                                                     (4 = 6.3%) {44.4%}
8823   --------O                                                                 (8 = 12.7%) {50.8%}
9742   ---------O                                                                (9 = 14.3%) {63.5%}
10757  ----------O                                                               (10 = 15.9%) {77.8%}
11877  ----O                                                                     (4 = 6.3%) {93.7%}
13114  ... 

Histogram: Memory.Experimental.AvailableMemoryPercent recorded 63 samples, mean = 26.1 (flags = 0x41)
0   ... 
13  -O                                                                        (1 = 1.6%) {0.0%}
14  -O                                                                        (1 = 1.6%) {1.6%}
15  -O                                                                        (1 = 1.6%) {3.2%}
16  ---O                                                                      (3 = 4.8%) {4.8%}
17  ----O                                                                     (4 = 6.3%) {9.5%}
18  -O                                                                        (1 = 1.6%) {15.9%}
19  --O                                                                       (2 = 3.2%) {17.5%}
20  -O                                                                        (1 = 1.6%) {20.6%}
21  -------O                                                                  (7 = 11.1%) {22.2%}
22  --O                                                                       (2 = 3.2%) {33.3%}
23  ---O                                                                      (3 = 4.8%) {36.5%}
24  ---O                                                                      (3 = 4.8%) {41.3%}
25  --O                                                                       (2 = 3.2%) {46.0%}
26  -O                                                                        (1 = 1.6%) {49.2%}
27  -O                                                                        (1 = 1.6%) {50.8%}
28  O                                                                         (0 = 0.0%) {52.4%}
29  ------O                                                                   (6 = 9.5%) {52.4%}
30  ---O                                                                      (3 = 4.8%) {61.9%}
31  ----O                                                                     (4 = 6.3%) {66.7%}
32  ---O                                                                      (3 = 4.8%) {73.0%}
33  -O                                                                        (1 = 1.6%) {77.8%}
34  -----O                                                                    (5 = 7.9%) {79.4%}
35  -O                                                                        (1 = 1.6%) {87.3%}
36  -----O                                                                    (5 = 7.9%) {88.9%}
37  O                                                                         (0 = 0.0%) {96.8%}
38  --O                                                                       (2 = 3.2%) {96.8%}
39  ... 

Histogram: Memory.Experimental.Renderer.HighestPrivateMemoryFootprint.0to2min recorded 1 samples, mean = 74.0 (flags = 0x41)
0   ... 
67  -O                                                                        (1 = 100.0%) {0.0%}
75  ... 

Histogram: Memory.Experimental.Renderer.HighestPrivateMemoryFootprint.2to4min recorded 1 samples, mean = 58.0 (flags = 0x41)
0   ... 
53  -O                                                                        (1 = 100.0%) {0.0%}
60  ... 

Histogram: Memory.Experimental.Renderer.HighestPrivateMemoryFootprint.4to8min recorded 1 samples, mean = 58.0 (flags = 0x41)
0   ... 
53  -O                                                                        (1 = 100.0%) {0.0%}
60  ... 

Histogram: Memory.Experimental.Renderer.HighestPrivateMemoryFootprint.8to16min recorded 1 samples, mean = 58.0 (flags = 0x41)
0   ... 
53  -O                                                                        (1 = 100.0%) {0.0%}
60  ... 

Histogram: Memory.GPU.PeakMemoryAllocationSource2.PageLoad.SharedContextState recorded 1 samples, mean = 0.0 (flags = 0x41)
0  -O                                                                        (1 = 100.0%)
1  ... 

Histogram: Memory.GPU.PeakMemoryAllocationSource2.PageLoad.SharedImageStub recorded 1 samples, mean = 0.0 (flags = 0x41)
0  -O                                                                        (1 = 100.0%)
1  ... 

Histogram: Memory.GPU.PeakMemoryAllocationSource2.PageLoad.Skia recorded 1 samples, mean = 0.0 (flags = 0x41)
0  -O                                                                        (1 = 100.0%)
1  ... 

Histogram: Memory.GPU.PeakMemoryUsage2.PageLoad recorded 1 samples, mean = 0.0 (flags = 0x41)
0  -O                                                                        (1 = 100.0%)
1  ... 

Histogram: Memory.ParkableString.Compression.Latency recorded 18 samples, mean = 7526.7 (flags = 0x41)
0      -O                                                                        (1 = 5.6%)
500    O                                                                         (0 = 0.0%) {5.6%}
540    -O                                                                        (1 = 5.6%) {5.6%}
584    O                                                                         (0 = 0.0%) {11.1%}
631    --O                                                                       (2 = 11.1%) {11.1%}
682    -O                                                                        (1 = 5.6%) {22.2%}
737    ... 
1728   -O                                                                        (1 = 5.6%) {27.8%}
1867   ... 
2357   -O                                                                        (1 = 5.6%) {33.3%}
2547   O                                                                         (0 = 0.0%) {38.9%}
2752   -O                                                                        (1 = 5.6%) {38.9%}
2974   ... 
3473   -O                                                                        (1 = 5.6%) {44.4%}
3753   -O                                                                        (1 = 5.6%) {50.0%}
4056   ... 
6460   --O                                                                       (2 = 11.1%) {55.6%}
6981   ... 
9521   -O                                                                        (1 = 5.6%) {66.7%}
10289  ... 
12985  -O                                                                        (1 = 5.6%) {72.2%}
14032  ... 
17709  --O                                                                       (2 = 11.1%) {77.8%}
19137  -O                                                                        (1 = 5.6%) {88.9%}
20681  O                                                                         (0 = 0.0%) {94.4%}
22349  -O                                                                        (1 = 5.6%) {94.4%}
24152  ... 

Histogram: Memory.ParkableString.Compression.SizeKb recorded 18 samples, mean = 252.7 (flags = 0x41)
0    ... 
14   -O                                                                        (1 = 5.6%) {0.0%}
16   ... 
29   ---O                                                                      (3 = 16.7%) {5.6%}
33   O                                                                         (0 = 0.0%) {22.2%}
37   -O                                                                        (1 = 5.6%) {22.2%}
42   ... 
67   -O                                                                        (1 = 5.6%) {27.8%}
75   O                                                                         (0 = 0.0%) {33.3%}
84   -O                                                                        (1 = 5.6%) {33.3%}
95   O                                                                         (0 = 0.0%) {38.9%}
107  -O                                                                        (1 = 5.6%) {38.9%}
120  O                                                                         (0 = 0.0%) {44.4%}
135  -O                                                                        (1 = 5.6%) {44.4%}
152  O                                                                         (0 = 0.0%) {50.0%}
171  --O                                                                       (2 = 11.1%) {50.0%}
192  -O                                                                        (1 = 5.6%) {61.1%}
216  ... 
273  -O                                                                        (1 = 5.6%) {66.7%}
307  O                                                                         (0 = 0.0%) {72.2%}
345  -O                                                                        (1 = 5.6%) {72.2%}
388  ... 
554  -O                                                                        (1 = 5.6%) {77.8%}
623  O                                                                         (0 = 0.0%) {83.3%}
701  ---O                                                                      (3 = 16.7%) {83.3%}
789  ... 

Histogram: Memory.ParkableString.Decompression.Latency recorded 14 samples, mean = 426.1 (flags = 0x41)
0    --------O                                                                 (8 = 57.1%)
500  ... 
682  ---O                                                                      (3 = 21.4%) {57.1%}
737  O                                                                         (0 = 0.0%) {78.6%}
796  --O                                                                       (2 = 14.3%) {78.6%}
860  -O                                                                        (1 = 7.1%) {92.9%}
929  ... 

Histogram: Memory.ParkableString.Decompression.ThroughputMBps recorded 14 samples, mean = 516.0 (flags = 0x41)
0    ... 
33   -O                                                                        (1 = 7.1%) {0.0%}
37   ... 
135  -O                                                                        (1 = 7.1%) {7.1%}
152  ... 
216  -O                                                                        (1 = 7.1%) {14.3%}
243  -O                                                                        (1 = 7.1%) {21.4%}
273  O                                                                         (0 = 0.0%) {28.6%}
307  -O                                                                        (1 = 7.1%) {28.6%}
345  O                                                                         (0 = 0.0%) {35.7%}
388  --O                                                                       (2 = 14.3%) {35.7%}
437  ... 
554  -O                                                                        (1 = 7.1%) {50.0%}
623  -O                                                                        (1 = 7.1%) {57.1%}
701  --O                                                                       (2 = 14.3%) {64.3%}
789  ---O                                                                      (3 = 21.4%) {78.6%}
888  ... 

Histogram: Memory.ParkableString.DiskReadTime.5min recorded 1 samples, mean = 0.0 (flags = 0x41)
0  -O                                                                        (1 = 100.0%)
1  ... 

Histogram: Memory.ParkableString.DiskWriteTime.5min recorded 1 samples, mean = 12.0 (flags = 0x41)
0   ... 
12  -O                                                                        (1 = 100.0%) {0.0%}
14  ... 

Histogram: Memory.ParkableString.OnDiskSizeKb.5min recorded 1 samples, mean = 906.0 (flags = 0x41)
0    ... 
896  -O                                                                        (1 = 100.0%) {0.0%}
1122 ... 

Histogram: Memory.ParkableString.Read.Latency recorded 11 samples, mean = 126.4 (flags = 0x41)
0    ----------O                                                               (10 = 90.9%)
500  ... 
796  -O                                                                        (1 = 9.1%) {90.9%}
860  ... 

Histogram: Memory.ParkableString.TotalParkingThreadTime.5min recorded 1 samples, mean = 102.0 (flags = 0x41)
0   ... 
96  -O                                                                        (1 = 100.0%) {0.0%}
114 ... 

Histogram: Memory.ParkableString.TotalUnparkingTime.5min recorded 1 samples, mean = 0.0 (flags = 0x41)
0  -O                                                                        (1 = 100.0%)
1  ... 

Histogram: Memory.PartitionAlloc.MemoryReclaim recorded 7397 samples, mean = 396.5 (flags = 0x41)
0     ... 
49    -----O                                                                    (118 = 1.6%) {0.0%}
65    -------------------O                                                      (480 = 6.5%) {1.6%}
86    --------------------------O                                               (653 = 8.8%) {8.1%}
113   -----------------------------------O                                      (893 = 12.1%) {16.9%}
149   -----------------------O                                                  (588 = 7.9%) {29.0%}
196   ----------------O                                                         (413 = 5.6%) {36.9%}
258   -------------------------O                                                (621 = 8.4%) {42.5%}
340   -----------------O                                                        (438 = 5.9%) {50.9%}
448   ------------------------------------------------------------------------O (1815 = 24.5%) {56.8%}
590   ------------------------O                                                 (612 = 8.3%) {81.4%}
777   ----------------O                                                         (412 = 5.6%) {89.6%}
1023  ---------O                                                                (230 = 3.1%) {95.2%}
1347  ----O                                                                     (109 = 1.5%) {98.3%}
1774  O                                                                         (7 = 0.1%) {99.8%}
2336  O                                                                         (7 = 0.1%) {99.9%}
3077  O                                                                         (1 = 0.0%) {100.0%}
4053  ... 

Histogram: Memory.PartitionAlloc.PartitionRoot.ExtrasSize recorded 1 samples, mean = 4.0 (flags = 0x41)
0  ... 
4  -O                                                                        (1 = 100.0%) {0.0%}
5  ... 

Histogram: Memory.PartitionAlloc.PeriodicPurge recorded 794 samples, mean = 36.0 (flags = 0x41)
0    ... 
5    ----O                                                                     (8 = 1.0%) {0.0%}
7    ------O                                                                   (14 = 1.8%) {1.0%}
9    -----------------------O                                                  (50 = 6.3%) {2.8%}
12   ---------------------------------------------O                            (100 = 12.6%) {9.1%}
16   ------------------------------------------O                               (94 = 11.8%) {21.7%}
21   ------------------------------------------------------------------------O (160 = 20.2%) {33.5%}
28   ---------------------------------------------------------------O          (140 = 17.6%) {53.7%}
37   ----------------------------------------O                                 (89 = 11.2%) {71.3%}
49   ------------------------------O                                           (66 = 8.3%) {82.5%}
65   ------------O                                                             (26 = 3.3%) {90.8%}
86   ---------O                                                                (19 = 2.4%) {94.1%}
113  -------O                                                                  (16 = 2.0%) {96.5%}
149  ---O                                                                      (6 = 0.8%) {98.5%}
196  -O                                                                        (2 = 0.3%) {99.2%}
258  -O                                                                        (2 = 0.3%) {99.5%}
340  O                                                                         (0 = 0.0%) {99.7%}
448  O                                                                         (1 = 0.1%) {99.7%}
590  O                                                                         (1 = 0.1%) {99.9%}
777  ... 

Histogram: Memory.PressureLevel2 recorded 8879 samples, mean = 0.0 (flags = 0x41)
0  ------------------------------------------------------------------------O (8879 = 100.0%)
1  ... 

Histogram: Mojo.Channel.WriteReceiveMessageProcessType recorded 10 samples, mean = 1.6 (flags = 0x41)
0   ------O                                                                   (6 = 60.0%)
1   O                                                                         (0 = 0.0%) {60.0%}
2   ---O                                                                      (3 = 30.0%) {60.0%}
3   ... 
10  -O                                                                        (1 = 10.0%) {90.0%}
11  ... 

Histogram: NCN.OfflinePolls recorded 6 samples, mean = 1.2 (flags = 0x41)
0  O                                                                         (0 = 0.0%)
1  -----O                                                                    (5 = 83.3%) {0.0%}
2  -O                                                                        (1 = 16.7%) {83.3%}
3  ... 

Histogram: NQE.ContentObserver.NetworkQualityMeaningfullyChanged recorded 44 samples, mean = 0.3 (flags = 0x40)
0  --------------------------------O                                         (32 = 72.7%)
1  ------------O                                                             (12 = 27.3%) {72.7%}
2  O                                                                         (0 = 0.0%) {100.0%}

Histogram: NQE.RTT.Error.Absolute recorded 118 samples, mean = 44.9 (flags = 0x41)
0    ---O                                                                      (3 = 2.5%)
1    --O                                                                       (2 = 1.7%) {2.5%}
2    -----O                                                                    (5 = 4.2%) {4.2%}
3    --O                                                                       (2 = 1.7%) {8.5%}
4    -----O                                                                    (5 = 4.2%) {10.2%}
5    -O                                                                        (1 = 0.8%) {14.4%}
6    ---O                                                                      (3 = 2.5%) {15.3%}
7    --O                                                                       (2 = 1.7%) {17.8%}
8    ----O                                                                     (4 = 3.4%) {19.5%}
10   --O                                                                       (2 = 1.7%) {22.9%}
12   ------O                                                                   (6 = 5.1%) {24.6%}
14   ----O                                                                     (4 = 3.4%) {29.7%}
17   ----O                                                                     (4 = 3.4%) {33.1%}
20   --O                                                                       (2 = 1.7%) {36.4%}
24   ----O                                                                     (4 = 3.4%) {38.1%}
29   --------O                                                                 (8 = 6.8%) {41.5%}
34   -----------O                                                              (11 = 9.3%) {48.3%}
40   ----------------O                                                         (16 = 13.6%) {57.6%}
48   ------O                                                                   (6 = 5.1%) {71.2%}
57   ------O                                                                   (6 = 5.1%) {76.3%}
68   -------O                                                                  (7 = 5.9%) {81.4%}
81   ----O                                                                     (4 = 3.4%) {87.3%}
96   -O                                                                        (1 = 0.8%) {90.7%}
114  -O                                                                        (1 = 0.8%) {91.5%}
135  --O                                                                       (2 = 1.7%) {92.4%}
160  -O                                                                        (1 = 0.8%) {94.1%}
190  ------O                                                                   (6 = 5.1%) {94.9%}
226  ... 

Histogram: NQE.RTT.Error.IsZero recorded 118 samples, mean = 0.0 (flags = 0x41)
0  ------------------------------------------------------------------------O (118 = 100.0%)
1  ... 

Histogram: NQE.RTT.Error.Negative recorded 49 samples, mean = 37.0 (flags = 0x41)
0    ... 
2    -----O                                                                    (5 = 10.2%) {0.0%}
3    -O                                                                        (1 = 2.0%) {10.2%}
4    ... 
8    --O                                                                       (2 = 4.1%) {12.2%}
10   O                                                                         (0 = 0.0%) {16.3%}
12   ----O                                                                     (4 = 8.2%) {16.3%}
14   O                                                                         (0 = 0.0%) {24.5%}
17   --O                                                                       (2 = 4.1%) {24.5%}
20   --O                                                                       (2 = 4.1%) {28.6%}
24   --O                                                                       (2 = 4.1%) {32.7%}
29   ------O                                                                   (6 = 12.2%) {36.7%}
34   --O                                                                       (2 = 4.1%) {49.0%}
40   -------------O                                                            (13 = 26.5%) {53.1%}
48   --O                                                                       (2 = 4.1%) {79.6%}
57   ---O                                                                      (3 = 6.1%) {83.7%}
68   -O                                                                        (1 = 2.0%) {89.8%}
81   --O                                                                       (2 = 4.1%) {91.8%}
96   -O                                                                        (1 = 2.0%) {95.9%}
114  -O                                                                        (1 = 2.0%) {98.0%}
135  ... 

Histogram: NQE.RTT.Error.Positive recorded 69 samples, mean = 50.5 (flags = 0x41)
0    ---O                                                                      (3 = 4.3%)
1    --O                                                                       (2 = 2.9%) {4.3%}
2    O                                                                         (0 = 0.0%) {7.2%}
3    -O                                                                        (1 = 1.4%) {7.2%}
4    -----O                                                                    (5 = 7.2%) {8.7%}
5    -O                                                                        (1 = 1.4%) {15.9%}
6    ---O                                                                      (3 = 4.3%) {17.4%}
7    --O                                                                       (2 = 2.9%) {21.7%}
8    --O                                                                       (2 = 2.9%) {24.6%}
10   --O                                                                       (2 = 2.9%) {27.5%}
12   --O                                                                       (2 = 2.9%) {30.4%}
14   ----O                                                                     (4 = 5.8%) {33.3%}
17   --O                                                                       (2 = 2.9%) {39.1%}
20   O                                                                         (0 = 0.0%) {42.0%}
24   --O                                                                       (2 = 2.9%) {42.0%}
29   --O                                                                       (2 = 2.9%) {44.9%}
34   ---------O                                                                (9 = 13.0%) {47.8%}
40   ---O                                                                      (3 = 4.3%) {60.9%}
48   ----O                                                                     (4 = 5.8%) {65.2%}
57   ---O                                                                      (3 = 4.3%) {71.0%}
68   ------O                                                                   (6 = 8.7%) {75.4%}
81   --O                                                                       (2 = 2.9%) {84.1%}
96   ... 
135  --O                                                                       (2 = 2.9%) {87.0%}
160  -O                                                                        (1 = 1.4%) {89.9%}
190  ------O                                                                   (6 = 8.7%) {91.3%}
226  ... 

Histogram: NQE.RTT.HittingThreshold.EndToEnd.FallbackSuccess recorded 41 samples, mean = 0.0 (flags = 0x41)
0  -----------------------------------------O                                (41 = 100.0%)
1  ... 

Histogram: NQE.RTT.HittingThreshold.Transport.FallbackSuccess recorded 1 samples, mean = 0.0 (flags = 0x41)
0  -O                                                                        (1 = 100.0%)
1  ... 

Histogram: NQE.RTT.ObservationSource recorded 329 samples, mean = 1.6 (flags = 0x41)
0  --------------------------------------------------O                       (118 = 35.9%)
1  O                                                                         (0 = 0.0%) {35.9%}
2  ------------------------------------------------------------------------O (171 = 52.0%) {35.9%}
3  -------O                                                                  (16 = 4.9%) {87.8%}
4  --O                                                                       (4 = 1.2%) {92.7%}
5  O                                                                         (0 = 0.0%) {93.9%}
6  -------O                                                                  (16 = 4.9%) {93.9%}
7  --O                                                                       (4 = 1.2%) {98.8%}
8  ... 

Histogram: NQE.RTT.OnECTComputation recorded 106 samples, mean = 110.5 (flags = 0x41)
0    ... 
24   --O                                                                       (2 = 1.9%) {0.0%}
29   --O                                                                       (2 = 1.9%) {1.9%}
34   ... 
57   ----------------O                                                         (16 = 15.1%) {3.8%}
68   O                                                                         (0 = 0.0%) {18.9%}
81   --O                                                                       (2 = 1.9%) {18.9%}
96   -------------------------------------O                                    (37 = 34.9%) {20.8%}
114  -----------O                                                              (11 = 10.4%) {55.7%}
135  ------------------------------O                                           (30 = 28.3%) {66.0%}
160  ------O                                                                   (6 = 5.7%) {94.3%}
190  ... 

Histogram: NQE.RenderThreadNotified recorded 39 samples, mean = 1.0 (flags = 0x40)
0  O                                                                         (0 = 0.0%)
1  ---------------------------------------O                                  (39 = 100.0%) {0.0%}
2  O                                                                         (0 = 0.0%) {100.0%}

Histogram: NQE.TransportRTT.OnECTComputation recorded 105 samples, mean = 50.0 (flags = 0x41)
0    ... 
8    -O                                                                        (1 = 1.0%) {0.0%}
10   --O                                                                       (2 = 1.9%) {1.0%}
12   O                                                                         (0 = 0.0%) {2.9%}
14   -O                                                                        (1 = 1.0%) {2.9%}
17   ... 
40   ------------------------------------------------O                         (48 = 45.7%) {3.8%}
48   ----------------------------------------O                                 (40 = 38.1%) {49.5%}
57   ------O                                                                   (6 = 5.7%) {87.6%}
68   ---O                                                                      (3 = 2.9%) {93.3%}
81   --O                                                                       (2 = 1.9%) {96.2%}
96   -O                                                                        (1 = 1.0%) {98.1%}
114  -O                                                                        (1 = 1.0%) {99.0%}
135  ... 

Histogram: Navigation.BeginNavigationImpl.MainFrame recorded 2 samples, mean = 0.0 (flags = 0x41)
0  --O                                                                       (2 = 100.0%)
1  ... 

Histogram: Navigation.BrowserInitiatedSessionHistoryCount recorded 1 samples, mean = 0.0 (flags = 0x41)
0  -O                                                                        (1 = 100.0%)
1  ... 

Histogram: Navigation.CommitRenderFrame recorded 1 samples, mean = 12.0 (flags = 0x41)
0   ... 
12  -O                                                                        (1 = 100.0%) {0.0%}
14  ... 

Histogram: Navigation.CommitToCompositorCreation recorded 1 samples, mean = 658.0 (flags = 0x41)
0    ... 
635  -O                                                                        (1 = 100.0%) {0.0%}
826  ... 

Histogram: Navigation.CompositorRequestedBeforeCommit2 recorded 1 samples, mean = 0.0 (flags = 0x41)
0  -O                                                                        (1 = 100.0%)
1  ... 

Histogram: Navigation.CompositorRequestedBeforeSwapRFH2 recorded 1 samples, mean = 0.0 (flags = 0x41)
0  -O                                                                        (1 = 100.0%)
1  ... 

Histogram: Navigation.CreateSpeculativeRFH recorded 1 samples, mean = 5.0 (flags = 0x41)
0  ... 
5  -O                                                                        (1 = 100.0%) {0.0%}
6  ... 

Histogram: Navigation.DidCommitSameDocumentNavigation.Duration recorded 1 samples, mean = 0.0 (flags = 0x41)
0  -O                                                                        (1 = 100.0%)
1  ... 

Histogram: Navigation.DidStartLoading.MainFrame recorded 3 samples, mean = 0.0 (flags = 0x41)
0  ---O                                                                      (3 = 100.0%)
1  ... 

Histogram: Navigation.DidStartLoading.Subframe recorded 2 samples, mean = 0.0 (flags = 0x41)
0  --O                                                                       (2 = 100.0%)
1  ... 

Histogram: Navigation.EarlyRenderFrameHostSwapType recorded 6 samples, mean = 0.0 (flags = 0x41)
0  ------O                                                                   (6 = 100.0%)
1  ... 

Histogram: Navigation.EngagementTime.HTTPS recorded 1 samples, mean = 8876537.0 (flags = 0x41)
0        ... 
3600000  -O                                                                        (1 = 100.0%) {0.0%}

Histogram: Navigation.GetFrameHostForNavigation recorded 4 samples, mean = 4.5 (flags = 0x41)
0   --O                                                                       (2 = 50.0%)
1   ... 
6   -O                                                                        (1 = 25.0%) {50.0%}
7   ... 
12  -O                                                                        (1 = 25.0%) {75.0%}
14  ... 

Histogram: Navigation.GetFrameHostForNavigationTime.InDidCreateNavigationRequest.IsHTTPOrHTTPS recorded 3 samples, mean = 4458.3 (flags = 0x41)
0      ... 
146    -O                                                                        (1 = 33.3%) {0.0%}
203    O                                                                         (0 = 0.0%) {33.3%}
282    -O                                                                        (1 = 33.3%) {33.3%}
391    ... 
10321  -O                                                                        (1 = 33.3%) {66.7%}
14319  ... 

Histogram: Navigation.IsGuest recorded 1 samples, mean = 0.0 (flags = 0x41)
0  -O                                                                        (1 = 100.0%)
1  ... 

Histogram: Navigation.IsLockedProcess recorded 1 samples, mean = 1.0 (flags = 0x41)
0  O                                                                         (0 = 0.0%)
1  -O                                                                        (1 = 100.0%) {0.0%}
2  O                                                                         (0 = 0.0%) {100.0%}

Histogram: Navigation.IsLockedProcess.HTTPOrHTTPS recorded 1 samples, mean = 1.0 (flags = 0x41)
0  O                                                                         (0 = 0.0%)
1  -O                                                                        (1 = 100.0%) {0.0%}
2  O                                                                         (0 = 0.0%) {100.0%}

Histogram: Navigation.IsProcessBackgrounded.OnCommit recorded 1 samples, mean = 0.0 (flags = 0x41)
0  -O                                                                        (1 = 100.0%)
1  ... 

Histogram: Navigation.IsProcessBackgrounded.OnDOMContentLoaded recorded 1 samples, mean = 0.0 (flags = 0x41)
0  -O                                                                        (1 = 100.0%)
1  ... 

Histogram: Navigation.IsSameBrowsingInstance recorded 1 samples, mean = 0.0 (flags = 0x41)
0  -O                                                                        (1 = 100.0%)
1  ... 

Histogram: Navigation.IsSameSiteInstance recorded 1 samples, mean = 0.0 (flags = 0x41)
0  -O                                                                        (1 = 100.0%)
1  ... 

Histogram: Navigation.IsSameSiteInstance.MainFrame recorded 1 samples, mean = 0.0 (flags = 0x41)
0  -O                                                                        (1 = 100.0%)
1  ... 

Histogram: Navigation.LoaderCreateToRequestStart.MainFrame recorded 1 samples, mean = 0.0 (flags = 0x41)
0  -O                                                                        (1 = 100.0%)
1  ... 

Histogram: Navigation.MainFrame.FrameCount recorded 1 samples, mean = 2.0 (flags = 0x41)
0  ... 
2  -O                                                                        (1 = 100.0%) {0.0%}
3  ... 

Histogram: Navigation.MainFrame.MaxFrameCount recorded 3 samples, mean = 2.0 (flags = 0x41)
0  O                                                                         (0 = 0.0%)
1  -O                                                                        (1 = 33.3%) {0.0%}
2  -O                                                                        (1 = 33.3%) {33.3%}
3  -O                                                                        (1 = 33.3%) {66.7%}
4  ... 

Histogram: Navigation.MainFrame.NewNavigation.IgnoreRestore.IsHTTPOrHTTPS.BeginNavigationToLoaderStart.Time2 recorded 1 samples, mean = 1.0 (flags = 0x41)
0  O                                                                         (0 = 0.0%)
1  -O                                                                        (1 = 100.0%) {0.0%}
2  ... 

Histogram: Navigation.MainFrame.NewNavigation.IgnoreRestore.IsHTTPOrHTTPS.FetchStart.Time2 recorded 1 samples, mean = 3.0 (flags = 0x41)
0  ... 
3  -O                                                                        (1 = 100.0%) {0.0%}
4  ... 

Histogram: Navigation.MainFrame.NewNavigation.IgnoreRestore.IsHTTPOrHTTPS.LoaderStartToFetchStart.Time2 recorded 1 samples, mean = 940.0 (flags = 0x41)
0    ... 
894  -O                                                                        (1 = 100.0%) {0.0%}
1062 ... 

Histogram: Navigation.MainFrame.NewNavigation.IgnoreRestore.IsHTTPOrHTTPS.LoaderStartToReceiveResponse.Time2 recorded 1 samples, mean = 1377.0 (flags = 0x41)
0     ... 
1262  -O                                                                        (1 = 100.0%) {0.0%}
1500  ... 

Histogram: Navigation.MainFrame.NewNavigation.IgnoreRestore.IsHTTPOrHTTPS.NavigationStartToBeginNavigation.Time2 recorded 1 samples, mean = 3124.0 (flags = 0x41)
0     ... 
2990  -O                                                                        (1 = 100.0%) {0.0%}
3553  ... 

Histogram: Navigation.MainFrame.NewNavigation.IgnoreRestore.IsHTTPOrHTTPS.ReceiveHeaders.Time2 recorded 1 samples, mean = 247.0 (flags = 0x41)
0    ... 
226  -O                                                                        (1 = 100.0%) {0.0%}
268  ... 

Histogram: Navigation.MainFrame.NewNavigation.IgnoreRestore.IsHTTPOrHTTPS.ReceiveHeadersToReceiveResponse.Time2 recorded 1 samples, mean = 186.0 (flags = 0x41)
0    ... 
160  -O                                                                        (1 = 100.0%) {0.0%}
190  ... 

Histogram: Navigation.MainFrame.NewNavigation.IgnoreRestore.IsHTTPOrHTTPS.ReceiveResponseToCommitNavigation.Time2 recorded 1 samples, mean = 8.0 (flags = 0x41)
0  ... 
8  -O                                                                        (1 = 100.0%) {0.0%}
10 ... 

Histogram: Navigation.MainFrame.RendererInitiated.InitiatorFramePresentAtStart recorded 1 samples, mean = 0.0 (flags = 0x41)
0  -O                                                                        (1 = 100.0%)
1  ... 

Histogram: Navigation.MainFrame.SiteEngagementLevel recorded 1 samples, mean = 2.0 (flags = 0x41)
0  ... 
2  -O                                                                        (1 = 100.0%) {0.0%}
3  ... 

Histogram: Navigation.MainFrame.ThirdPartyCookieBlockingEnabled recorded 2 samples, mean = 0.0 (flags = 0x41)
0  --O                                                                       (2 = 100.0%)
1  ... 

Histogram: Navigation.MainFrameHasRTLDomain2 recorded 2 samples, mean = 0.0 (flags = 0x41)
0  --O                                                                       (2 = 100.0%)
1  ... 

Histogram: Navigation.MainFrameHasRTLDomainDifferentPage2 recorded 1 samples, mean = 0.0 (flags = 0x41)
0  -O                                                                        (1 = 100.0%)
1  ... 

Histogram: Navigation.MainFrameProfileType2 recorded 2 samples, mean = 0.0 (flags = 0x41)
0  --O                                                                       (2 = 100.0%)
1  ... 

Histogram: Navigation.MainFrameScheme2 recorded 2 samples, mean = 2.0 (flags = 0x41)
0  ... 
2  --O                                                                       (2 = 100.0%) {0.0%}
3  ... 

Histogram: Navigation.MainFrameSchemeDifferentPage2 recorded 1 samples, mean = 2.0 (flags = 0x41)
0  ... 
2  -O                                                                        (1 = 100.0%) {0.0%}
3  ... 

Histogram: Navigation.OnBeforeUnloadOverheadTime recorded 2 samples, mean = 1567.0 (flags = 0x41)
0     ... 
10    -O                                                                        (1 = 50.0%) {0.0%}
12    ... 
2990  -O                                                                        (1 = 50.0%) {50.0%}
3553  ... 

Histogram: Navigation.OnBeforeUnloadTotalTime recorded 2 samples, mean = 0.0 (flags = 0x41)
0  --O                                                                       (2 = 100.0%)
1  ... 

Histogram: Navigation.OriginAgentCluster.Result recorded 1 samples, mean = 9.0 (flags = 0x41)
0  ... 
9  -O                                                                        (1 = 100.0%) {0.0%}
10 O                                                                         (0 = 0.0%) {100.0%}

Histogram: Navigation.PendingCommit.DidBlockGetFrameHostForNavigation.Regular recorded 1 samples, mean = 0.0 (flags = 0x41)
0  -O                                                                        (1 = 100.0%)
1  ... 

Histogram: Navigation.PendingCommit.Duration.Regular recorded 1 samples, mean = 328.0 (flags = 0x41)
0    ... 
318  -O                                                                        (1 = 100.0%) {0.0%}
378  ... 

Histogram: Navigation.Preconnect.PreresolveJobQueueLength recorded 16 samples, mean = 0.6 (flags = 0x41)
0  -------O                                                                  (7 = 43.8%)
1  ---------O                                                                (9 = 56.2%) {43.8%}
2  ... 

Histogram: Navigation.Preconnect.PreresolveJobQueueingTime recorded 8 samples, mean = 41.2 (flags = 0x41)
0    -------O                                                                  (7 = 87.5%)
1    ... 
318  -O                                                                        (1 = 12.5%) {87.5%}
378  ... 

Histogram: Navigation.Preconnect.ProxyLookupCallbackQueueingTime recorded 8 samples, mean = 282.1 (flags = 0x41)
0    -O                                                                        (1 = 12.5%)
1    -O                                                                        (1 = 12.5%) {12.5%}
2    ... 
318  ----O                                                                     (4 = 50.0%) {25.0%}
378  O                                                                         (0 = 0.0%) {75.0%}
449  --O                                                                       (2 = 25.0%) {75.0%}
533  ... 

Histogram: Navigation.Preconnect.ProxyLookupLatency recorded 8 samples, mean = 690.1 (flags = 0x41)
0     O                                                                         (0 = 0.0%)
1     --O                                                                       (2 = 25.0%) {0.0%}
2     ... 
318   ---O                                                                      (3 = 37.5%) {25.0%}
378   O                                                                         (0 = 0.0%) {62.5%}
449   --O                                                                       (2 = 25.0%) {62.5%}
533   ... 
3553  -O                                                                        (1 = 12.5%) {87.5%}
4222  ... 

Histogram: Navigation.Preconnect.ResolveHostCallbackQueueingTime recorded 8 samples, mean = 355.8 (flags = 0x41)
0    O                                                                         (0 = 0.0%)
1    -O                                                                        (1 = 12.5%) {0.0%}
2    ... 
268  -O                                                                        (1 = 12.5%) {12.5%}
318  ---O                                                                      (3 = 37.5%) {25.0%}
378  -O                                                                        (1 = 12.5%) {62.5%}
449  O                                                                         (0 = 0.0%) {75.0%}
533  --O                                                                       (2 = 25.0%) {75.0%}
633  ... 

Histogram: Navigation.Preconnect.ResolveHostLatency recorded 8 samples, mean = 374.0 (flags = 0x41)
0    O                                                                         (0 = 0.0%)
1    -O                                                                        (1 = 12.5%) {0.0%}
2    ... 
318  ----O                                                                     (4 = 50.0%) {12.5%}
378  O                                                                         (0 = 0.0%) {62.5%}
449  -O                                                                        (1 = 12.5%) {62.5%}
533  --O                                                                       (2 = 25.0%) {75.0%}
633  ... 

Histogram: Navigation.ProcessNavigationThrottlesTime.WillStartRequest.MainFrame recorded 2 samples, mean = 1.0 (flags = 0x41)
0  -O                                                                        (1 = 50.0%)
1  O                                                                         (0 = 0.0%) {50.0%}
2  -O                                                                        (1 = 50.0%) {50.0%}
3  ... 

Histogram: Navigation.QueueTime.OnReceiveResponse.MainFrame recorded 1 samples, mean = 184.0 (flags = 0x41)
0    ... 
160  -O                                                                        (1 = 100.0%) {0.0%}
190  ... 

Histogram: Navigation.ReadyToCommitUntilCommit2 recorded 1 samples, mean = 328.0 (flags = 0x41)
0    ... 
280  -O                                                                        (1 = 100.0%) {0.0%}
356  ... 

Histogram: Navigation.ReadyToCommitUntilCommit2.ForegroundProcessPriority recorded 1 samples, mean = 328.0 (flags = 0x41)
0    ... 
280  -O                                                                        (1 = 100.0%) {0.0%}
356  ... 

Histogram: Navigation.ReadyToCommitUntilCommit2.NewNavigation recorded 1 samples, mean = 328.0 (flags = 0x41)
0    ... 
280  -O                                                                        (1 = 100.0%) {0.0%}
356  ... 

Histogram: Navigation.RegisterNavigationThrottlesTime.MainFrame recorded 2 samples, mean = 0.0 (flags = 0x41)
0  --O                                                                       (2 = 100.0%)
1  ... 

Histogram: Navigation.RenderFrameDelete recorded 1 samples, mean = 1.0 (flags = 0x41)
0  O                                                                         (0 = 0.0%)
1  -O                                                                        (1 = 100.0%) {0.0%}
2  ... 

Histogram: Navigation.RenderFrameHostConstructor recorded 4 samples, mean = 0.0 (flags = 0x41)
0  ----O                                                                     (4 = 100.0%)
1  ... 

Histogram: Navigation.RenderFrameHostDestructor recorded 4 samples, mean = 0.2 (flags = 0x41)
0  ---O                                                                      (3 = 75.0%)
1  -O                                                                        (1 = 25.0%) {75.0%}
2  ... 

Histogram: Navigation.RenderViewHostConstructor recorded 2 samples, mean = 0.0 (flags = 0x41)
0  --O                                                                       (2 = 100.0%)
1  ... 

Histogram: Navigation.RenderViewHostDestructor recorded 2 samples, mean = 0.0 (flags = 0x41)
0  --O                                                                       (2 = 100.0%)
1  ... 

Histogram: Navigation.RenderWidgetHostConstructor recorded 2 samples, mean = 0.0 (flags = 0x41)
0  --O                                                                       (2 = 100.0%)
1  ... 

Histogram: Navigation.RenderWidgetHostDestructor recorded 2 samples, mean = 0.0 (flags = 0x41)
0  --O                                                                       (2 = 100.0%)
1  ... 

Histogram: Navigation.RendererCommitDelay.MainFrame recorded 1 samples, mean = 8.0 (flags = 0x41)
0  ... 
8  -O                                                                        (1 = 100.0%) {0.0%}
10 ... 

Histogram: Navigation.RendererCommitQueueTime.MainFrame recorded 1 samples, mean = 7.0 (flags = 0x41)
0  ... 
7  -O                                                                        (1 = 100.0%) {0.0%}
8  ... 

Histogram: Navigation.RendererDidNavigateTime.MainFrame recorded 1 samples, mean = 0.0 (flags = 0x41)
0  -O                                                                        (1 = 100.0%)
1  ... 

Histogram: Navigation.RendererDidNavigateTime.Subframe recorded 2 samples, mean = 0.0 (flags = 0x41)
0  --O                                                                       (2 = 100.0%)
1  ... 

Histogram: Navigation.RequiresDedicatedProcess recorded 1 samples, mean = 1.0 (flags = 0x41)
0  O                                                                         (0 = 0.0%)
1  -O                                                                        (1 = 100.0%) {0.0%}
2  O                                                                         (0 = 0.0%) {100.0%}

Histogram: Navigation.RequiresDedicatedProcess.HTTPOrHTTPS recorded 1 samples, mean = 1.0 (flags = 0x41)
0  O                                                                         (0 = 0.0%)
1  -O                                                                        (1 = 100.0%) {0.0%}
2  O                                                                         (0 = 0.0%) {100.0%}

Histogram: Navigation.SameDocumentNavigationWithScreenshot recorded 1 samples, mean = 0.0 (flags = 0x41)
0  -O                                                                        (1 = 100.0%)
1  ... 

Histogram: Navigation.SendCommitNavigationTime.MainFrame recorded 1 samples, mean = 0.0 (flags = 0x41)
0  -O                                                                        (1 = 100.0%)
1  ... 

Histogram: Navigation.StartToCommit recorded 3 samples, mean = 1612.7 (flags = 0x41)
0     --O                                                                       (2 = 66.7%)
1     ... 
3900  -O                                                                        (1 = 33.3%) {66.7%}
4955  ... 

Histogram: Navigation.StartToCommit.CrossProcess recorded 1 samples, mean = 4838.0 (flags = 0x41)
0     ... 
3900  -O                                                                        (1 = 100.0%) {0.0%}
4955  ... 

Histogram: Navigation.StartToCommit.CrossProcess.ForegroundProcessPriority recorded 1 samples, mean = 4838.0 (flags = 0x41)
0     ... 
3900  -O                                                                        (1 = 100.0%) {0.0%}
4955  ... 

Histogram: Navigation.StartToCommit.CrossProcess.MainFrame recorded 1 samples, mean = 4838.0 (flags = 0x41)
0     ... 
3900  -O                                                                        (1 = 100.0%) {0.0%}
4955  ... 

Histogram: Navigation.StartToCommit.CrossProcess.MainFrame.ForegroundProcessPriority recorded 1 samples, mean = 4838.0 (flags = 0x41)
0     ... 
3900  -O                                                                        (1 = 100.0%) {0.0%}
4955  ... 

Histogram: Navigation.StartToCommit.CrossProcess.MainFrame.NewNavigation recorded 1 samples, mean = 4838.0 (flags = 0x41)
0     ... 
3900  -O                                                                        (1 = 100.0%) {0.0%}
4955  ... 

Histogram: Navigation.StartToCommit.CrossProcess.NewNavigation recorded 1 samples, mean = 4838.0 (flags = 0x41)
0     ... 
3900  -O                                                                        (1 = 100.0%) {0.0%}
4955  ... 

Histogram: Navigation.StartToCommit.ForegroundProcessPriority recorded 3 samples, mean = 1612.7 (flags = 0x41)
0     --O                                                                       (2 = 66.7%)
1     ... 
3900  -O                                                                        (1 = 33.3%) {66.7%}
4955  ... 

Histogram: Navigation.StartToCommit.MainFrame recorded 1 samples, mean = 4838.0 (flags = 0x41)
0     ... 
3900  -O                                                                        (1 = 100.0%) {0.0%}
4955  ... 

Histogram: Navigation.StartToCommit.MainFrame.ForegroundProcessPriority recorded 1 samples, mean = 4838.0 (flags = 0x41)
0     ... 
3900  -O                                                                        (1 = 100.0%) {0.0%}
4955  ... 

Histogram: Navigation.StartToCommit.MainFrame.NewNavigation recorded 1 samples, mean = 4838.0 (flags = 0x41)
0     ... 
3900  -O                                                                        (1 = 100.0%) {0.0%}
4955  ... 

Histogram: Navigation.StartToCommit.NewNavigation recorded 3 samples, mean = 1612.7 (flags = 0x41)
0     --O                                                                       (2 = 66.7%)
1     ... 
3900  -O                                                                        (1 = 33.3%) {66.7%}
4955  ... 

Histogram: Navigation.StartToCommit.SameProcess recorded 2 samples, mean = 0.0 (flags = 0x41)
0  --O                                                                       (2 = 100.0%)
1  ... 

Histogram: Navigation.StartToCommit.SameProcess.ForegroundProcessPriority recorded 2 samples, mean = 0.0 (flags = 0x41)
0  --O                                                                       (2 = 100.0%)
1  ... 

Histogram: Navigation.StartToCommit.SameProcess.NewNavigation recorded 2 samples, mean = 0.0 (flags = 0x41)
0  --O                                                                       (2 = 100.0%)
1  ... 

Histogram: Navigation.StartToCommit.SameProcess.Subframe recorded 2 samples, mean = 0.0 (flags = 0x41)
0  --O                                                                       (2 = 100.0%)
1  ... 

Histogram: Navigation.StartToCommit.SameProcess.Subframe.ForegroundProcessPriority recorded 2 samples, mean = 0.0 (flags = 0x41)
0  --O                                                                       (2 = 100.0%)
1  ... 

Histogram: Navigation.StartToCommit.SameProcess.Subframe.NewNavigation recorded 2 samples, mean = 0.0 (flags = 0x41)
0  --O                                                                       (2 = 100.0%)
1  ... 

Histogram: Navigation.StartToCommit.Subframe recorded 2 samples, mean = 0.0 (flags = 0x41)
0  --O                                                                       (2 = 100.0%)
1  ... 

Histogram: Navigation.StartToCommit.Subframe.ForegroundProcessPriority recorded 2 samples, mean = 0.0 (flags = 0x41)
0  --O                                                                       (2 = 100.0%)
1  ... 

Histogram: Navigation.StartToCommit.Subframe.NewNavigation recorded 2 samples, mean = 0.0 (flags = 0x41)
0  --O                                                                       (2 = 100.0%)
1  ... 

Histogram: Navigation.SuddenTerminationDisabler.AllOrigins recorded 1 samples, mean = 13.0 (flags = 0x41)
0   ... 
13  -O                                                                        (1 = 100.0%) {0.0%}
14  ... 

Histogram: Navigation.SuddenTerminationDisabler.SameOrigin recorded 1 samples, mean = 13.0 (flags = 0x41)
0   ... 
13  -O                                                                        (1 = 100.0%) {0.0%}
14  ... 

Histogram: Navigation.SwapRFHToCompositorCreation recorded 1 samples, mean = 332.0 (flags = 0x41)
0    ... 
288  -O                                                                        (1 = 100.0%) {0.0%}
375  ... 

Histogram: Navigation.ThrottleCount recorded 2 samples, mean = 20.0 (flags = 0x41)
0   ... 
20  --O                                                                       (2 = 100.0%) {0.0%}
21  ... 

Histogram: Navigation.ThrottleEventDurationTime.WillProcessResponse recorded 1 samples, mean = 0.0 (flags = 0x41)
0  -O                                                                        (1 = 100.0%)
1  ... 

Histogram: Navigation.ThrottleEventDurationTime.WillStartRequest recorded 2 samples, mean = 1.0 (flags = 0x41)
0  -O                                                                        (1 = 50.0%)
1  O                                                                         (0 = 0.0%) {50.0%}
2  -O                                                                        (1 = 50.0%) {50.0%}
3  ... 

Histogram: Navigation.ThrottleEventExecutionTime.WillProcessResponse recorded 1 samples, mean = 0.0 (flags = 0x41)
0  -O                                                                        (1 = 100.0%)
1  ... 

Histogram: Navigation.ThrottleEventExecutionTime.WillStartRequest recorded 2 samples, mean = 1.0 (flags = 0x41)
0  -O                                                                        (1 = 50.0%)
1  O                                                                         (0 = 0.0%) {50.0%}
2  -O                                                                        (1 = 50.0%) {50.0%}
3  ... 

Histogram: Navigation.ThrottleExecutionTime.WillProcessResponse recorded 20 samples, mean = 0.0 (flags = 0x41)
0  --------------------O                                                     (20 = 100.0%)
1  ... 

Histogram: Navigation.ThrottleExecutionTime.WillStartRequest recorded 40 samples, mean = 0.0 (flags = 0x41)
0  ---------------------------------------O                                  (39 = 97.5%)
1  -O                                                                        (1 = 2.5%) {97.5%}
2  ... 

Histogram: Navigation.ThrottleTotalDeferCount recorded 5 samples, mean = 0.0 (flags = 0x41)
0  -----O                                                                    (5 = 100.0%)
1  ... 

Histogram: Navigation.ThrottleTotalDeferCount.Request recorded 5 samples, mean = 0.0 (flags = 0x41)
0  -----O                                                                    (5 = 100.0%)
1  ... 

Histogram: Navigation.ThrottleTotalDeferTime recorded 5 samples, mean = 0.0 (flags = 0x41)
0  -----O                                                                    (5 = 100.0%)
1  ... 

Histogram: Navigation.ThrottleTotalDeferTime.Request recorded 5 samples, mean = 0.0 (flags = 0x41)
0  -----O                                                                    (5 = 100.0%)
1  ... 

Histogram: Navigation.Throttles.PolicyBlocklist.DeferDurationTime recorded 2 samples, mean = 0.0 (flags = 0x41)
0  --O                                                                       (2 = 100.0%)
1  ... 

Histogram: Navigation.Throttles.PolicyBlocklist.RequestThrottleAction recorded 2 samples, mean = 2.5 (flags = 0x41)
0  O                                                                         (0 = 0.0%)
1  -O                                                                        (1 = 50.0%) {0.0%}
2  ... 
4  -O                                                                        (1 = 50.0%) {50.0%}
5  ... 

Histogram: Navigation.Throttles.PolicyBlocklist.RequestToResponseTime recorded 1 samples, mean = 0.0 (flags = 0x41)
0  -O                                                                        (1 = 100.0%)
1  ... 

Histogram: Navigation.TimeToReadyToCommit2 recorded 1 samples, mean = 4510.0 (flags = 0x41)
0     ... 
3900  -O                                                                        (1 = 100.0%) {0.0%}
4955  ... 

Histogram: Navigation.TimeToReadyToCommit2.CrossProcess recorded 1 samples, mean = 4510.0 (flags = 0x41)
0     ... 
3900  -O                                                                        (1 = 100.0%) {0.0%}
4955  ... 

Histogram: Navigation.TimeToReadyToCommit2.CrossProcess.NewNavigation recorded 1 samples, mean = 4510.0 (flags = 0x41)
0     ... 
3900  -O                                                                        (1 = 100.0%) {0.0%}
4955  ... 

Histogram: Navigation.TimeToReadyToCommit2.MainFrame recorded 1 samples, mean = 4510.0 (flags = 0x41)
0     ... 
3900  -O                                                                        (1 = 100.0%) {0.0%}
4955  ... 

Histogram: Navigation.TimeToReadyToCommit2.MainFrame.NewNavigation recorded 1 samples, mean = 4510.0 (flags = 0x41)
0     ... 
3900  -O                                                                        (1 = 100.0%) {0.0%}
4955  ... 

Histogram: Navigation.TimeToReadyToCommit2.NewNavigation recorded 1 samples, mean = 4510.0 (flags = 0x41)
0     ... 
3900  -O                                                                        (1 = 100.0%) {0.0%}
4955  ... 

Histogram: Navigation.Unload recorded 1 samples, mean = 0.0 (flags = 0x41)
0  -O                                                                        (1 = 100.0%)
1  ... 

Histogram: Navigation.UserAgentStringType recorded 3 samples, mean = 1.0 (flags = 0x41)
0  O                                                                         (0 = 0.0%)
1  ---O                                                                      (3 = 100.0%) {0.0%}
2  ... 

Histogram: Navigation.WillStartRequestToLoaderStart.MainFrame recorded 2 samples, mean = 1.0 (flags = 0x41)
0  -O                                                                        (1 = 50.0%)
1  O                                                                         (0 = 0.0%) {50.0%}
2  -O                                                                        (1 = 50.0%) {50.0%}
3  ... 

Histogram: NavigationPredictor.SearchEnginePreconnector.IsBrowserAppLikelyInForeground recorded 126 samples, mean = 0.0 (flags = 0x41)
0  ------------------------------------------------------------------------O (123 = 97.6%)
1  --O                                                                       (3 = 2.4%) {97.6%}
2  O                                                                         (0 = 0.0%) {100.0%}

Histogram: NavigationSuggestion.GetDomainInfoDelayBeforeAllowingNavigation recorded 1 samples, mean = 0.0 (flags = 0x41)
0  -O                                                                        (1 = 100.0%)
1  ... 

Histogram: NavigationSuggestion.IsLookalikeUrlDelayBeforeAllowingNavigation recorded 1 samples, mean = 0.0 (flags = 0x41)
0  -O                                                                        (1 = 100.0%)
1  ... 

Histogram: NavigationSuggestion.PerformChecksDelayBeforeAllowingNavigation recorded 1 samples, mean = 0.0 (flags = 0x41)
0  -O                                                                        (1 = 100.0%)
1  ... 

Histogram: Net.AlternateProtocolUsage recorded 174 samples, mean = 1.2 (flags = 0x41)
0  -------O                                                                  (14 = 8.0%)
1  ------------------------------------------------------------------------O (148 = 85.1%) {8.0%}
2  -O                                                                        (2 = 1.1%) {93.1%}
3  -O                                                                        (3 = 1.7%) {94.3%}
4  ... 
7  ---O                                                                      (7 = 4.0%) {96.0%}
8  O                                                                         (0 = 0.0%) {100.0%}

Histogram: Net.AlternateProtocolUsageGoogle recorded 45 samples, mean = 1.0 (flags = 0x41)
0  O                                                                         (0 = 0.0%)
1  ---------------------------------------------O                            (45 = 100.0%) {0.0%}
2  ... 

Histogram: Net.AlternativeServiceTypeForRequest recorded 271 samples, mean = 1.0 (flags = 0x41)
0  ---O                                                                      (12 = 4.4%)
1  ------------------------------------------------------------------------O (259 = 95.6%) {4.4%}
2  ... 

Histogram: Net.CertVerifier.PathBuilderIterationCount recorded 26 samples, mean = 2.0 (flags = 0x41)
0  ... 
2  --------------------------O                                               (26 = 100.0%) {0.0%}
3  ... 

Histogram: Net.CertVerifier_First_Job_Latency recorded 3 samples, mean = 459.0 (flags = 0x41)
0    ... 
239  --O                                                                       (2 = 66.7%) {0.0%}
271  ... 
831  -O                                                                        (1 = 33.3%) {66.7%}
941  ... 

Histogram: Net.CertVerifier_Job_Latency recorded 26 samples, mean = 526.4 (flags = 0x41)
0    ... 
239  ----O                                                                     (4 = 15.4%) {0.0%}
271  -O                                                                        (1 = 3.8%) {15.4%}
307  ... 
446  ----O                                                                     (4 = 15.4%) {19.2%}
505  ---O                                                                      (3 = 11.5%) {34.6%}
572  ------------O                                                             (12 = 46.2%) {46.2%}
648  -O                                                                        (1 = 3.8%) {92.3%}
734  O                                                                         (0 = 0.0%) {96.2%}
831  -O                                                                        (1 = 3.8%) {96.2%}
941  ... 

Histogram: Net.Certificate.TrustAnchor.Request recorded 171 samples (flags = 0x41)
210  --O                                                                       (4 = 2.3%)
483  O                                                                         (1 = 0.6%)
486  ------------------------------------------------------------------------O (166 = 97.1%)

Histogram: Net.Certificate.TrustAnchor.Verify recorded 26 samples (flags = 0x41)
210  --O                                                                       (2 = 7.7%)
483  --O                                                                       (2 = 7.7%)
486  ----------------------O                                                   (22 = 84.6%)

Histogram: Net.ConnectionInfo.MainFrame recorded 1 samples, mean = 40.0 (flags = 0x41)
0   ... 
40  -O                                                                        (1 = 100.0%) {0.0%}
41  ... 

Histogram: Net.ConnectionInfo.SubResource recorded 12 samples, mean = 28.0 (flags = 0x41)
0   ... 
4   ----O                                                                     (4 = 33.3%) {0.0%}
5   ... 
40  --------O                                                                 (8 = 66.7%) {33.3%}
41  ... 

Histogram: Net.ContentEncodingType recorded 207 samples, mean = 0.6 (flags = 0x41)
0  ------------------------------------------------------------------------O (124 = 59.9%)
1  ---------------------O                                                    (37 = 17.9%) {59.9%}
2  ---------------------------O                                              (46 = 22.2%) {77.8%}
3  ... 

Histogram: Net.Cors.AccessCheckResult recorded 9 samples, mean = 0.0 (flags = 0x41)
0  ---------O                                                                (9 = 100.0%)
1  ... 

Histogram: Net.CountOfQuicServerInfos recorded 1 samples, mean = 0.0 (flags = 0x41)
0  -O                                                                        (1 = 100.0%)
1  ... 

Histogram: Net.DNS.DnsConfig.DnsClientCapability recorded 287 samples, mean = 2.9 (flags = 0x41)
0  --O                                                                       (6 = 2.1%)
1  ... 
3  ------------------------------------------------------------------------O (281 = 97.9%) {2.1%}
4  O                                                                         (0 = 0.0%) {100.0%}

Histogram: Net.DNS.DnsConfig.SecureDnsMode recorded 1 samples, mean = 4.0 (flags = 0x41)
0  ... 
4  -O                                                                        (1 = 100.0%) {0.0%}
5  ... 

Histogram: Net.DNS.DnsConfig.Windows.Compatibility recorded 70 samples, mean = 0.0 (flags = 0x41)
0  ----------------------------------------------------------------------O   (70 = 100.0%)
1  ... 

Histogram: Net.DNS.DnsConfig.Windows.ReadSystemSettings0 recorded 44 samples, mean = 2.0 (flags = 0x41)
0   ------------------------------------O                                     (36 = 81.8%)
1   ... 
11  --------O                                                                 (8 = 18.2%) {81.8%}
12  O                                                                         (0 = 0.0%) {100.0%}

Histogram: Net.DNS.DnsConfig.Windows.ReadSystemSettings1 recorded 4 samples, mean = 11.0 (flags = 0x41)
0   ... 
11  ----O                                                                     (4 = 100.0%) {0.0%}
12  O                                                                         (0 = 0.0%) {100.0%}

Histogram: Net.DNS.DnsConfig.Windows.ReadSystemSettings2 recorded 4 samples, mean = 11.0 (flags = 0x41)
0   ... 
11  ----O                                                                     (4 = 100.0%) {0.0%}
12  O                                                                         (0 = 0.0%) {100.0%}

Histogram: Net.DNS.DnsHosts.Count recorded 41 samples, mean = 0.0 (flags = 0x41)
0  -----------------------------------------O                                (41 = 100.0%)
1  ... 

Histogram: Net.DNS.DnsHosts.EstimateMemoryUsage recorded 41 samples, mean = 0.0 (flags = 0x41)
0  -----------------------------------------O                                (41 = 100.0%)
1000... 

Histogram: Net.DNS.DnsHosts.FileSize recorded 41 samples, mean = 854.0 (flags = 0x41)
0    ... 
737  -----------------------------------------O                                (41 = 100.0%) {0.0%}
1065 ... 

Histogram: Net.DNS.DnsTask.SuccessTime recorded 93 samples, mean = 115.4 (flags = 0x41)
0    ... 
9    --------O                                                                 (8 = 8.6%) {0.0%}
10   -----O                                                                    (5 = 5.4%) {8.6%}
12   -----O                                                                    (5 = 5.4%) {14.0%}
14   --O                                                                       (2 = 2.2%) {19.4%}
16   --O                                                                       (2 = 2.2%) {21.5%}
18   ---O                                                                      (3 = 3.2%) {23.7%}
21   O                                                                         (0 = 0.0%) {26.9%}
24   --O                                                                       (2 = 2.2%) {26.9%}
28   O                                                                         (0 = 0.0%) {29.0%}
32   -O                                                                        (1 = 1.1%) {29.0%}
37   -O                                                                        (1 = 1.1%) {30.1%}
43   ----O                                                                     (4 = 4.3%) {31.2%}
50   -O                                                                        (1 = 1.1%) {35.5%}
58   -------O                                                                  (7 = 7.5%) {36.6%}
67   ----O                                                                     (4 = 4.3%) {44.1%}
77   -O                                                                        (1 = 1.1%) {48.4%}
89   -----O                                                                    (5 = 5.4%) {49.5%}
103  --------------O                                                           (14 = 15.1%) {54.8%}
119  -----O                                                                    (5 = 5.4%) {69.9%}
137  ----O                                                                     (4 = 4.3%) {75.3%}
158  -------O                                                                  (7 = 7.5%) {79.6%}
182  ---O                                                                      (3 = 3.2%) {87.1%}
210  --O                                                                       (2 = 2.2%) {90.3%}
242  -O                                                                        (1 = 1.1%) {92.5%}
279  -O                                                                        (1 = 1.1%) {93.5%}
322  -O                                                                        (1 = 1.1%) {94.6%}
372  ... 
659  ----O                                                                     (4 = 4.3%) {95.7%}
761  ... 

Histogram: Net.DNS.DnsTask.SvcbHttpsTransactionError recorded 90 samples, mean = 0.0 (flags = 0x41)
0  ------------------------------------------------------------------------O (90 = 100.0%)
1  ... 

Histogram: Net.DNS.DnsTransaction.AttemptType recorded 701 samples, mean = 0.4 (flags = 0x41)
0  ------------------------------------------------------------------------O (605 = 86.3%)
1  ... 
3  -----------O                                                              (96 = 13.7%) {86.3%}
4  O                                                                         (0 = 0.0%) {100.0%}

Histogram: Net.DNS.DnsTransaction.Insecure.Google.SuccessTime recorded 29 samples, mean = 58.1 (flags = 0x41)
0   ... 
41  ------------O                                                             (12 = 41.4%) {0.0%}
52  ------------O                                                             (12 = 41.4%) {41.4%}
66  ---O                                                                      (3 = 10.3%) {82.8%}
84  --O                                                                       (2 = 6.9%) {93.1%}
107 ... 

Histogram: Net.DNS.DnsTransaction.Insecure.Other.SuccessTime recorded 58 samples, mean = 13.6 (flags = 0x41)
0   ... 
8   ---------------------O                                                    (21 = 36.2%) {0.0%}
10  --------------O                                                           (14 = 24.1%) {36.2%}
13  -----O                                                                    (5 = 8.6%) {60.3%}
16  ----------O                                                               (10 = 17.2%) {69.0%}
20  ----O                                                                     (4 = 6.9%) {86.2%}
25  ---O                                                                      (3 = 5.2%) {93.1%}
32  -O                                                                        (1 = 1.7%) {98.3%}
41  ... 

Histogram: Net.DNS.DnsTransaction.SecureNotValidated.Google.FailureError recorded 75 samples (flags = 0x41)
21   ------------------------O                                                 (24 = 32.0%)
106  ----------------------------------O                                       (34 = 45.3%)
808  -----------------O                                                        (17 = 22.7%)

Histogram: Net.DNS.DnsTransaction.SecureValidated.Google.SuccessTime recorded 111 samples, mean = 206.0 (flags = 0x41)
0    ... 
52   -O                                                                        (1 = 0.9%) {0.0%}
66   -----O                                                                    (5 = 4.5%) {0.9%}
84   ----------------O                                                         (16 = 14.4%) {5.4%}
107  --------------------------------O                                         (32 = 28.8%) {19.8%}
136  --------------O                                                           (14 = 12.6%) {48.6%}
173  ---------------------O                                                    (21 = 18.9%) {61.3%}
220  ------O                                                                   (6 = 5.4%) {80.2%}
280  -O                                                                        (1 = 0.9%) {85.6%}
356  ----O                                                                     (4 = 3.6%) {86.5%}
452  O                                                                         (0 = 0.0%) {90.1%}
574  ---------O                                                                (9 = 8.1%) {90.1%}
729  --O                                                                       (2 = 1.8%) {98.2%}
926  ... 

Histogram: Net.DNS.H3SupportedGoogleHost.TaskTypeMetadataAvailability2 recorded 2 samples, mean = 4.0 (flags = 0x41)
0  ... 
3  -O                                                                        (1 = 50.0%) {0.0%}
4  O                                                                         (0 = 0.0%) {50.0%}
5  -O                                                                        (1 = 50.0%) {50.0%}
6  ... 

Histogram: Net.DNS.HTTPSSVC.RecordHttps.Insecure.ExpectNoerror.DnsRcode recorded 45 samples, mean = 2.8 (flags = 0x41)
0  ---O                                                                      (3 = 6.7%)
1  ... 
3  ------------------------------------------O                               (42 = 93.3%) {6.7%}
4  ... 

Histogram: Net.DNS.HTTPSSVC.RecordHttps.Insecure.ExpectNoerror.Parsable recorded 2 samples, mean = 1.0 (flags = 0x41)
0  O                                                                         (0 = 0.0%)
1  --O                                                                       (2 = 100.0%) {0.0%}
2  O                                                                         (0 = 0.0%) {100.0%}

Histogram: Net.DNS.HTTPSSVC.RecordHttps.Insecure.ExpectNoerror.ResolveTimeAddress recorded 45 samples, mean = 29.7 (flags = 0x41)
0   ... 
8   ----------O                                                               (10 = 22.2%) {0.0%}
10  --------O                                                                 (8 = 17.8%) {22.2%}
13  --O                                                                       (2 = 4.4%) {40.0%}
16  -----O                                                                    (5 = 11.1%) {44.4%}
20  --O                                                                       (2 = 4.4%) {55.6%}
25  -O                                                                        (1 = 2.2%) {60.0%}
32  -O                                                                        (1 = 2.2%) {62.2%}
41  -------O                                                                  (7 = 15.6%) {64.4%}
52  -----O                                                                    (5 = 11.1%) {80.0%}
66  ---O                                                                      (3 = 6.7%) {91.1%}
84  -O                                                                        (1 = 2.2%) {97.8%}
107 ... 

Histogram: Net.DNS.HTTPSSVC.RecordHttps.Insecure.ExpectNoerror.ResolveTimeExperimental recorded 45 samples, mean = 30.7 (flags = 0x41)
0   ... 
8   --------O                                                                 (8 = 17.8%) {0.0%}
10  --------O                                                                 (8 = 17.8%) {17.8%}
13  ----O                                                                     (4 = 8.9%) {35.6%}
16  -----O                                                                    (5 = 11.1%) {44.4%}
20  -O                                                                        (1 = 2.2%) {55.6%}
25  --O                                                                       (2 = 4.4%) {57.8%}
32  O                                                                         (0 = 0.0%) {62.2%}
41  ------O                                                                   (6 = 13.3%) {62.2%}
52  ---------O                                                                (9 = 20.0%) {75.6%}
66  O                                                                         (0 = 0.0%) {95.6%}
84  --O                                                                       (2 = 4.4%) {95.6%}
107 ... 

Histogram: Net.DNS.HTTPSSVC.RecordHttps.Insecure.ExpectNoerror.ResolveTimeRatio recorded 45 samples, mean = 10.0 (flags = 0x41)
0   ... 
6   -O                                                                        (1 = 2.2%) {0.0%}
7   O                                                                         (0 = 0.0%) {2.2%}
8   -O                                                                        (1 = 2.2%) {2.2%}
9   ----------------------O                                                   (22 = 48.9%) {4.4%}
10  ----------O                                                               (10 = 22.2%) {53.3%}
11  ---O                                                                      (3 = 6.7%) {75.6%}
12  ----O                                                                     (4 = 8.9%) {82.2%}
13  -O                                                                        (1 = 2.2%) {91.1%}
14  --O                                                                       (2 = 4.4%) {93.3%}
15  ... 
17  -O                                                                        (1 = 2.2%) {97.8%}
18  ... 

Histogram: Net.DNS.HTTPSSVC.RecordHttps.Secure.ExpectNoerror.DnsRcode recorded 48 samples, mean = 3.0 (flags = 0x41)
0  ... 
3  ------------------------------------------------O                         (48 = 100.0%) {0.0%}
4  ... 

Histogram: Net.DNS.HTTPSSVC.RecordHttps.Secure.ExpectNoerror.Parsable recorded 2 samples, mean = 1.0 (flags = 0x41)
0  O                                                                         (0 = 0.0%)
1  --O                                                                       (2 = 100.0%) {0.0%}
2  O                                                                         (0 = 0.0%) {100.0%}

Histogram: Net.DNS.HTTPSSVC.RecordHttps.Secure.ExpectNoerror.ResolveTimeAddress recorded 48 samples, mean = 193.0 (flags = 0x41)
0    ... 
66   --O                                                                       (2 = 4.2%) {0.0%}
84   --------O                                                                 (8 = 16.7%) {4.2%}
107  ---------------O                                                          (15 = 31.2%) {20.8%}
136  -------O                                                                  (7 = 14.6%) {52.1%}
173  --------O                                                                 (8 = 16.7%) {66.7%}
220  --O                                                                       (2 = 4.2%) {83.3%}
280  -O                                                                        (1 = 2.1%) {87.5%}
356  -O                                                                        (1 = 2.1%) {89.6%}
452  O                                                                         (0 = 0.0%) {91.7%}
574  ----O                                                                     (4 = 8.3%) {91.7%}
729  ... 

Histogram: Net.DNS.HTTPSSVC.RecordHttps.Secure.ExpectNoerror.ResolveTimeExperimental recorded 48 samples, mean = 193.2 (flags = 0x41)
0    ... 
66   ---O                                                                      (3 = 6.2%) {0.0%}
84   --------O                                                                 (8 = 16.7%) {6.2%}
107  --------------O                                                           (14 = 29.2%) {22.9%}
136  -------O                                                                  (7 = 14.6%) {52.1%}
173  --------O                                                                 (8 = 16.7%) {66.7%}
220  --O                                                                       (2 = 4.2%) {83.3%}
280  -O                                                                        (1 = 2.1%) {87.5%}
356  -O                                                                        (1 = 2.1%) {89.6%}
452  O                                                                         (0 = 0.0%) {91.7%}
574  ---O                                                                      (3 = 6.2%) {91.7%}
729  -O                                                                        (1 = 2.1%) {97.9%}
926  ... 

Histogram: Net.DNS.HTTPSSVC.RecordHttps.Secure.ExpectNoerror.ResolveTimeRatio recorded 48 samples, mean = 9.4 (flags = 0x41)
0   ... 
8   -O                                                                        (1 = 2.1%) {0.0%}
9   ----------------------------O                                             (28 = 58.3%) {2.1%}
10  -------------------O                                                      (19 = 39.6%) {60.4%}
11  ... 

Histogram: Net.DNS.InsecureDnsTask.FailureTime recorded 58 samples, mean = 5359.2 (flags = 0x41)
0     O                                                                         (0 = 0.0%)
1     --O                                                                       (2 = 3.4%) {0.0%}
2     ... 
1013  ------O                                                                   (6 = 10.3%) {3.4%}
1169  ... 
5660  --------------------------------------------------O                       (50 = 86.2%) {13.8%}
6533  ... 

Histogram: Net.DNS.JobQueueTime.Failure recorded 58 samples, mean = 0.2 (flags = 0x41)
0  ------------------------------------------------------O                   (54 = 93.1%)
1  --O                                                                       (2 = 3.4%) {93.1%}
2  ... 
5  -O                                                                        (1 = 1.7%) {96.6%}
6  -O                                                                        (1 = 1.7%) {98.3%}
7  ... 

Histogram: Net.DNS.JobQueueTime.PerTransaction recorded 340 samples, mean = 0.1 (flags = 0x41)
0  ------------------------------------------------------------------------O (331 = 97.4%)
1  -O                                                                        (4 = 1.2%) {97.4%}
2  O                                                                         (1 = 0.3%) {98.5%}
3  O                                                                         (1 = 0.3%) {98.8%}
4  O                                                                         (0 = 0.0%) {99.1%}
5  O                                                                         (1 = 0.3%) {99.1%}
6  O                                                                         (1 = 0.3%) {99.4%}
7  O                                                                         (1 = 0.3%) {99.7%}
8  ... 

Histogram: Net.DNS.JobQueueTime.Success recorded 93 samples, mean = 0.1 (flags = 0x41)
0  ------------------------------------------------------------------------O (91 = 97.8%)
1  O                                                                         (0 = 0.0%) {97.8%}
2  -O                                                                        (1 = 1.1%) {97.8%}
3  ... 
7  -O                                                                        (1 = 1.1%) {98.9%}
8  ... 

Histogram: Net.DNS.ProbeSequence.ConfigChange.Failure.AttemptTime recorded 42 samples, mean = 17729.5 (flags = 0x41)
0      ... 
4516   ---------O                                                                (9 = 21.4%) {0.0%}
6118   ... 
15215  ----------------O                                                         (16 = 38.1%) {21.4%}
20614  ------------O                                                             (12 = 28.6%) {59.5%}
27929  -----O                                                                    (5 = 11.9%) {88.1%}
37840  ... 

Histogram: Net.DNS.ProbeSequence.ConfigChange.Success.AttemptTime recorded 15 samples, mean = 288.8 (flags = 0x41)
0    ... 
47   -O                                                                        (1 = 6.7%) {0.0%}
64   O                                                                         (0 = 0.0%) {6.7%}
87   --O                                                                       (2 = 13.3%) {6.7%}
118  -O                                                                        (1 = 6.7%) {20.0%}
160  ----O                                                                     (4 = 26.7%) {26.7%}
217  --O                                                                       (2 = 13.3%) {53.3%}
294  O                                                                         (0 = 0.0%) {66.7%}
398  --O                                                                       (2 = 13.3%) {66.7%}
539  --O                                                                       (2 = 13.3%) {80.0%}
730  -O                                                                        (1 = 6.7%) {93.3%}
989  ... 

Histogram: Net.DNS.ProbeSequence.NetworkChange.Failure.AttemptTime recorded 33 samples, mean = 36765.1 (flags = 0x41)
0      ... 
6118   ---O                                                                      (3 = 9.1%) {0.0%}
8289   O                                                                         (0 = 0.0%) {9.1%}
11230  ---------O                                                                (9 = 27.3%) {9.1%}
15215  ------O                                                                   (6 = 18.2%) {36.4%}
20614  O                                                                         (0 = 0.0%) {54.5%}
27929  -----O                                                                    (5 = 15.2%) {54.5%}
37840  -O                                                                        (1 = 3.0%) {69.7%}
51267  ---O                                                                      (3 = 9.1%) {72.7%}
69459  ---O                                                                      (3 = 9.1%) {81.8%}
94106  ---O                                                                      (3 = 9.1%) {90.9%}
127499 ... 

Histogram: Net.DNS.Request.TotalTime recorded 854 samples, mean = 717.8 (flags = 0x41)
0      ------------------------------------------------------------------------O (650 = 76.1%)
10     O                                                                         (4 = 0.5%) {76.1%}
12     -O                                                                        (11 = 1.3%) {76.6%}
15     O                                                                         (3 = 0.4%) {77.9%}
18     -O                                                                        (6 = 0.7%) {78.2%}
22     -O                                                                        (6 = 0.7%) {78.9%}
27     -O                                                                        (5 = 0.6%) {79.6%}
33     O                                                                         (3 = 0.4%) {80.2%}
41     -O                                                                        (5 = 0.6%) {80.6%}
50     -O                                                                        (5 = 0.6%) {81.1%}
61     -O                                                                        (10 = 1.2%) {81.7%}
75     O                                                                         (2 = 0.2%) {82.9%}
92     --O                                                                       (14 = 1.6%) {83.1%}
113    -O                                                                        (12 = 1.4%) {84.8%}
139    -O                                                                        (5 = 0.6%) {86.2%}
171    -O                                                                        (7 = 0.8%) {86.8%}
210    O                                                                         (3 = 0.4%) {87.6%}
258    O                                                                         (1 = 0.1%) {87.9%}
317    O                                                                         (1 = 0.1%) {88.1%}
389    O                                                                         (2 = 0.2%) {88.2%}
477    ... 
718    -O                                                                        (6 = 0.7%) {88.4%}
881    -O                                                                        (5 = 0.6%) {89.1%}
1081   O                                                                         (2 = 0.2%) {89.7%}
1326   O                                                                         (1 = 0.1%) {89.9%}
1627   O                                                                         (2 = 0.2%) {90.0%}
1996   O                                                                         (3 = 0.4%) {90.3%}
2449   O                                                                         (0 = 0.0%) {90.6%}
3005   -O                                                                        (8 = 0.9%) {90.6%}
3687   O                                                                         (2 = 0.2%) {91.6%}
4524   -O                                                                        (6 = 0.7%) {91.8%}
5551   -----O                                                                    (47 = 5.5%) {92.5%}
6812   O                                                                         (1 = 0.1%) {98.0%}
8359   O                                                                         (2 = 0.2%) {98.1%}
10257  -O                                                                        (7 = 0.8%) {98.4%}
12586  O                                                                         (1 = 0.1%) {99.2%}
15444  -O                                                                        (6 = 0.7%) {99.3%}
18951  ... 

Histogram: Net.DNS.Request.TotalTimeAsync recorded 296 samples, mean = 2070.9 (flags = 0x41)
0      ------------------------------------------------------------------------O (93 = 31.4%)
10     ---O                                                                      (4 = 1.4%) {31.4%}
12     ---------O                                                                (11 = 3.7%) {32.8%}
15     --O                                                                       (3 = 1.0%) {36.5%}
18     ----O                                                                     (5 = 1.7%) {37.5%}
22     -----O                                                                    (6 = 2.0%) {39.2%}
27     ----O                                                                     (5 = 1.7%) {41.2%}
33     --O                                                                       (3 = 1.0%) {42.9%}
41     ----O                                                                     (5 = 1.7%) {43.9%}
50     ----O                                                                     (5 = 1.7%) {45.6%}
61     --------O                                                                 (10 = 3.4%) {47.3%}
75     --O                                                                       (2 = 0.7%) {50.7%}
92     -----------O                                                              (14 = 4.7%) {51.4%}
113    ---------O                                                                (12 = 4.1%) {56.1%}
139    ----O                                                                     (5 = 1.7%) {60.1%}
171    -----O                                                                    (7 = 2.4%) {61.8%}
210    --O                                                                       (3 = 1.0%) {64.2%}
258    -O                                                                        (1 = 0.3%) {65.2%}
317    -O                                                                        (1 = 0.3%) {65.5%}
389    --O                                                                       (2 = 0.7%) {65.9%}
477    ... 
718    -----O                                                                    (6 = 2.0%) {66.6%}
881    ----O                                                                     (5 = 1.7%) {68.6%}
1081   --O                                                                       (2 = 0.7%) {70.3%}
1326   -O                                                                        (1 = 0.3%) {70.9%}
1627   --O                                                                       (2 = 0.7%) {71.3%}
1996   --O                                                                       (3 = 1.0%) {72.0%}
2449   O                                                                         (0 = 0.0%) {73.0%}
3005   ------O                                                                   (8 = 2.7%) {73.0%}
3687   --O                                                                       (2 = 0.7%) {75.7%}
4524   -----O                                                                    (6 = 2.0%) {76.4%}
5551   ------------------------------------O                                     (47 = 15.9%) {78.4%}
6812   -O                                                                        (1 = 0.3%) {94.3%}
8359   --O                                                                       (2 = 0.7%) {94.6%}
10257  -----O                                                                    (7 = 2.4%) {95.3%}
12586  -O                                                                        (1 = 0.3%) {97.6%}
15444  -----O                                                                    (6 = 2.0%) {98.0%}
18951  ... 

Histogram: Net.DNS.ResolveCategory recorded 265 samples, mean = 1.0 (flags = 0x41)
0  ----------------------------------------------O                           (92 = 34.7%)
1  ------------------------------------------------------------------------O (145 = 54.7%) {34.7%}
2  -O                                                                        (2 = 0.8%) {89.4%}
3  O                                                                         (0 = 0.0%) {90.2%}
4  -------------O                                                            (26 = 9.8%) {90.2%}
5  ... 

Histogram: Net.DNS.ResolveContext.DohAutoupgrade.Google.Status recorded 18 samples, mean = 0.5 (flags = 0x41)
0  ---------------O                                                          (15 = 83.3%)
1  ... 
3  ---O                                                                      (3 = 16.7%) {83.3%}
4  O                                                                         (0 = 0.0%) {100.0%}

Histogram: Net.DNS.ResolveError.Fast recorded 86 samples (flags = 0x41)
21   ---O                                                                      (3 = 3.5%)
105  ----------------------------------------------------------------O         (64 = 74.4%)
106  -------------------O                                                      (19 = 22.1%)

Histogram: Net.DNS.ResolveError.Slow recorded 85 samples (flags = 0x41)
21   -----------------------O                                                  (23 = 27.1%)
105  -------------------O                                                      (19 = 22.4%)
106  -------------------------------------------O                              (43 = 50.6%)

Histogram: Net.DNS.ResolveFailureTime recorded 145 samples, mean = 2500.2 (flags = 0x41)
0      ----------------------------------------------------------O               (58 = 40.0%)
1      -------O                                                                  (7 = 4.8%) {40.0%}
2      ----------O                                                               (10 = 6.9%) {44.8%}
3      -O                                                                        (1 = 0.7%) {51.7%}
4      O                                                                         (0 = 0.0%) {52.4%}
5      ---O                                                                      (3 = 2.1%) {52.4%}
6      ---O                                                                      (3 = 2.1%) {54.5%}
7      -O                                                                        (1 = 0.7%) {56.6%}
8      ... 
12     ---O                                                                      (3 = 2.1%) {57.2%}
14     ... 
18     -O                                                                        (1 = 0.7%) {59.3%}
21     ---O                                                                      (3 = 2.1%) {60.0%}
24     O                                                                         (0 = 0.0%) {62.1%}
28     -O                                                                        (1 = 0.7%) {62.1%}
32     ---O                                                                      (3 = 2.1%) {62.8%}
37     ... 
103    -O                                                                        (1 = 0.7%) {64.8%}
119    ... 
1013   ---O                                                                      (3 = 2.1%) {65.5%}
1169   ... 
5660   --------------------------------------O                                   (38 = 26.2%) {67.6%}
6533   ... 
11597  ------O                                                                   (6 = 4.1%) {93.8%}
13386  ... 
17834  ---O                                                                      (3 = 2.1%) {97.9%}
20585  ... 

Histogram: Net.DNS.ResolveSuccessTime recorded 92 samples, mean = 116.1 (flags = 0x41)
0    ... 
9    --------O                                                                 (8 = 8.7%) {0.0%}
10   ----O                                                                     (4 = 4.3%) {8.7%}
12   -----O                                                                    (5 = 5.4%) {13.0%}
14   --O                                                                       (2 = 2.2%) {18.5%}
16   --O                                                                       (2 = 2.2%) {20.7%}
18   ---O                                                                      (3 = 3.3%) {22.8%}
21   O                                                                         (0 = 0.0%) {26.1%}
24   --O                                                                       (2 = 2.2%) {26.1%}
28   O                                                                         (0 = 0.0%) {28.3%}
32   -O                                                                        (1 = 1.1%) {28.3%}
37   -O                                                                        (1 = 1.1%) {29.3%}
43   ----O                                                                     (4 = 4.3%) {30.4%}
50   -O                                                                        (1 = 1.1%) {34.8%}
58   --------O                                                                 (8 = 8.7%) {35.9%}
67   ----O                                                                     (4 = 4.3%) {44.6%}
77   -O                                                                        (1 = 1.1%) {48.9%}
89   -----O                                                                    (5 = 5.4%) {50.0%}
103  -------------O                                                            (13 = 14.1%) {55.4%}
119  -----O                                                                    (5 = 5.4%) {69.6%}
137  ----O                                                                     (4 = 4.3%) {75.0%}
158  -------O                                                                  (7 = 7.6%) {79.3%}
182  ---O                                                                      (3 = 3.3%) {87.0%}
210  --O                                                                       (2 = 2.2%) {90.2%}
242  -O                                                                        (1 = 1.1%) {92.4%}
279  -O                                                                        (1 = 1.1%) {93.5%}
322  -O                                                                        (1 = 1.1%) {94.6%}
372  ... 
659  ----O                                                                     (4 = 4.3%) {95.7%}
761  ... 

Histogram: Net.DNS.SystemTask.FailureTime recorded 145 samples, mean = 504.1 (flags = 0x41)
0      ------------------------------------------------------------------------O (92 = 63.4%)
1      --------O                                                                 (10 = 6.9%) {63.4%}
2      --------O                                                                 (10 = 6.9%) {70.3%}
3      -O                                                                        (1 = 0.7%) {77.2%}
4      O                                                                         (0 = 0.0%) {77.9%}
5      -----O                                                                    (6 = 4.1%) {77.9%}
6      ---O                                                                      (4 = 2.8%) {82.1%}
7      -O                                                                        (1 = 0.7%) {84.8%}
8      ... 
12     --O                                                                       (3 = 2.1%) {85.5%}
14     ... 
18     -O                                                                        (1 = 0.7%) {87.6%}
21     --O                                                                       (3 = 2.1%) {88.3%}
24     O                                                                         (0 = 0.0%) {90.3%}
28     -O                                                                        (1 = 0.7%) {90.3%}
32     --O                                                                       (3 = 2.1%) {91.0%}
37     ... 
103    -O                                                                        (1 = 0.7%) {93.1%}
119    ... 
5660   -----O                                                                    (6 = 4.1%) {93.8%}
6533   ... 
11597  --O                                                                       (3 = 2.1%) {97.9%}
13386  ... 

Histogram: Net.DNS.SystemTask.SuccessTime recorded 1 samples, mean = 62.0 (flags = 0x41)
0   ... 
58  -O                                                                        (1 = 100.0%) {0.0%}
67  ... 

Histogram: Net.DNS.UpgradeConfig.HasPublicInsecureNameserver recorded 9 samples, mean = 1.0 (flags = 0x41)
0  O                                                                         (0 = 0.0%)
1  ---------O                                                                (9 = 100.0%) {0.0%}
2  O                                                                         (0 = 0.0%) {100.0%}

Histogram: Net.DNS.UpgradeConfig.Ineligible.DohSpecified recorded 1 samples, mean = 0.0 (flags = 0x41)
0  -O                                                                        (1 = 100.0%)
1  ... 

Histogram: Net.DNS.UpgradeConfig.Ineligible.UnhandledOptions recorded 1 samples, mean = 0.0 (flags = 0x41)
0  -O                                                                        (1 = 100.0%)
1  ... 

Histogram: Net.DNS.UpgradeConfig.InsecureUpgradeSucceeded recorded 9 samples, mean = 1.0 (flags = 0x41)
0  O                                                                         (0 = 0.0%)
1  ---------O                                                                (9 = 100.0%) {0.0%}
2  O                                                                         (0 = 0.0%) {100.0%}

Histogram: Net.DNS_Resolution_And_TCP_Connection_Latency2 recorded 27 samples, mean = 58.5 (flags = 0x41)
0    ... 
9    -O                                                                        (1 = 3.7%) {0.0%}
10   -O                                                                        (1 = 3.7%) {3.7%}
11   -O                                                                        (1 = 3.7%) {7.4%}
12   ... 
16   -O                                                                        (1 = 3.7%) {11.1%}
18   ... 
42   --------O                                                                 (8 = 29.6%) {14.8%}
48   ---------O                                                                (9 = 33.3%) {44.4%}
54   O                                                                         (0 = 0.0%) {77.8%}
61   --O                                                                       (2 = 7.4%) {77.8%}
69   -O                                                                        (1 = 3.7%) {85.2%}
78   O                                                                         (0 = 0.0%) {88.9%}
88   -O                                                                        (1 = 3.7%) {88.9%}
100  ... 
186  -O                                                                        (1 = 3.7%) {92.6%}
211  -O                                                                        (1 = 3.7%) {96.3%}
239  ... 

Histogram: Net.ErrorCodesForMainFrame4 recorded 2 samples (flags = 0x41)
0  -O                                                                        (1 = 50.0%)
3  -O                                                                        (1 = 50.0%)

Histogram: Net.ErrorCodesForSubresources3 recorded 54 samples (flags = 0x41)
0    --------------------------------------------------O                       (50 = 92.6%)
21   -O                                                                        (1 = 1.9%)
105  --O                                                                       (2 = 3.7%)
106  -O                                                                        (1 = 1.9%)

Histogram: Net.HttpJob.BytesReceived2 recorded 261 samples, mean = 755.0 (flags = 0x41)
0      ---------------------------------------------------------O                (90 = 34.5%)
1      ... 
56     -O                                                                        (1 = 0.4%) {34.5%}
80     ... 
165    ---------------------------O                                              (42 = 16.1%) {34.9%}
237    -O                                                                        (1 = 0.4%) {51.0%}
340    -O                                                                        (2 = 0.8%) {51.3%}
488    ------------------------------------------------------------------------O (113 = 43.3%) {52.1%}
700    --O                                                                       (3 = 1.1%) {95.4%}
1004   -O                                                                        (2 = 0.8%) {96.6%}
1440   ... 
2961   ---O                                                                      (5 = 1.9%) {97.3%}
4246   ... 
17959  -O                                                                        (1 = 0.4%) {99.2%}
25755  ... 
75961  -O                                                                        (1 = 0.4%) {99.6%}
108935 ... 

Histogram: Net.HttpJob.BytesSent2 recorded 261 samples, mean = 300.8 (flags = 0x41)
0      -------------------------------------------------------------O            (90 = 34.5%)
1      ... 
13     ------------------------------------------------------------------------O (106 = 40.6%) {34.5%}
19     -O                                                                        (1 = 0.4%) {75.1%}
27     ... 
165    ----O                                                                     (6 = 2.3%) {75.5%}
237    O                                                                         (0 = 0.0%) {77.8%}
340    -O                                                                        (1 = 0.4%) {77.8%}
488    ---O                                                                      (4 = 1.5%) {78.2%}
700    -----O                                                                    (7 = 2.7%) {79.7%}
1004   -------------------------------O                                          (45 = 17.2%) {82.4%}
1440   ... 
12523  -O                                                                        (1 = 0.4%) {99.6%}
17959  ... 

Histogram: Net.HttpJob.MainJobWaitTimeWithAvailableSpdySession recorded 6 samples, mean = 0.0 (flags = 0x41)
0  ------O                                                                   (6 = 100.0%)
1  ... 

Histogram: Net.HttpJob.MainJobWaitTimeWithoutAvailableSpdySession recorded 240 samples, mean = 73.0 (flags = 0x41)
0    -------------------------------O                                          (34 = 14.2%)
1    ... 
12   -O                                                                        (1 = 0.4%) {14.2%}
14   -----O                                                                    (5 = 2.1%) {14.6%}
17   O                                                                         (0 = 0.0%) {16.7%}
20   -O                                                                        (1 = 0.4%) {16.7%}
24   ... 
57   ---------------------------------------O                                  (43 = 17.9%) {17.1%}
68   ------------------------------------------------------------------------O (80 = 33.3%) {35.0%}
81   -----------------------------O                                            (32 = 13.3%) {68.3%}
96   -------------------------O                                                (28 = 11.7%) {81.7%}
114  ----O                                                                     (4 = 1.7%) {93.3%}
135  ------O                                                                   (7 = 2.9%) {95.0%}
160  ... 
268  -----O                                                                    (5 = 2.1%) {97.9%}
318  ... 

Histogram: Net.HttpJob.PrefilterBytesRead recorded 291 samples, mean = 4849.8 (flags = 0x41)
0       -------------------------------------------------------O                  (86 = 29.6%)
1       ... 
13      -O                                                                        (1 = 0.3%) {29.6%}
19      -O                                                                        (2 = 0.7%) {29.9%}
27      O                                                                         (0 = 0.0%) {30.6%}
39      -O                                                                        (1 = 0.3%) {30.6%}
56      -O                                                                        (2 = 0.7%) {30.9%}
80      -O                                                                        (1 = 0.3%) {31.6%}
115     O                                                                         (0 = 0.0%) {32.0%}
165     ----------------------------O                                             (43 = 14.8%) {32.0%}
237     O                                                                         (0 = 0.0%) {46.7%}
340     ------------------------------------------------------------------------O (112 = 38.5%) {46.7%}
488     ---O                                                                      (4 = 1.4%) {85.2%}
700     ---O                                                                      (4 = 1.4%) {86.6%}
1004    ---O                                                                      (4 = 1.4%) {88.0%}
1440    -O                                                                        (1 = 0.3%) {89.3%}
2065    -O                                                                        (1 = 0.3%) {89.7%}
2961    -O                                                                        (2 = 0.7%) {90.0%}
4246    -O                                                                        (2 = 0.7%) {90.7%}
6089    -O                                                                        (1 = 0.3%) {91.4%}
8732    --O                                                                       (3 = 1.0%) {91.8%}
12523   --O                                                                       (3 = 1.0%) {92.8%}
17959   ---O                                                                      (4 = 1.4%) {93.8%}
25755   -O                                                                        (2 = 0.7%) {95.2%}
36935   ---O                                                                      (4 = 1.4%) {95.9%}
52968   O                                                                         (0 = 0.0%) {97.3%}
75961   ---O                                                                      (5 = 1.7%) {97.3%}
108935  -O                                                                        (2 = 0.7%) {99.0%}
156223  -O                                                                        (1 = 0.3%) {99.7%}
224038  ... 

Histogram: Net.HttpJob.PrefilterBytesRead.Cache recorded 46 samples, mean = 27035.6 (flags = 0x41)
0       -----O                                                                    (5 = 10.9%)
1       ... 
165     -O                                                                        (1 = 2.2%) {10.9%}
237     O                                                                         (0 = 0.0%) {13.0%}
340     -O                                                                        (1 = 2.2%) {13.0%}
488     ----O                                                                     (4 = 8.7%) {15.2%}
700     ----O                                                                     (4 = 8.7%) {23.9%}
1004    --O                                                                       (2 = 4.3%) {32.6%}
1440    -O                                                                        (1 = 2.2%) {37.0%}
2065    -O                                                                        (1 = 2.2%) {39.1%}
2961    --O                                                                       (2 = 4.3%) {41.3%}
4246    --O                                                                       (2 = 4.3%) {45.7%}
6089    -O                                                                        (1 = 2.2%) {50.0%}
8732    ---O                                                                      (3 = 6.5%) {52.2%}
12523   --O                                                                       (2 = 4.3%) {58.7%}
17959   ----O                                                                     (4 = 8.7%) {63.0%}
25755   --O                                                                       (2 = 4.3%) {71.7%}
36935   ----O                                                                     (4 = 8.7%) {76.1%}
52968   O                                                                         (0 = 0.0%) {84.8%}
75961   ----O                                                                     (4 = 8.7%) {84.8%}
108935  --O                                                                       (2 = 4.3%) {93.5%}
156223  -O                                                                        (1 = 2.2%) {97.8%}
224038  ... 

Histogram: Net.HttpJob.PrefilterBytesRead.Net recorded 245 samples, mean = 684.3 (flags = 0x41)
0      -----------------------------------------------------O                    (81 = 33.1%)
1      ... 
13     -O                                                                        (1 = 0.4%) {33.1%}
19     -O                                                                        (2 = 0.8%) {33.5%}
27     O                                                                         (0 = 0.0%) {34.3%}
39     -O                                                                        (1 = 0.4%) {34.3%}
56     -O                                                                        (2 = 0.8%) {34.7%}
80     -O                                                                        (1 = 0.4%) {35.5%}
115    O                                                                         (0 = 0.0%) {35.9%}
165    ---------------------------O                                              (42 = 17.1%) {35.9%}
237    O                                                                         (0 = 0.0%) {53.1%}
340    ------------------------------------------------------------------------O (111 = 45.3%) {53.1%}
488    ... 
1004   -O                                                                        (2 = 0.8%) {98.4%}
1440   ... 
12523  -O                                                                        (1 = 0.4%) {99.2%}
17959  ... 
75961  -O                                                                        (1 = 0.4%) {99.6%}
108935 ... 

Histogram: Net.HttpJob.ProxyTypeFailed recorded 81 samples, mean = 1.0 (flags = 0x41)
0  O                                                                         (0 = 0.0%)
1  ------------------------------------------------------------------------O (81 = 100.0%) {0.0%}
2  ... 

Histogram: Net.HttpJob.ProxyTypeSuccess recorded 171 samples, mean = 1.0 (flags = 0x41)
0  O                                                                         (0 = 0.0%)
1  ------------------------------------------------------------------------O (171 = 100.0%) {0.0%}
2  ... 

Histogram: Net.HttpJob.TotalTime recorded 300 samples, mean = 3026.0 (flags = 0x41)
0      ---O                                                                      (3 = 1.0%)
1      --O                                                                       (2 = 0.7%) {1.0%}
2      --O                                                                       (2 = 0.7%) {1.7%}
3      ... 
5      --O                                                                       (2 = 0.7%) {2.3%}
6      O                                                                         (0 = 0.0%) {3.0%}
7      --O                                                                       (2 = 0.7%) {3.0%}
8      ----O                                                                     (4 = 1.3%) {3.7%}
10     --------O                                                                 (8 = 2.7%) {5.0%}
12     -O                                                                        (1 = 0.3%) {7.7%}
14     ------O                                                                   (6 = 2.0%) {8.0%}
17     -O                                                                        (1 = 0.3%) {10.0%}
20     -O                                                                        (1 = 0.3%) {10.3%}
24     -------O                                                                  (7 = 2.3%) {10.7%}
29     -----O                                                                    (5 = 1.7%) {13.0%}
34     -O                                                                        (1 = 0.3%) {14.7%}
40     O                                                                         (0 = 0.0%) {15.0%}
48     -O                                                                        (1 = 0.3%) {15.0%}
57     -O                                                                        (1 = 0.3%) {15.3%}
68     ----O                                                                     (4 = 1.3%) {15.7%}
81     -----O                                                                    (5 = 1.7%) {17.0%}
96     ---------------------------O                                              (27 = 9.0%) {18.7%}
114    -------------------O                                                      (19 = 6.3%) {27.7%}
135    ----------O                                                               (10 = 3.3%) {34.0%}
160    -------------------O                                                      (19 = 6.3%) {37.3%}
190    ---------O                                                                (9 = 3.0%) {43.7%}
226    --------------------------O                                               (26 = 8.7%) {46.7%}
268    --------------O                                                           (14 = 4.7%) {55.3%}
318    --------O                                                                 (8 = 2.7%) {60.0%}
378    ----O                                                                     (4 = 1.3%) {62.7%}
449    -O                                                                        (1 = 0.3%) {64.0%}
533    --O                                                                       (2 = 0.7%) {64.3%}
633    ----------------O                                                         (16 = 5.3%) {65.0%}
752    ---O                                                                      (3 = 1.0%) {70.3%}
894    O                                                                         (0 = 0.0%) {71.3%}
1062   --O                                                                       (2 = 0.7%) {71.3%}
1262   ----O                                                                     (4 = 1.3%) {72.0%}
1500   ... 
2516   --O                                                                       (2 = 0.7%) {73.3%}
2990   ---O                                                                      (3 = 1.0%) {74.0%}
3553   O                                                                         (0 = 0.0%) {75.0%}
4222   -----O                                                                    (5 = 1.7%) {75.0%}
5017   ---O                                                                      (3 = 1.0%) {76.7%}
5961   --------O                                                                 (8 = 2.7%) {77.7%}
7083   ------O                                                                   (6 = 2.0%) {80.3%}
8416   -----O                                                                    (5 = 1.7%) {82.3%}
10000  ------------------------------------------------O                         (48 = 16.0%) {84.0%}

Histogram: Net.HttpJob.TotalTime.Secure.Quic recorded 45 samples, mean = 422.2 (flags = 0x41)
0     ... 
220   -------------------O                                                      (19 = 42.2%) {0.0%}
280   ------------O                                                             (12 = 26.7%) {42.2%}
356   -----O                                                                    (5 = 11.1%) {68.9%}
452   -O                                                                        (1 = 2.2%) {80.0%}
574   ---O                                                                      (3 = 6.7%) {82.2%}
729   -O                                                                        (1 = 2.2%) {88.9%}
926   -O                                                                        (1 = 2.2%) {91.1%}
1177  ---O                                                                      (3 = 6.7%) {93.3%}
1496  ... 

Histogram: Net.HttpJob.TotalTimeCached recorded 46 samples, mean = 958.1 (flags = 0x41)
0      -O                                                                        (1 = 2.2%)
1      --O                                                                       (2 = 4.3%) {2.2%}
2      --O                                                                       (2 = 4.3%) {6.5%}
3      ... 
5      --O                                                                       (2 = 4.3%) {10.9%}
6      O                                                                         (0 = 0.0%) {15.2%}
7      --O                                                                       (2 = 4.3%) {15.2%}
8      ----O                                                                     (4 = 8.7%) {19.6%}
10     --------O                                                                 (8 = 17.4%) {28.3%}
12     -O                                                                        (1 = 2.2%) {45.7%}
14     ------O                                                                   (6 = 13.0%) {47.8%}
17     -O                                                                        (1 = 2.2%) {60.9%}
20     O                                                                         (0 = 0.0%) {63.0%}
24     ------O                                                                   (6 = 13.0%) {63.0%}
29     -----O                                                                    (5 = 10.9%) {76.1%}
34     ... 
318    --O                                                                       (2 = 4.3%) {87.0%}
378    ... 
633    -O                                                                        (1 = 2.2%) {91.3%}
752    ... 
2516   -O                                                                        (1 = 2.2%) {93.5%}
2990   ... 
10000  --O                                                                       (2 = 4.3%) {95.7%}

Histogram: Net.HttpJob.TotalTimeCancel recorded 90 samples, mean = 9525.6 (flags = 0x41)
0      --O                                                                       (2 = 2.2%)
1      -O                                                                        (1 = 1.1%) {2.2%}
2      ... 
34     -O                                                                        (1 = 1.1%) {3.3%}
40     ... 
81     ---O                                                                      (3 = 3.3%) {4.4%}
96     ... 
752    ---O                                                                      (3 = 3.3%) {7.8%}
894    O                                                                         (0 = 0.0%) {11.1%}
1062   -O                                                                        (1 = 1.1%) {11.1%}
1262   ... 
2516   -O                                                                        (1 = 1.1%) {12.2%}
2990   ---O                                                                      (3 = 3.3%) {13.3%}
3553   O                                                                         (0 = 0.0%) {16.7%}
4222   -----O                                                                    (5 = 5.6%) {16.7%}
5017   ---O                                                                      (3 = 3.3%) {22.2%}
5961   --------O                                                                 (8 = 8.9%) {25.6%}
7083   ------O                                                                   (6 = 6.7%) {34.4%}
8416   -----O                                                                    (5 = 5.6%) {41.1%}
10000  ------------------------------------------------O                         (48 = 53.3%) {46.7%}

Histogram: Net.HttpJob.TotalTimeNotCached recorded 245 samples, mean = 3513.5 (flags = 0x41)
0      ... 
20     -O                                                                        (1 = 0.4%) {0.0%}
24     -O                                                                        (1 = 0.4%) {0.4%}
29     ... 
48     -O                                                                        (1 = 0.4%) {0.8%}
57     -O                                                                        (1 = 0.4%) {1.2%}
68     ----O                                                                     (4 = 1.6%) {1.6%}
81     --O                                                                       (2 = 0.8%) {3.3%}
96     ---------------------------O                                              (27 = 11.0%) {4.1%}
114    -------------------O                                                      (19 = 7.8%) {15.1%}
135    ----------O                                                               (10 = 4.1%) {22.9%}
160    -------------------O                                                      (19 = 7.8%) {26.9%}
190    ---------O                                                                (9 = 3.7%) {34.7%}
226    --------------------------O                                               (26 = 10.6%) {38.4%}
268    --------------O                                                           (14 = 5.7%) {49.0%}
318    ------O                                                                   (6 = 2.4%) {54.7%}
378    ----O                                                                     (4 = 1.6%) {57.1%}
449    -O                                                                        (1 = 0.4%) {58.8%}
533    --O                                                                       (2 = 0.8%) {59.2%}
633    ---------------O                                                          (15 = 6.1%) {60.0%}
752    ... 
1062   --O                                                                       (2 = 0.8%) {66.1%}
1262   ----O                                                                     (4 = 1.6%) {66.9%}
1500   ... 
2516   -O                                                                        (1 = 0.4%) {68.6%}
2990   ---O                                                                      (3 = 1.2%) {69.0%}
3553   O                                                                         (0 = 0.0%) {70.2%}
4222   -----O                                                                    (5 = 2.0%) {70.2%}
5017   ---O                                                                      (3 = 1.2%) {72.2%}
5961   --------O                                                                 (8 = 3.3%) {73.5%}
7083   ------O                                                                   (6 = 2.4%) {76.7%}
8416   -----O                                                                    (5 = 2.0%) {79.2%}
10000  ----------------------------------------------O                           (46 = 18.8%) {81.2%}

Histogram: Net.HttpJob.TotalTimeNotCached.Secure.Quic recorded 45 samples, mean = 422.2 (flags = 0x41)
0     ... 
220   -------------------O                                                      (19 = 42.2%) {0.0%}
280   ------------O                                                             (12 = 26.7%) {42.2%}
356   -----O                                                                    (5 = 11.1%) {68.9%}
452   -O                                                                        (1 = 2.2%) {80.0%}
574   ---O                                                                      (3 = 6.7%) {82.2%}
729   -O                                                                        (1 = 2.2%) {88.9%}
926   -O                                                                        (1 = 2.2%) {91.1%}
1177  ---O                                                                      (3 = 6.7%) {93.3%}
1496  ... 

Histogram: Net.HttpJob.TotalTimeSuccess recorded 210 samples, mean = 240.4 (flags = 0x41)
0     -O                                                                        (1 = 0.5%)
1     -O                                                                        (1 = 0.5%) {0.5%}
2     --O                                                                       (2 = 1.0%) {1.0%}
3     ... 
5     --O                                                                       (2 = 1.0%) {1.9%}
6     O                                                                         (0 = 0.0%) {2.9%}
7     --O                                                                       (2 = 1.0%) {2.9%}
8     ----O                                                                     (4 = 1.9%) {3.8%}
10    --------O                                                                 (8 = 3.8%) {5.7%}
12    -O                                                                        (1 = 0.5%) {9.5%}
14    ------O                                                                   (6 = 2.9%) {10.0%}
17    -O                                                                        (1 = 0.5%) {12.9%}
20    -O                                                                        (1 = 0.5%) {13.3%}
24    -------O                                                                  (7 = 3.3%) {13.8%}
29    -----O                                                                    (5 = 2.4%) {17.1%}
34    ... 
48    -O                                                                        (1 = 0.5%) {19.5%}
57    -O                                                                        (1 = 0.5%) {20.0%}
68    ----O                                                                     (4 = 1.9%) {20.5%}
81    --O                                                                       (2 = 1.0%) {22.4%}
96    ---------------------------O                                              (27 = 12.9%) {23.3%}
114   -------------------O                                                      (19 = 9.0%) {36.2%}
135   ----------O                                                               (10 = 4.8%) {45.2%}
160   -------------------O                                                      (19 = 9.0%) {50.0%}
190   ---------O                                                                (9 = 4.3%) {59.0%}
226   --------------------------O                                               (26 = 12.4%) {63.3%}
268   --------------O                                                           (14 = 6.7%) {75.7%}
318   --------O                                                                 (8 = 3.8%) {82.4%}
378   ----O                                                                     (4 = 1.9%) {86.2%}
449   -O                                                                        (1 = 0.5%) {88.1%}
533   --O                                                                       (2 = 1.0%) {88.6%}
633   ----------------O                                                         (16 = 7.6%) {89.5%}
752   ... 
1062  -O                                                                        (1 = 0.5%) {97.1%}
1262  ----O                                                                     (4 = 1.9%) {97.6%}
1500  ... 
2516  -O                                                                        (1 = 0.5%) {99.5%}
2990  ... 

Histogram: Net.HttpJob.TotalTimeSuccess.Priority1 recorded 138 samples, mean = 269.9 (flags = 0x41)
0     -O                                                                        (1 = 0.7%)
1     ... 
20    -O                                                                        (1 = 0.7%) {0.7%}
24    ... 
68    --O                                                                       (2 = 1.4%) {1.4%}
81    O                                                                         (0 = 0.0%) {2.9%}
96    ------------------------O                                                 (24 = 17.4%) {2.9%}
114   ------------------O                                                       (18 = 13.0%) {20.3%}
135   ---------O                                                                (9 = 6.5%) {33.3%}
160   ---------------O                                                          (15 = 10.9%) {39.9%}
190   -------O                                                                  (7 = 5.1%) {50.7%}
226   ----------------------O                                                   (22 = 15.9%) {55.8%}
268   --------------O                                                           (14 = 10.1%) {71.7%}
318   ------O                                                                   (6 = 4.3%) {81.9%}
378   --O                                                                       (2 = 1.4%) {86.2%}
449   -O                                                                        (1 = 0.7%) {87.7%}
533   O                                                                         (0 = 0.0%) {88.4%}
633   ------------O                                                             (12 = 8.7%) {88.4%}
752   ... 
1062  -O                                                                        (1 = 0.7%) {97.1%}
1262  ---O                                                                      (3 = 2.2%) {97.8%}
1500  ... 

Histogram: Net.HttpJob.TotalTimeSuccess.Priority2 recorded 44 samples, mean = 157.8 (flags = 0x41)
0     O                                                                         (0 = 0.0%)
1     -O                                                                        (1 = 2.3%) {0.0%}
2     --O                                                                       (2 = 4.5%) {2.3%}
3     ... 
5     -O                                                                        (1 = 2.3%) {6.8%}
6     ... 
8     -O                                                                        (1 = 2.3%) {9.1%}
10    ---O                                                                      (3 = 6.8%) {11.4%}
12    O                                                                         (0 = 0.0%) {18.2%}
14    ------O                                                                   (6 = 13.6%) {18.2%}
17    -O                                                                        (1 = 2.3%) {31.8%}
20    O                                                                         (0 = 0.0%) {34.1%}
24    ------O                                                                   (6 = 13.6%) {34.1%}
29    -----O                                                                    (5 = 11.4%) {47.7%}
34    ... 
48    -O                                                                        (1 = 2.3%) {59.1%}
57    ... 
96    --O                                                                       (2 = 4.5%) {61.4%}
114   -O                                                                        (1 = 2.3%) {65.9%}
135   -O                                                                        (1 = 2.3%) {68.2%}
160   ----O                                                                     (4 = 9.1%) {70.5%}
190   --O                                                                       (2 = 4.5%) {79.5%}
226   ... 
378   --O                                                                       (2 = 4.5%) {84.1%}
449   O                                                                         (0 = 0.0%) {88.6%}
533   --O                                                                       (2 = 4.5%) {88.6%}
633   --O                                                                       (2 = 4.5%) {93.2%}
752   ... 
1262  -O                                                                        (1 = 2.3%) {97.7%}
1500  ... 

Histogram: Net.HttpJob.TotalTimeSuccess.Priority3 recorded 3 samples, mean = 184.0 (flags = 0x41)
0    ... 
81   -O                                                                        (1 = 33.3%) {0.0%}
96   -O                                                                        (1 = 33.3%) {33.3%}
114  ... 
318  -O                                                                        (1 = 33.3%) {66.7%}
378  ... 

Histogram: Net.HttpJob.TotalTimeSuccess.Priority4 recorded 12 samples, mean = 421.1 (flags = 0x41)
0     ... 
12    -O                                                                        (1 = 8.3%) {0.0%}
14    ... 
24    -O                                                                        (1 = 8.3%) {8.3%}
29    ... 
57    -O                                                                        (1 = 8.3%) {16.7%}
68    --O                                                                       (2 = 16.7%) {25.0%}
81    -O                                                                        (1 = 8.3%) {41.7%}
96    ... 
226   ---O                                                                      (3 = 25.0%) {50.0%}
268   ... 
633   --O                                                                       (2 = 16.7%) {75.0%}
752   ... 
2516  -O                                                                        (1 = 8.3%) {91.7%}
2990  ... 

Histogram: Net.HttpJob.TotalTimeSuccess.Priority5 recorded 13 samples, mean = 53.6 (flags = 0x41)
0    ... 
5    -O                                                                        (1 = 7.7%) {0.0%}
6    O                                                                         (0 = 0.0%) {7.7%}
7    --O                                                                       (2 = 15.4%) {7.7%}
8    ---O                                                                      (3 = 23.1%) {23.1%}
10   -----O                                                                    (5 = 38.5%) {46.2%}
12   ... 
226  -O                                                                        (1 = 7.7%) {84.6%}
268  O                                                                         (0 = 0.0%) {92.3%}
318  -O                                                                        (1 = 7.7%) {92.3%}
378  ... 

Histogram: Net.HttpRequestSSLUpgradeDecision recorded 1 samples, mean = 5.0 (flags = 0x41)
0  ... 
5  -O                                                                        (1 = 100.0%) {0.0%}
6  O                                                                         (0 = 0.0%) {100.0%}

Histogram: Net.HttpRequestStsState recorded 1 samples, mean = 2.0 (flags = 0x41)
0  ... 
2  -O                                                                        (1 = 100.0%) {0.0%}
3  ... 

Histogram: Net.HttpResponseCode recorded 225 samples, mean = 242.8 (flags = 0x41)
0    ... 
200  ------------------------------------------------------------------------O (171 = 76.0%) {0.0%}
201  ... 
204  -O                                                                        (2 = 0.9%) {76.0%}
205  ... 
302  --O                                                                       (5 = 2.2%) {76.9%}
303  O                                                                         (0 = 0.0%) {79.1%}
304  -O                                                                        (3 = 1.3%) {79.1%}
305  ... 
400  ------------------O                                                       (42 = 18.7%) {80.4%}
401  ... 
403  -O                                                                        (2 = 0.9%) {99.1%}
404  ... 

Histogram: Net.HttpTimeToFirstByte recorded 291 samples, mean = 3109.2 (flags = 0x41)
0      ---------------------------------------O                                  (39 = 13.4%)
10     ... 
18     -O                                                                        (1 = 0.3%) {13.4%}
22     -O                                                                        (1 = 0.3%) {13.7%}
27     -O                                                                        (1 = 0.3%) {14.1%}
33     O                                                                         (0 = 0.0%) {14.4%}
41     -O                                                                        (1 = 0.3%) {14.4%}
50     O                                                                         (0 = 0.0%) {14.8%}
61     ----O                                                                     (4 = 1.4%) {14.8%}
75     --O                                                                       (2 = 0.7%) {16.2%}
92     --------------------------O                                               (26 = 8.9%) {16.8%}
113    -------------------------O                                                (25 = 8.6%) {25.8%}
139    -----------O                                                              (11 = 3.8%) {34.4%}
171    -------------------O                                                      (19 = 6.5%) {38.1%}
210    ----------------------------O                                             (28 = 9.6%) {44.7%}
258    ---------------O                                                          (15 = 5.2%) {54.3%}
317    ----------O                                                               (10 = 3.4%) {59.5%}
389    ---O                                                                      (3 = 1.0%) {62.9%}
477    --O                                                                       (2 = 0.7%) {63.9%}
585    ---------O                                                                (9 = 3.1%) {64.6%}
718    -------O                                                                  (7 = 2.4%) {67.7%}
881    -O                                                                        (1 = 0.3%) {70.1%}
1081   ---O                                                                      (3 = 1.0%) {70.4%}
1326   ---O                                                                      (3 = 1.0%) {71.5%}
1627   ... 
2449   --O                                                                       (2 = 0.7%) {72.5%}
3005   ---O                                                                      (3 = 1.0%) {73.2%}
3687   --O                                                                       (2 = 0.7%) {74.2%}
4524   ------O                                                                   (6 = 2.1%) {74.9%}
5551   ------O                                                                   (6 = 2.1%) {77.0%}
6812   -------O                                                                  (7 = 2.4%) {79.0%}
8359   ----------O                                                               (10 = 3.4%) {81.4%}
10257  -----------------------O                                                  (23 = 7.9%) {84.9%}
12586  ---------O                                                                (9 = 3.1%) {92.8%}
15444  --------O                                                                 (8 = 2.7%) {95.9%}
18951  ---O                                                                      (3 = 1.0%) {98.6%}
23255  -O                                                                        (1 = 0.3%) {99.7%}
28536  ... 

Histogram: Net.NetworkChangeNotifier.NewConnectionCost recorded 3 samples, mean = 1.0 (flags = 0x41)
0  O                                                                         (0 = 0.0%)
1  ---O                                                                      (3 = 100.0%) {0.0%}
2  ... 

Histogram: Net.NetworkChangeNotifier.NewConnectionType recorded 37 samples, mean = 2.6 (flags = 0x41)
0  ... 
2  -------------------------------O                                          (31 = 83.8%) {0.0%}
3  ... 
6  ------O                                                                   (6 = 16.2%) {83.8%}
7  ... 

Histogram: Net.NumQuicSessionsAtShutdown recorded 3 samples, mean = 0.0 (flags = 0x41)
0  ---O                                                                      (3 = 100.0%)
1  ... 

Histogram: Net.OnTransferSizeUpdated.Experimental.OverridenBy recorded 79 samples, mean = 5.9 (flags = 0x41)
0   O                                                                         (0 = 0.0%)
1   ---------------------------------------------------------O                (57 = 72.2%) {0.0%}
2   ... 
11  ---------O                                                                (9 = 11.4%) {72.2%}
12  ---O                                                                      (3 = 3.8%) {83.5%}
13  ... 
26  -O                                                                        (1 = 1.3%) {87.3%}
27  O                                                                         (0 = 0.0%) {88.6%}
28  ---------O                                                                (9 = 11.4%) {88.6%}
29  ... 

Histogram: Net.QuicActiveSessions recorded 109 samples, mean = 0.7 (flags = 0x41)
0  ---------------------------------------------------------O                (57 = 52.3%)
1  ----------------------------------------------O                           (46 = 42.2%) {52.3%}
2  -O                                                                        (1 = 0.9%) {94.5%}
3  -O                                                                        (1 = 0.9%) {95.4%}
4  -O                                                                        (1 = 0.9%) {96.3%}
5  --O                                                                       (2 = 1.8%) {97.2%}
7  -O                                                                        (1 = 0.9%) {99.1%}
9  ... 

Histogram: Net.QuicChromiumClientStream.HandleOnCloseConnectionError recorded 162 samples (flags = 0x41)
0  ------------------------------------------------------------------------O (162 = 100.0%)

Histogram: Net.QuicChromiumClientStream.HandleOnCloseNetError recorded 162 samples (flags = 0x41)
100  ------------------------------------------------------------------------O (162 = 100.0%)

Histogram: Net.QuicChromiumClientStream.HandleOnCloseStreamError recorded 162 samples (flags = 0x41)
0  ------------------------------------------------------------------------O (162 = 100.0%)

Histogram: Net.QuicChromiumClientStream.HeaderDecodingDelay recorded 162 samples, mean = 13.4 (flags = 0x41)
0    ------------------------------------------------------------------------O (117 = 72.2%)
1    ... 
7    -O                                                                        (1 = 0.6%) {72.2%}
8    -O                                                                        (1 = 0.6%) {72.8%}
10   ... 
24   --O                                                                       (3 = 1.9%) {73.5%}
29   ----O                                                                     (6 = 3.7%) {75.3%}
34   -O                                                                        (1 = 0.6%) {79.0%}
40   -----------O                                                              (18 = 11.1%) {79.6%}
48   ----O                                                                     (7 = 4.3%) {90.7%}
57   -O                                                                        (2 = 1.2%) {95.1%}
68   -O                                                                        (1 = 0.6%) {96.3%}
81   --O                                                                       (3 = 1.9%) {96.9%}
96   O                                                                         (0 = 0.0%) {98.8%}
114  -O                                                                        (1 = 0.6%) {98.8%}
135  -O                                                                        (1 = 0.6%) {99.4%}
160  ... 

Histogram: Net.QuicChromiumClientStream.HeaderDecodingDelayGoogle recorded 45 samples, mean = 0.0 (flags = 0x41)
0  ---------------------------------------------O                            (45 = 100.0%)
1  ... 

Histogram: Net.QuicConnection.WritePacketStatus recorded 1280 samples, mean = 0.0 (flags = 0x41)
0  ------------------------------------------------------------------------O (1280 = 100.0%)
1  ... 

Histogram: Net.QuicCryptoClientConfig.PopulatedFromCanonicalConfig recorded 10 samples, mean = 0.0 (flags = 0x41)
0  ----------O                                                               (10 = 100.0%)
1  ... 

Histogram: Net.QuicDroppedPacketReason recorded 103 samples, mean = 6.0 (flags = 0x41)
0  ... 
6  ------------------------------------------------------------------------O (103 = 100.0%) {0.0%}
7  O                                                                         (0 = 0.0%) {100.0%}

Histogram: Net.QuicHandshakeState recorded 327 samples, mean = 1.0 (flags = 0x41)
0  ------------------------------------------------------------------------O (109 = 33.3%)
1  ------------------------------------------------------------------------O (109 = 33.3%) {33.3%}
2  ------------------------------------------------------------------------O (109 = 33.3%) {66.7%}
3  ... 

Histogram: Net.QuicHttpStream.ProcessResponseHeaderSuccess recorded 162 samples, mean = 1.0 (flags = 0x41)
0  O                                                                         (0 = 0.0%)
1  ------------------------------------------------------------------------O (162 = 100.0%) {0.0%}
2  O                                                                         (0 = 0.0%) {100.0%}

Histogram: Net.QuicSession.AbortedPendingStreamRequests recorded 109 samples, mean = 0.0 (flags = 0x41)
0  ------------------------------------------------------------------------O (109 = 100.0%)
1  ... 

Histogram: Net.QuicSession.AcceptChForOrigin recorded 162 samples, mean = 0.1 (flags = 0x41)
0  ------------------------------------------------------------------------O (151 = 93.2%)
1  -----O                                                                    (11 = 6.8%) {93.2%}
2  O                                                                         (0 = 0.0%) {100.0%}

Histogram: Net.QuicSession.AcceptChFrameReceivedViaAlps recorded 104 samples, mean = 1.0 (flags = 0x41)
0  O                                                                         (0 = 0.0%)
1  ------------------------------------------------------------------------O (104 = 100.0%) {0.0%}
2  ... 

Histogram: Net.QuicSession.AsyncRead recorded 1616 samples, mean = 0.6 (flags = 0x41)
0  -----------------------------------------------O                          (637 = 39.4%)
1  ------------------------------------------------------------------------O (979 = 60.6%) {39.4%}
2  O                                                                         (0 = 0.0%) {100.0%}

Histogram: Net.QuicSession.BlockedFrames.Received recorded 109 samples, mean = 0.0 (flags = 0x41)
0  ------------------------------------------------------------------------O (109 = 100.0%)
1  ... 

Histogram: Net.QuicSession.BlockedFrames.Sent recorded 109 samples, mean = 0.0 (flags = 0x41)
0  ------------------------------------------------------------------------O (109 = 100.0%)
1  ... 

Histogram: Net.QuicSession.CertVerificationResult recorded 109 samples (flags = 0x41)
0  ------------------------------------------------------------------------O (109 = 100.0%)

Histogram: Net.QuicSession.ClientSideMtu recorded 109 samples (flags = 0x41)
1250  ------------------------------------------------------------------------O (109 = 100.0%)

Histogram: Net.QuicSession.CloseAllSessionsError recorded 3 samples (flags = 0x41)
3  ---O                                                                      (3 = 100.0%)

Histogram: Net.QuicSession.ClosedDuringInitializeSession recorded 109 samples, mean = 0.0 (flags = 0x41)
0  ------------------------------------------------------------------------O (109 = 100.0%)
1  ... 

Histogram: Net.QuicSession.CoalesceStreamFrameStatus recorded 1036 samples, mean = 0.3 (flags = 0x41)
0  ------------------------------------------------------------------------O (741 = 71.5%)
1  -----------------------------O                                            (295 = 28.5%) {71.5%}
2  O                                                                         (0 = 0.0%) {100.0%}

Histogram: Net.QuicSession.ConnectRandomPortForHTTPS recorded 109 samples, mean = 0.0 (flags = 0x41)
0  ------------------------------------------------------------------------O (109 = 100.0%)
1  ... 

Histogram: Net.QuicSession.ConnectRandomPortRequiringConfirmationForHTTPS recorded 2 samples, mean = 0.0 (flags = 0x41)
0  --O                                                                       (2 = 100.0%)
1  ... 

Histogram: Net.QuicSession.ConnectionClose.NumOpenStreams.TimedOut recorded 109 samples, mean = 0.0 (flags = 0x41)
0  ------------------------------------------------------------------------O (109 = 100.0%)
1  ... 

Histogram: Net.QuicSession.ConnectionCloseErrorCodeClient recorded 109 samples (flags = 0x41)
25  ------------------------------------------------------------------------O (109 = 100.0%)

Histogram: Net.QuicSession.ConnectionCloseErrorCodeClient.HandshakeConfirmed recorded 109 samples (flags = 0x41)
25  ------------------------------------------------------------------------O (109 = 100.0%)

Histogram: Net.QuicSession.ConnectionCloseErrorCodeClientGoogle recorded 48 samples (flags = 0x41)
25  ------------------------------------------------O                         (48 = 100.0%)

Histogram: Net.QuicSession.ConnectionCloseErrorCodeClientGoogle.HandshakeConfirmed recorded 48 samples (flags = 0x41)
25  ------------------------------------------------O                         (48 = 100.0%)

Histogram: Net.QuicSession.ConnectionDuration recorded 109 samples, mean = 29354.6 (flags = 0x41)
0      ... 
27425  ------------------------------------------------------------------------O (106 = 97.2%) {0.0%}
31655  -O                                                                        (1 = 0.9%) {97.2%}
36538  -O                                                                        (2 = 1.8%) {98.2%}
42174  ... 

Histogram: Net.QuicSession.ConnectionFlowControlBlocked recorded 124 samples, mean = 1.0 (flags = 0x41)
0  O                                                                         (0 = 0.0%)
1  ------------------------------------------------------------------------O (124 = 100.0%) {0.0%}
2  O                                                                         (0 = 0.0%) {100.0%}

Histogram: Net.QuicSession.ConnectionIpPooled recorded 109 samples, mean = 0.0 (flags = 0x41)
0  ------------------------------------------------------------------------O (109 = 100.0%)
1  ... 

Histogram: Net.QuicSession.ConnectionTypeFromSelf recorded 109 samples, mean = 1.0 (flags = 0x41)
0  O                                                                         (0 = 0.0%)
1  ------------------------------------------------------------------------O (109 = 100.0%) {0.0%}
2  O                                                                         (0 = 0.0%) {100.0%}

Histogram: Net.QuicSession.CryptoRetransmitCount.HandshakeConfirmed recorded 109 samples, mean = 0.7 (flags = 0x41)
0   ------------------------------------------------------------------------O (92 = 84.4%)
1   ----O                                                                     (5 = 4.6%) {84.4%}
2   -O                                                                        (1 = 0.9%) {89.0%}
3   -O                                                                        (1 = 0.9%) {89.9%}
4   --O                                                                       (2 = 1.8%) {90.8%}
5   --O                                                                       (2 = 1.8%) {92.7%}
6   ----O                                                                     (5 = 4.6%) {94.5%}
7   ... 
13  -O                                                                        (1 = 0.9%) {99.1%}
14  ... 

Histogram: Net.QuicSession.DuplicatePacketsReceived recorded 109 samples, mean = 0.0 (flags = 0x41)
0  ------------------------------------------------------------------------O (109 = 100.0%)
1  ... 

Histogram: Net.QuicSession.EcnMarksObserved recorded 109 samples, mean = 1.0 (flags = 0x41)
0  O                                                                         (0 = 0.0%)
1  ------------------------------------------------------------------------O (109 = 100.0%) {0.0%}
2  ... 

Histogram: Net.QuicSession.EncryptionEstablishedTime recorded 109 samples, mean = 95.2 (flags = 0x41)
0    ------------------------------------------------------------------------O (78 = 71.6%)
1    -------O                                                                  (8 = 7.3%) {71.6%}
2    -O                                                                        (1 = 0.9%) {78.9%}
3    ... 
12   --O                                                                       (2 = 1.8%) {79.8%}
14   ... 
68   -O                                                                        (1 = 0.9%) {81.7%}
81   --O                                                                       (2 = 1.8%) {82.6%}
96   ... 
226  -O                                                                        (1 = 0.9%) {84.4%}
268  ... 
449  --O                                                                       (2 = 1.8%) {85.3%}
533  --------O                                                                 (9 = 8.3%) {87.2%}
633  ----O                                                                     (4 = 3.7%) {95.4%}
752  O                                                                         (0 = 0.0%) {99.1%}
894  -O                                                                        (1 = 0.9%) {99.1%}
1062 ... 

Histogram: Net.QuicSession.FinchConfigIsValid recorded 3 samples, mean = 1.0 (flags = 0x41)
0  O                                                                         (0 = 0.0%)
1  ---O                                                                      (3 = 100.0%) {0.0%}
2  O                                                                         (0 = 0.0%) {100.0%}

Histogram: Net.QuicSession.FindMatchingIpSessionResult recorded 220 samples, mean = 2.0 (flags = 0x41)
0  ... 
2  ------------------------------------------------------------------------O (220 = 100.0%) {0.0%}
3  O                                                                         (0 = 0.0%) {100.0%}

Histogram: Net.QuicSession.FindMatchingIpSessionResultGoogle recorded 96 samples, mean = 2.0 (flags = 0x41)
0  ... 
2  ------------------------------------------------------------------------O (96 = 100.0%) {0.0%}
3  O                                                                         (0 = 0.0%) {100.0%}

Histogram: Net.QuicSession.HandshakeConfirmedTime recorded 109 samples, mean = 149.8 (flags = 0x41)
0    ... 
12   -O                                                                        (1 = 0.9%) {0.0%}
14   ... 
48   --O                                                                       (2 = 1.8%) {0.9%}
57   --------------------------------------------------------------O           (62 = 56.9%) {2.8%}
68   --------------O                                                           (14 = 12.8%) {59.6%}
81   --------O                                                                 (8 = 7.3%) {72.5%}
96   ---O                                                                      (3 = 2.8%) {79.8%}
114  --O                                                                       (2 = 1.8%) {82.6%}
135  ... 
226  -O                                                                        (1 = 0.9%) {84.4%}
268  ... 
449  --O                                                                       (2 = 1.8%) {85.3%}
533  ---------O                                                                (9 = 8.3%) {87.2%}
633  ----O                                                                     (4 = 3.7%) {95.4%}
752  O                                                                         (0 = 0.0%) {99.1%}
894  -O                                                                        (1 = 0.9%) {99.1%}
1062 ... 

Histogram: Net.QuicSession.HeaderCompressionRatioQpackReceived recorded 162 samples, mean = 7.9 (flags = 0x41)
0   O                                                                         (0 = 0.0%)
1   -O                                                                        (1 = 0.6%) {0.0%}
2   O                                                                         (0 = 0.0%) {0.6%}
3   ------------------------------------------------------------------------O (106 = 65.4%) {0.6%}
4   O                                                                         (0 = 0.0%) {66.0%}
5   ------------------------------O                                           (44 = 27.2%) {66.0%}
6   ... 
60  -O                                                                        (1 = 0.6%) {93.2%}
61  O                                                                         (0 = 0.0%) {93.8%}
62  -O                                                                        (1 = 0.6%) {93.8%}
63  O                                                                         (0 = 0.0%) {94.4%}
64  -O                                                                        (1 = 0.6%) {94.4%}
65  ... 
69  ---O                                                                      (5 = 3.1%) {95.1%}
70  -O                                                                        (2 = 1.2%) {98.1%}
71  -O                                                                        (1 = 0.6%) {99.4%}
72  ... 

Histogram: Net.QuicSession.HeaderCompressionRatioQpackSent recorded 162 samples, mean = 59.3 (flags = 0x41)
0   ... 
47  -----------------------------------------------O                          (47 = 29.0%) {0.0%}
48  -O                                                                        (1 = 0.6%) {29.0%}
49  --O                                                                       (2 = 1.2%) {29.6%}
50  ... 
59  ------------O                                                             (12 = 7.4%) {30.9%}
60  --------------------------------------------O                             (44 = 27.2%) {38.3%}
61  ... 
64  -O                                                                        (1 = 0.6%) {65.4%}
65  ... 
69  ---------------------------------------------O                            (45 = 27.8%) {66.0%}
70  --O                                                                       (2 = 1.2%) {93.8%}
71  O                                                                         (0 = 0.0%) {95.1%}
72  -O                                                                        (1 = 0.6%) {95.1%}
73  O                                                                         (0 = 0.0%) {95.7%}
74  ---O                                                                      (3 = 1.9%) {95.7%}
75  ----O                                                                     (4 = 2.5%) {97.5%}
76  ... 

Histogram: Net.QuicSession.HostResolution.HandshakeConfirmedTime recorded 109 samples, mean = 150.4 (flags = 0x41)
0    ... 
12   -O                                                                        (1 = 0.9%) {0.0%}
14   ... 
48   -O                                                                        (1 = 0.9%) {0.9%}
57   --------------------------------------------------------------O           (62 = 56.9%) {1.8%}
68   ---------------O                                                          (15 = 13.8%) {58.7%}
81   --------O                                                                 (8 = 7.3%) {72.5%}
96   ---O                                                                      (3 = 2.8%) {79.8%}
114  --O                                                                       (2 = 1.8%) {82.6%}
135  ... 
226  -O                                                                        (1 = 0.9%) {84.4%}
268  ... 
449  --O                                                                       (2 = 1.8%) {85.3%}
533  ---------O                                                                (9 = 8.3%) {87.2%}
633  ----O                                                                     (4 = 3.7%) {95.4%}
752  O                                                                         (0 = 0.0%) {99.1%}
894  -O                                                                        (1 = 0.9%) {99.1%}
1062 ... 

Histogram: Net.QuicSession.IncorrectConnectionIDsReceived recorded 109 samples, mean = 0.0 (flags = 0x41)
0  ------------------------------------------------------------------------O (109 = 100.0%)
1  ... 

Histogram: Net.QuicSession.InitialRttEsitmateSource recorded 109 samples, mean = 1.0 (flags = 0x41)
0  ---O                                                                      (4 = 3.7%)
1  ------------------------------------------------------------------------O (105 = 96.3%) {3.7%}
2  ... 

Histogram: Net.QuicSession.KeyUpdate.PerConnection2 recorded 109 samples, mean = 0.0 (flags = 0x41)
0  ------------------------------------------------------------------------O (109 = 100.0%)
1  ... 

Histogram: Net.QuicSession.KeyUpdate.PotentialPeerKeyUpdateAttemptCount recorded 109 samples, mean = 0.0 (flags = 0x41)
0  ------------------------------------------------------------------------O (109 = 100.0%)
1  ... 

Histogram: Net.QuicSession.MaxConsecutiveRtoWithForwardProgress recorded 109 samples, mean = 0.2 (flags = 0x41)
0  ------------------------------------------------------------------------O (91 = 83.5%)
1  --------------O                                                           (18 = 16.5%) {83.5%}
2  ... 

Histogram: Net.QuicSession.MinRTT recorded 109 samples, mean = 47.1 (flags = 0x41)
0   ... 
7   -O                                                                        (1 = 0.9%) {0.0%}
8   ----O                                                                     (4 = 3.7%) {0.9%}
10  ... 
40  ----------------------------------------------------------------------O   (70 = 64.2%) {4.6%}
48  --------------------O                                                     (20 = 18.3%) {68.8%}
57  -----O                                                                    (5 = 4.6%) {87.2%}
68  -------O                                                                  (7 = 6.4%) {91.7%}
81  --O                                                                       (2 = 1.8%) {98.2%}
96  ... 

Histogram: Net.QuicSession.MtuProbesSent recorded 109 samples, mean = 0.0 (flags = 0x41)
0  ------------------------------------------------------------------------O (109 = 100.0%)
1  ... 

Histogram: Net.QuicSession.NumDefaultPathDegrading recorded 109 samples, mean = 0.0 (flags = 0x41)
0  ------------------------------------------------------------------------O (109 = 100.0%)
1  ... 

Histogram: Net.QuicSession.NumMigrations recorded 109 samples, mean = 0.0 (flags = 0x41)
0  ------------------------------------------------------------------------O (109 = 100.0%)
1  ... 

Histogram: Net.QuicSession.NumOpenStreams recorded 162 samples, mean = 1.3 (flags = 0x41)
0  O                                                                         (0 = 0.0%)
1  ------------------------------------------------------------------------O (113 = 69.8%) {0.0%}
2  -------------------------------O                                          (49 = 30.2%) {69.8%}
3  ... 

Histogram: Net.QuicSession.NumPingsSent recorded 109 samples, mean = 0.6 (flags = 0x41)
0   ------------------------------------------------------------------------O (92 = 84.4%)
1   ----O                                                                     (5 = 4.6%) {84.4%}
2   --O                                                                       (2 = 1.8%) {89.0%}
3   O                                                                         (0 = 0.0%) {90.8%}
4   --O                                                                       (2 = 1.8%) {90.8%}
5   -----O                                                                    (7 = 6.4%) {92.7%}
6   ... 
12  -O                                                                        (1 = 0.9%) {99.1%}
14  ... 

Histogram: Net.QuicSession.NumQueuedPacketsBeforeWrite recorded 1526 samples, mean = 0.0 (flags = 0x41)
0  ------------------------------------------------------------------------O (1526 = 100.0%)
1  ... 

Histogram: Net.QuicSession.NumTotalStreams recorded 109 samples, mean = 1.5 (flags = 0x41)
0  ---O                                                                      (3 = 2.8%)
1  ------------------------------------------------------------O             (60 = 55.0%) {2.8%}
2  -------------------------------------------O                              (43 = 39.4%) {57.8%}
3  -O                                                                        (1 = 0.9%) {97.2%}
4  O                                                                         (0 = 0.0%) {98.2%}
5  -O                                                                        (1 = 0.9%) {98.2%}
7  -O                                                                        (1 = 0.9%) {99.1%}
9  ... 

Histogram: Net.QuicSession.OutOfOrderGapReceived recorded 14 samples, mean = 10.8 (flags = 0x41)
0   O                                                                         (0 = 0.0%)
1   --O                                                                       (2 = 14.3%) {0.0%}
2   O                                                                         (0 = 0.0%) {14.3%}
3   -O                                                                        (1 = 7.1%) {14.3%}
4   ... 
7   -O                                                                        (1 = 7.1%) {21.4%}
9   --O                                                                       (2 = 14.3%) {28.6%}
12  -------O                                                                  (7 = 50.0%) {42.9%}
16  O                                                                         (0 = 0.0%) {92.9%}
21  -O                                                                        (1 = 7.1%) {92.9%}
28  ... 

Histogram: Net.QuicSession.OutOfOrderLargePacketsReceived recorded 109 samples, mean = 0.0 (flags = 0x41)
0  ------------------------------------------------------------------------O (107 = 98.2%)
1  -O                                                                        (2 = 1.8%) {98.2%}
2  ... 

Histogram: Net.QuicSession.OutOfOrderPacketsReceived recorded 109 samples, mean = 0.1 (flags = 0x41)
0  ------------------------------------------------------------------------O (95 = 87.2%)
1  -----------O                                                              (14 = 12.8%) {87.2%}
2  ... 

Histogram: Net.QuicSession.PacketGapReceived recorded 43 samples, mean = 2.7 (flags = 0x41)
0  O                                                                         (0 = 0.0%)
1  ------------O                                                             (12 = 27.9%) {0.0%}
2  ---O                                                                      (3 = 7.0%) {27.9%}
3  -----------------O                                                        (17 = 39.5%) {34.9%}
4  ----------O                                                               (10 = 23.3%) {74.4%}
5  -O                                                                        (1 = 2.3%) {97.7%}
7  ... 

Histogram: Net.QuicSession.PacketGapReceivedNearPing recorded 65 samples, mean = 2.6 (flags = 0x41)
0  O                                                                         (0 = 0.0%)
1  --------------------------------O                                         (32 = 49.2%) {0.0%}
2  ---O                                                                      (3 = 4.6%) {49.2%}
3  --O                                                                       (2 = 3.1%) {53.8%}
4  -----------------O                                                        (17 = 26.2%) {56.9%}
5  ----------O                                                               (10 = 15.4%) {83.1%}
7  -O                                                                        (1 = 1.5%) {98.5%}
9  ... 

Histogram: Net.QuicSession.PacketLossRate_CONNECTION_WIFI recorded 11 samples, mean = 55.5 (flags = 0x41)
0    --O                                                                       (2 = 18.2%)
1    ... 
10   -O                                                                        (1 = 9.1%) {18.2%}
11   ... 
16   -O                                                                        (1 = 9.1%) {27.3%}
17   ... 
76   ----O                                                                     (4 = 36.4%) {36.4%}
82   --O                                                                       (2 = 18.2%) {72.7%}
88   ... 
110  -O                                                                        (1 = 9.1%) {90.9%}
118  ... 

Histogram: Net.QuicSession.PacketWriteTime.Synchronous recorded 1257 samples, mean = 0.1 (flags = 0x41)
0   ------------------------------------------------------------------------O (1251 = 99.5%)
1   ... 
4   O                                                                         (1 = 0.1%) {99.5%}
5   O                                                                         (0 = 0.0%) {99.6%}
6   O                                                                         (1 = 0.1%) {99.6%}
7   O                                                                         (0 = 0.0%) {99.7%}
8   O                                                                         (1 = 0.1%) {99.7%}
10  ... 
14  O                                                                         (1 = 0.1%) {99.8%}
17  O                                                                         (2 = 0.2%) {99.8%}
20  ... 

Histogram: Net.QuicSession.PacketsBeforeEcnTransition recorded 109 samples, mean = 0.0 (flags = 0x41)
0  ------------------------------------------------------------------------O (109 = 100.0%)
1  ... 

Histogram: Net.QuicSession.PreferAesGcm recorded 3 samples, mean = 1.0 (flags = 0x41)
0  O                                                                         (0 = 0.0%)
1  ---O                                                                      (3 = 100.0%) {0.0%}
2  O                                                                         (0 = 0.0%) {100.0%}

Histogram: Net.QuicSession.Qpack.HeaderListCountWhenBlockedStreamLimited recorded 11 samples, mean = 2.9 (flags = 0x41)
0  O                                                                         (0 = 0.0%)
1  -----O                                                                    (5 = 45.5%) {0.0%}
2  -O                                                                        (1 = 9.1%) {45.5%}
3  -O                                                                        (1 = 9.1%) {54.5%}
4  -O                                                                        (1 = 9.1%) {63.6%}
5  -O                                                                        (1 = 9.1%) {72.7%}
6  -O                                                                        (1 = 9.1%) {81.8%}
7  -O                                                                        (1 = 9.1%) {90.9%}
8  ... 

Histogram: Net.QuicSession.Qpack.HeaderListCountWhenInsertionNotBlocked recorded 162 samples, mean = 1.5 (flags = 0x41)
0  O                                                                         (0 = 0.0%)
1  ------------------------------------------------------------------------O (106 = 65.4%) {0.0%}
2  -------------------------------O                                          (46 = 28.4%) {65.4%}
3  --O                                                                       (3 = 1.9%) {93.8%}
4  -O                                                                        (2 = 1.2%) {95.7%}
5  -O                                                                        (2 = 1.2%) {96.9%}
6  -O                                                                        (2 = 1.2%) {98.1%}
7  -O                                                                        (1 = 0.6%) {99.4%}
8  ... 

Histogram: Net.QuicSession.Qpack.HeaderListCountWhenNotBlockedStreamLimited recorded 151 samples, mean = 1.4 (flags = 0x41)
0  O                                                                         (0 = 0.0%)
1  ------------------------------------------------------------------------O (101 = 66.9%) {0.0%}
2  --------------------------------O                                         (45 = 29.8%) {66.9%}
3  -O                                                                        (2 = 1.3%) {96.7%}
4  -O                                                                        (1 = 0.7%) {98.0%}
5  -O                                                                        (1 = 0.7%) {98.7%}
6  -O                                                                        (1 = 0.7%) {99.3%}
7  ... 

Histogram: Net.QuicSession.QuicVersion recorded 109 samples (flags = 0x41)
80  ------------------------------------------------------------------------O (109 = 100.0%)

Histogram: Net.QuicSession.ReceivedSettings.BlockedStreams recorded 104 samples, mean = 100.0 (flags = 0x41)
0   ... 
95  ------------------------------------------------------------------------O (104 = 100.0%) {0.0%}
107 ... 

Histogram: Net.QuicSession.ReceivedSettings.CountPlusOne recorded 109 samples, mean = 6.8 (flags = 0x41)
0  ... 
3  ---O                                                                      (5 = 4.6%) {0.0%}
4  ... 
7  ------------------------------------------------------------------------O (104 = 95.4%) {4.6%}
8  ... 

Histogram: Net.QuicSession.ReceivedSettings.MaxHeaderListSize2 recorded 109 samples, mean = 68542.2 (flags = 0x41)
0       ... 
63662   ------------------------------------------------------------------------O (104 = 95.4%) {0.0%}
83848   O                                                                         (0 = 0.0%) {95.4%}
110434  ---O                                                                      (5 = 4.6%) {95.4%}
145450  ... 

Histogram: Net.QuicSession.ReceivedSettings.MaxTableCapacity2 recorded 104 samples, mean = 65536.0 (flags = 0x41)
0      ... 
63662  ------------------------------------------------------------------------O (104 = 100.0%) {0.0%}
83848  ... 

Histogram: Net.QuicSession.ReceivedSettings.ReservedCountPlusOne recorded 109 samples, mean = 2.0 (flags = 0x41)
0  ... 
2  ------------------------------------------------------------------------O (109 = 100.0%) {0.0%}
3  ... 

Histogram: Net.QuicSession.RstStreamErrorCodeServer recorded 5 samples (flags = 0x41)
20  -----O                                                                    (5 = 100.0%)

Histogram: Net.QuicSession.SendPacketSize.0RTT recorded 197 samples, mean = 163.2 (flags = 0x41)
0    ... 
68   -----------O                                                              (13 = 6.6%) {0.0%}
77   ------------------------------------------------------------------------O (85 = 43.1%) {6.6%}
87   -O                                                                        (1 = 0.5%) {49.7%}
99   ... 
214  -------------------------------------O                                    (44 = 22.3%) {50.3%}
243  ---------------------------------------------O                            (53 = 26.9%) {72.6%}
276  ... 
768  -O                                                                        (1 = 0.5%) {99.5%}
872  ... 

Histogram: Net.QuicSession.SendPacketSize.ForwardSecure recorded 618 samples, mean = 185.8 (flags = 0x41)
0     ... 
28    ------------------------------------------------------------------------O (189 = 30.6%) {0.0%}
32    -------------------------------------------------O                        (128 = 20.7%) {30.6%}
36    ------------------------------O                                           (78 = 12.6%) {51.3%}
41    --------------------------------O                                         (84 = 13.6%) {63.9%}
47    --O                                                                       (6 = 1.0%) {77.5%}
53    ... 
68    --O                                                                       (4 = 0.6%) {78.5%}
77    --O                                                                       (6 = 1.0%) {79.1%}
87    ... 
113   O                                                                         (1 = 0.2%) {80.1%}
128   ... 
188   --O                                                                       (4 = 0.6%) {80.3%}
214   -O                                                                        (2 = 0.3%) {80.9%}
243   -O                                                                        (3 = 0.5%) {81.2%}
276   -----O                                                                    (12 = 1.9%) {81.7%}
314   ------------O                                                             (32 = 5.2%) {83.7%}
357   O                                                                         (0 = 0.0%) {88.8%}
406   O                                                                         (1 = 0.2%) {88.8%}
461   O                                                                         (1 = 0.2%) {89.0%}
524   -O                                                                        (2 = 0.3%) {89.2%}
595   ... 
768   O                                                                         (1 = 0.2%) {89.5%}
872   -O                                                                        (2 = 0.3%) {89.6%}
991   --O                                                                       (4 = 0.6%) {90.0%}
1126  ----------------------O                                                   (58 = 9.4%) {90.6%}
1279  ... 

Histogram: Net.QuicSession.SendPacketSize.Handshake recorded 142 samples, mean = 70.1 (flags = 0x41)
0   ... 
36  -----------O                                                              (14 = 9.9%) {0.0%}
41  --------O                                                                 (11 = 7.7%) {9.9%}
47  -----O                                                                    (7 = 4.9%) {17.6%}
53  O                                                                         (0 = 0.0%) {22.5%}
60  -O                                                                        (1 = 0.7%) {22.5%}
68  ----------O                                                               (13 = 9.2%) {23.2%}
77  ------------------------------------------------------------------------O (96 = 67.6%) {32.4%}
87  ... 

Histogram: Net.QuicSession.SendPacketSize.Initial recorded 323 samples, mean = 843.5 (flags = 0x41)
0     ... 
36    O                                                                         (1 = 0.3%) {0.0%}
41    --O                                                                       (5 = 1.5%) {0.3%}
47    ------O                                                                   (17 = 5.3%) {1.9%}
53    O                                                                         (1 = 0.3%) {7.1%}
60    ... 
99    --------------------O                                                     (58 = 18.0%) {7.4%}
113   --O                                                                       (5 = 1.5%) {25.4%}
128   -O                                                                        (4 = 1.2%) {26.9%}
145   -----O                                                                    (14 = 4.3%) {28.2%}
165   ... 
461   O                                                                         (1 = 0.3%) {32.5%}
524   -O                                                                        (3 = 0.9%) {32.8%}
595   --O                                                                       (6 = 1.9%) {33.7%}
676   O                                                                         (0 = 0.0%) {35.6%}
768   O                                                                         (1 = 0.3%) {35.6%}
872   ... 
1126  ------------------------------------------------------------------------O (207 = 64.1%) {35.9%}
1279  ... 

Histogram: Net.QuicSession.ServerSideMtu recorded 109 samples (flags = 0x41)
1200  ---O                                                                      (5 = 4.6%)
1250  ------------------------------------------------------------------------O (104 = 95.4%)

Histogram: Net.QuicSession.SmoothedRTT recorded 109 samples, mean = 52.5 (flags = 0x41)
0   ... 
8   -O                                                                        (1 = 0.9%) {0.0%}
10  ---O                                                                      (3 = 2.8%) {0.9%}
12  O                                                                         (0 = 0.0%) {3.7%}
14  -O                                                                        (1 = 0.9%) {3.7%}
17  ... 
40  ---------------------------------O                                        (33 = 30.3%) {4.6%}
48  ------------------------------------------------O                         (48 = 44.0%) {34.9%}
57  --------O                                                                 (8 = 7.3%) {78.9%}
68  ---------O                                                                (9 = 8.3%) {86.2%}
81  ---O                                                                      (3 = 2.8%) {94.5%}
96  ---O                                                                      (3 = 2.8%) {97.2%}
114 ... 

Histogram: Net.QuicSession.StopSendingErrorCodeClient recorded 5 samples (flags = 0x41)
20  -----O                                                                    (5 = 100.0%)

Histogram: Net.QuicSession.StreamFlowControlBlocked recorded 124 samples, mean = 1.0 (flags = 0x41)
0  O                                                                         (0 = 0.0%)
1  ------------------------------------------------------------------------O (124 = 100.0%) {0.0%}
2  O                                                                         (0 = 0.0%) {100.0%}

Histogram: Net.QuicSession.StreamFrameDuplicatedShortConnection recorded 106 samples, mean = 0.0 (flags = 0x41)
0  ------------------------------------------------------------------------O (106 = 100.0%)
1  ... 

Histogram: Net.QuicSession.TimeFromResolveHostToConfirmConnection recorded 109 samples, mean = 193.0 (flags = 0x41)
0     -------O                                                                  (7 = 6.4%)
1     ------------O                                                             (12 = 11.0%) {6.4%}
2     -O                                                                        (1 = 0.9%) {17.4%}
3     ... 
10    ----O                                                                     (4 = 3.7%) {18.3%}
12    -O                                                                        (1 = 0.9%) {22.0%}
14    ----O                                                                     (4 = 3.7%) {22.9%}
17    ---O                                                                      (3 = 2.8%) {26.6%}
20    -O                                                                        (1 = 0.9%) {29.4%}
24    --O                                                                       (2 = 1.8%) {30.3%}
29    -O                                                                        (1 = 0.9%) {32.1%}
34    O                                                                         (0 = 0.0%) {33.0%}
40    -O                                                                        (1 = 0.9%) {33.0%}
48    --O                                                                       (2 = 1.8%) {33.9%}
57    ------O                                                                   (6 = 5.5%) {35.8%}
68    --O                                                                       (2 = 1.8%) {41.3%}
81    --O                                                                       (2 = 1.8%) {43.1%}
96    -----------O                                                              (11 = 10.1%) {45.0%}
114   ------------O                                                             (12 = 11.0%) {55.0%}
135   -----O                                                                    (5 = 4.6%) {66.1%}
160   --------O                                                                 (8 = 7.3%) {70.6%}
190   ---O                                                                      (3 = 2.8%) {78.0%}
226   --O                                                                       (2 = 1.8%) {80.7%}
268   -O                                                                        (1 = 0.9%) {82.6%}
318   -O                                                                        (1 = 0.9%) {83.5%}
378   O                                                                         (0 = 0.0%) {84.4%}
449   --O                                                                       (2 = 1.8%) {84.4%}
533   --O                                                                       (2 = 1.8%) {86.2%}
633   --------O                                                                 (8 = 7.3%) {88.1%}
752   O                                                                         (0 = 0.0%) {95.4%}
894   --O                                                                       (2 = 1.8%) {95.4%}
1062  O                                                                         (0 = 0.0%) {97.2%}
1262  ---O                                                                      (3 = 2.8%) {97.2%}
1500  ... 

Histogram: Net.QuicSession.TooManyOpenStreams recorded 162 samples, mean = 0.0 (flags = 0x41)
0  ------------------------------------------------------------------------O (162 = 100.0%)
1  ... 

Histogram: Net.QuicSession.TooSmallInitialSentPacket recorded 151 samples, mean = 813.4 (flags = 0x41)
0     O                                                                         (0 = 0.0%)
1     -O                                                                        (1 = 0.7%) {0.0%}
2     ... 
4     --O                                                                       (2 = 1.3%) {0.7%}
5     -O                                                                        (1 = 0.7%) {2.0%}
6     O                                                                         (0 = 0.0%) {2.6%}
7     -O                                                                        (1 = 0.7%) {2.6%}
8     ... 
14    -O                                                                        (1 = 0.7%) {3.3%}
16    --O                                                                       (3 = 2.0%) {4.0%}
18    -O                                                                        (1 = 0.7%) {6.0%}
20    --O                                                                       (2 = 1.3%) {6.6%}
23    --O                                                                       (3 = 2.0%) {7.9%}
26    --O                                                                       (3 = 2.0%) {9.9%}
29    ... 
42    ---O                                                                      (4 = 2.6%) {11.9%}
48    ----O                                                                     (5 = 3.3%) {14.6%}
54    ------O                                                                   (8 = 5.3%) {17.9%}
61    ... 
394   -O                                                                        (1 = 0.7%) {23.2%}
446   O                                                                         (0 = 0.0%) {23.8%}
505   --O                                                                       (3 = 2.0%) {23.8%}
571   ---O                                                                      (4 = 2.6%) {25.8%}
646   --O                                                                       (3 = 2.0%) {28.5%}
731   ... 
936   -----------O                                                              (14 = 9.3%) {30.5%}
1060  ------------------------------------------------------------------------O (91 = 60.3%) {39.7%}
1200  O                                                                         (0 = 0.0%) {100.0%}

Histogram: Net.QuicSession.UndecryptablePacketsReceived recorded 109 samples, mean = 0.9 (flags = 0x41)
0  ------------------------------------------------------------------------O (95 = 87.2%)
1  O                                                                         (0 = 0.0%) {87.2%}
2  -O                                                                        (1 = 0.9%) {87.2%}
3  -O                                                                        (1 = 0.9%) {88.1%}
4  O                                                                         (0 = 0.0%) {89.0%}
5  --O                                                                       (2 = 1.8%) {89.0%}
7  -----O                                                                    (6 = 5.5%) {90.8%}
9  ---O                                                                      (4 = 3.7%) {96.3%}
12 ... 

Histogram: Net.QuicSession.UndecryptablePacketsReceivedWithDecrypter recorded 109 samples, mean = 0.0 (flags = 0x41)
0  ------------------------------------------------------------------------O (109 = 100.0%)
1  ... 

Histogram: Net.QuicSession.ValidConnectionTime recorded 88 samples, mean = 0.9 (flags = 0x41)
0   -------------------------------O                                          (31 = 35.2%)
1   ----------------------------------------------O                           (46 = 52.3%) {35.2%}
2   ---------O                                                                (9 = 10.2%) {87.5%}
3   -O                                                                        (1 = 1.1%) {97.7%}
4   ... 
14  -O                                                                        (1 = 1.1%) {98.9%}
17  ... 

Histogram: Net.QuicSession.VerifyProofTime recorded 109 samples, mean = 90.4 (flags = 0x41)
0    ------------------------------------------------------------------------O (92 = 84.4%)
1    ... 
226  -O                                                                        (1 = 0.9%) {84.4%}
268  ... 
378  -O                                                                        (1 = 0.9%) {85.3%}
449  --O                                                                       (3 = 2.8%) {86.2%}
533  -------O                                                                  (9 = 8.3%) {89.0%}
633  --O                                                                       (2 = 1.8%) {97.2%}
752  -O                                                                        (1 = 0.9%) {99.1%}
894  ... 

Histogram: Net.QuicSession.VerifyProofTime.google recorded 3 samples, mean = 202.3 (flags = 0x41)
0    --O                                                                       (2 = 66.7%)
1    ... 
533  -O                                                                        (1 = 33.3%) {66.7%}
633  ... 

Histogram: Net.QuicSession.ZeroRttReason recorded 109 samples, mean = 2.3 (flags = 0x41)
0  ... 
2  ------------------------------------------------------------------------O (99 = 90.8%) {0.0%}
3  ... 
5  -------O                                                                  (10 = 9.2%) {90.8%}
6  ... 

Histogram: Net.QuicSession.ZeroRttReasonGoogle recorded 48 samples, mean = 2.2 (flags = 0x41)
0  ... 
2  ---------------------------------------------O                            (45 = 93.8%) {0.0%}
3  ... 
5  ---O                                                                      (3 = 6.2%) {93.8%}
6  ... 

Histogram: Net.QuicSession.ZeroRttReasonNonGoogle recorded 61 samples, mean = 2.3 (flags = 0x41)
0  ... 
2  ------------------------------------------------------O                   (54 = 88.5%) {0.0%}
3  ... 
5  -------O                                                                  (7 = 11.5%) {88.5%}
6  ... 

Histogram: Net.QuicSession.ZeroRttState recorded 109 samples, mean = 0.2 (flags = 0x41)
0  ------------------------------------------------------------------------O (99 = 90.8%)
1  O                                                                         (0 = 0.0%) {90.8%}
2  -------O                                                                  (10 = 9.2%) {90.8%}
3  O                                                                         (0 = 0.0%) {100.0%}

Histogram: Net.RestrictedCookieManager.GetCookiesString.Count30Seconds recorded 251 samples, mean = 0.0 (flags = 0x41)
0  ------------------------------------------------------------------------O (250 = 99.6%)
1  O                                                                         (0 = 0.0%) {99.6%}
2  O                                                                         (1 = 0.4%) {99.6%}
3  ... 

Histogram: Net.RestrictedCookieManager.SiteForCookiesOK recorded 2 samples, mean = 1.0 (flags = 0x41)
0  O                                                                         (0 = 0.0%)
1  --O                                                                       (2 = 100.0%) {0.0%}
2  O                                                                         (0 = 0.0%) {100.0%}

Histogram: Net.RestrictedCookieManager.TopFrameOriginOK recorded 2 samples, mean = 1.0 (flags = 0x41)
0  O                                                                         (0 = 0.0%)
1  --O                                                                       (2 = 100.0%) {0.0%}
2  O                                                                         (0 = 0.0%) {100.0%}

Histogram: Net.SSLHandshakeDetails recorded 27 samples, mean = 6.6 (flags = 0x41)
0  ... 
6  -----------O                                                              (11 = 40.7%) {0.0%}
7  ----------------O                                                         (16 = 59.3%) {40.7%}
8  ... 

Histogram: Net.SSLNegotiatedAlpnProtocol recorded 27 samples, mean = 2.0 (flags = 0x41)
0  ... 
2  ---------------------------O                                              (27 = 100.0%) {0.0%}
3  ... 

Histogram: Net.SSLRenegotiationInfoSupported recorded 27 samples, mean = 1.0 (flags = 0x41)
0  O                                                                         (0 = 0.0%)
1  ---------------------------O                                              (27 = 100.0%) {0.0%}
2  O                                                                         (0 = 0.0%) {100.0%}

Histogram: Net.SSLSignatureAlgorithm recorded 27 samples (flags = 0x41)
1027  ------------------------O                                                 (24 = 88.9%)
2052  ---O                                                                      (3 = 11.1%)

Histogram: Net.SSLVersion recorded 27 samples, mean = 6.0 (flags = 0x41)
0  ... 
6  ---------------------------O                                              (27 = 100.0%) {0.0%}
7  ... 

Histogram: Net.SSL_CipherSuite recorded 27 samples (flags = 0x41)
4865  ----------------------O                                                   (22 = 81.5%)
4866  -----O                                                                    (5 = 18.5%)

Histogram: Net.SSL_Connection_Error recorded 27 samples (flags = 0x41)
0  ---------------------------O                                              (27 = 100.0%)

Histogram: Net.SSL_Connection_Latency_2 recorded 27 samples, mean = 376.2 (flags = 0x41)
0    ... 
56   --O                                                                       (2 = 7.4%) {0.0%}
62   ... 
135  --O                                                                       (2 = 7.4%) {7.4%}
149  -O                                                                        (1 = 3.7%) {14.8%}
164  O                                                                         (0 = 0.0%) {18.5%}
181  -O                                                                        (1 = 3.7%) {18.5%}
200  -O                                                                        (1 = 3.7%) {22.2%}
221  -O                                                                        (1 = 3.7%) {25.9%}
244  ... 
297  ---O                                                                      (3 = 11.1%) {29.6%}
328  ---O                                                                      (3 = 11.1%) {40.7%}
362  O                                                                         (0 = 0.0%) {51.9%}
399  -O                                                                        (1 = 3.7%) {51.9%}
440  ---O                                                                      (3 = 11.1%) {55.6%}
485  ----O                                                                     (4 = 14.8%) {66.7%}
535  -O                                                                        (1 = 3.7%) {81.5%}
590  ---O                                                                      (3 = 11.1%) {85.2%}
651  O                                                                         (0 = 0.0%) {96.3%}
718  -O                                                                        (1 = 3.7%) {96.3%}
792  ... 

Histogram: Net.SSL_KeyExchange.ECDHE recorded 27 samples (flags = 0x41)
29     ------------------------O                                                 (24 = 88.9%)
25497  ---O                                                                      (3 = 11.1%)

Histogram: Net.SharedDictionaryStorageOnDisk.IsMetadataReadyOnFirstUse recorded 1 samples, mean = 1.0 (flags = 0x41)
0  O                                                                         (0 = 0.0%)
1  -O                                                                        (1 = 100.0%) {0.0%}
2  O                                                                         (0 = 0.0%) {100.0%}

Histogram: Net.SharedDictionaryStorageOnDisk.MetadataReadTime.Empty recorded 1 samples, mean = 1.0 (flags = 0x41)
0  O                                                                         (0 = 0.0%)
1  -O                                                                        (1 = 100.0%) {0.0%}
2  ... 

Histogram: Net.SharedDictionaryStore.DeleteExpiredDictionaries.Error recorded 2 samples, mean = 0.0 (flags = 0x41)
0  --O                                                                       (2 = 100.0%)
1  ... 

Histogram: Net.SharedDictionaryStore.GetDictionaries.Error recorded 1 samples, mean = 0.0 (flags = 0x41)
0  -O                                                                        (1 = 100.0%)
1  ... 

Histogram: Net.SharedDictionaryStore.ProcessEviction.Error recorded 1 samples, mean = 0.0 (flags = 0x41)
0  -O                                                                        (1 = 100.0%)
1  ... 

Histogram: Net.SpdyHeadersCompressionPercentage recorded 9 samples, mean = 51.6 (flags = 0x41)
0   ... 
34  -O                                                                        (1 = 11.1%) {0.0%}
35  ... 
40  -O                                                                        (1 = 11.1%) {11.1%}
41  -O                                                                        (1 = 11.1%) {22.2%}
42  ... 
49  ---O                                                                      (3 = 33.3%) {33.3%}
50  ... 
60  -O                                                                        (1 = 11.1%) {66.7%}
61  O                                                                         (0 = 0.0%) {77.8%}
62  -O                                                                        (1 = 11.1%) {77.8%}
63  ... 
80  -O                                                                        (1 = 11.1%) {88.9%}
81  ... 

Histogram: Net.SpdyResponseCode recorded 9 samples (flags = 0x41)
200  ------O                                                                   (6 = 66.7%)
204  -O                                                                        (1 = 11.1%)
302  -O                                                                        (1 = 11.1%)
304  -O                                                                        (1 = 11.1%)

Histogram: Net.SpdySession.AcceptChForOrigin recorded 9 samples, mean = 0.6 (flags = 0x41)
0  ----O                                                                     (4 = 44.4%)
1  -----O                                                                    (5 = 55.6%) {44.4%}
2  O                                                                         (0 = 0.0%) {100.0%}

Histogram: Net.SpdySession.AlpsAcceptChEntries recorded 3 samples, mean = 1.0 (flags = 0x41)
0  O                                                                         (0 = 0.0%)
1  ---O                                                                      (3 = 100.0%) {0.0%}
2  ... 

Histogram: Net.SpdySession.AlpsDecoderStatus recorded 3 samples, mean = 0.0 (flags = 0x41)
0  ---O                                                                      (3 = 100.0%)
1  ... 

Histogram: Net.SpdySession.AlpsDecoderStatus.Bypassed recorded 3 samples, mean = 0.0 (flags = 0x41)
0  ---O                                                                      (3 = 100.0%)
1  ... 

Histogram: Net.SpdySession.AlpsSettingParameterCount recorded 3 samples, mean = 0.0 (flags = 0x41)
0  ---O                                                                      (3 = 100.0%)
1  ... 

Histogram: Net.SpdySession.ClosedOnError recorded 6 samples (flags = 0x41)
0  ------O                                                                   (6 = 100.0%)

Histogram: Net.SpdySession.CreateStreamWithSocketConnected recorded 9 samples, mean = 1.0 (flags = 0x41)
0  O                                                                         (0 = 0.0%)
1  ---------O                                                                (9 = 100.0%) {0.0%}
2  O                                                                         (0 = 0.0%) {100.0%}

Histogram: Net.SpdySession.GoAwayReceived recorded 6 samples (flags = 0x41)
0  ------O                                                                   (6 = 100.0%)

Histogram: Net.SpdySession.OnSettings.ActiveStreamCount2 recorded 6 samples, mean = 1.0 (flags = 0x41)
0  O                                                                         (0 = 0.0%)
1  ------O                                                                   (6 = 100.0%) {0.0%}
2  ... 

Histogram: Net.SpdySession.OnSettings.CreatedAndActiveStreamCount2 recorded 6 samples, mean = 1.0 (flags = 0x41)
0  O                                                                         (0 = 0.0%)
1  ------O                                                                   (6 = 100.0%) {0.0%}
2  ... 

Histogram: Net.SpdySession.OnSettings.CreatedStreamCount2 recorded 6 samples, mean = 0.0 (flags = 0x41)
0  ------O                                                                   (6 = 100.0%)
1  ... 

Histogram: Net.SpdySession.OnSettings.PendingStreamCount2 recorded 6 samples, mean = 0.0 (flags = 0x41)
0  ------O                                                                   (6 = 100.0%)
1  ... 

Histogram: Net.SpdySession.ServerSupportsWebSocket recorded 6 samples, mean = 0.0 (flags = 0x41)
0  ------O                                                                   (6 = 100.0%)
1  ... 

Histogram: Net.SpdySessionGet recorded 10 samples, mean = 2.2 (flags = 0x41)
0  O                                                                         (0 = 0.0%)
1  ----O                                                                     (4 = 40.0%) {0.0%}
2  O                                                                         (0 = 0.0%) {40.0%}
3  ------O                                                                   (6 = 60.0%) {40.0%}
4  O                                                                         (0 = 0.0%) {100.0%}

Histogram: Net.SpdyStreamsAbandonedPerSession recorded 6 samples, mean = 0.0 (flags = 0x41)
0  ------O                                                                   (6 = 100.0%)
1  ... 

Histogram: Net.SpdyStreamsPerSession recorded 6 samples, mean = 1.5 (flags = 0x41)
0  O                                                                         (0 = 0.0%)
1  ----O                                                                     (4 = 66.7%) {0.0%}
2  -O                                                                        (1 = 16.7%) {66.7%}
3  -O                                                                        (1 = 16.7%) {83.3%}
4  ... 

Histogram: Net.TCP_Connection_Latency recorded 27 samples, mean = 58.5 (flags = 0x41)
0    ... 
9    -O                                                                        (1 = 3.7%) {0.0%}
10   -O                                                                        (1 = 3.7%) {3.7%}
11   -O                                                                        (1 = 3.7%) {7.4%}
12   ... 
16   -O                                                                        (1 = 3.7%) {11.1%}
18   ... 
42   --------O                                                                 (8 = 29.6%) {14.8%}
48   ---------O                                                                (9 = 33.3%) {44.4%}
54   O                                                                         (0 = 0.0%) {77.8%}
61   --O                                                                       (2 = 7.4%) {77.8%}
69   -O                                                                        (1 = 3.7%) {85.2%}
78   O                                                                         (0 = 0.0%) {88.9%}
88   -O                                                                        (1 = 3.7%) {88.9%}
100  ... 
186  -O                                                                        (1 = 3.7%) {92.6%}
211  -O                                                                        (1 = 3.7%) {96.3%}
239  ... 

Histogram: Net.TcpConnectAttempt.Latency.Success recorded 27 samples, mean = 58.4 (flags = 0x41)
0    -O                                                                        (1 = 3.7%)
10   --O                                                                       (2 = 7.4%) {3.7%}
12   O                                                                         (0 = 0.0%) {11.1%}
15   -O                                                                        (1 = 3.7%) {11.1%}
18   ... 
41   ------------O                                                             (12 = 44.4%) {14.8%}
50   -----O                                                                    (5 = 18.5%) {59.3%}
61   ---O                                                                      (3 = 11.1%) {77.8%}
75   O                                                                         (0 = 0.0%) {88.9%}
92   -O                                                                        (1 = 3.7%) {88.9%}
113  ... 
171  -O                                                                        (1 = 3.7%) {92.6%}
210  -O                                                                        (1 = 3.7%) {96.3%}
258  ... 

Histogram: Net.UDPSocketWinClose recorded 948 samples, mean = 0.0 (flags = 0x41)
0  ------------------------------------------------------------------------O (942 = 99.4%)
1  O                                                                         (3 = 0.3%) {99.4%}
2  O                                                                         (0 = 0.0%) {99.7%}
3  O                                                                         (1 = 0.1%) {99.7%}
4  ... 
6  O                                                                         (2 = 0.2%) {99.8%}
7  ... 

Histogram: Net.URLLoaderThrottle.OnReceiveResponseTime recorded 51 samples, mean = 0.2 (flags = 0x41)
0  -------------------------------------------------O                        (49 = 96.1%)
1  -O                                                                        (1 = 2.0%) {96.1%}
2  ... 
8  -O                                                                        (1 = 2.0%) {98.0%}
10 ... 

Histogram: Net.URLLoaderThrottleExecutionTime.BeforeWillProcessResponse recorded 256 samples, mean = 0.0 (flags = 0x41)
0  ------------------------------------------------------------------------O (256 = 100.0%)
1  ... 

Histogram: Net.URLLoaderThrottleExecutionTime.WillOnCompleteWithError recorded 16 samples, mean = 0.0 (flags = 0x41)
0  ----------------O                                                         (16 = 100.0%)
1  ... 

Histogram: Net.URLLoaderThrottleExecutionTime.WillProcessResponse recorded 256 samples, mean = 0.0 (flags = 0x41)
0  ------------------------------------------------------------------------O (256 = 100.0%)
1  ... 

Histogram: Net.URLLoaderThrottleExecutionTime.WillRedirectRequest recorded 15 samples, mean = 0.0 (flags = 0x41)
0  ---------------O                                                          (15 = 100.0%)
1  ... 

Histogram: Net.URLLoaderThrottleExecutionTime.WillStartRequest recorded 272 samples, mean = 0.0 (flags = 0x41)
0  ------------------------------------------------------------------------O (272 = 100.0%)
1  ... 

Histogram: Net.URLRequest.ReferrerHasInformativePath.CrossOrigin recorded 286 samples, mean = 0.0 (flags = 0x41)
0  ------------------------------------------------------------------------O (286 = 100.0%)
1  ... 

Histogram: Net.URLRequest.ReferrerHasInformativePath.SameOrigin recorded 14 samples, mean = 1.0 (flags = 0x41)
0  O                                                                         (0 = 0.0%)
1  --------------O                                                           (14 = 100.0%) {0.0%}
2  O                                                                         (0 = 0.0%) {100.0%}

Histogram: Net.URLRequest.ReferrerPolicyForRequest.CrossOrigin recorded 286 samples, mean = 1.5 (flags = 0x41)
0  ------------------------------------------------------------------------O (162 = 56.6%)
1  --------------------O                                                     (44 = 15.4%) {56.6%}
2  O                                                                         (0 = 0.0%) {72.0%}
3  ---------------------O                                                    (47 = 16.4%) {72.0%}
4  ... 
7  ---------------O                                                          (33 = 11.5%) {88.5%}
8  O                                                                         (0 = 0.0%) {100.0%}

Histogram: Net.URLRequest.ReferrerPolicyForRequest.SameOrigin recorded 14 samples, mean = 1.0 (flags = 0x41)
0  O                                                                         (0 = 0.0%)
1  --------------O                                                           (14 = 100.0%) {0.0%}
2  ... 

Histogram: Network.Mdns.Googlecast recorded 57 samples, mean = 0.0 (flags = 0x41)
0  ---------------------------------------------------------O                (57 = 100.0%)
1  ... 

Histogram: NetworkService.DeletedOldCacheData recorded 1 samples, mean = 0.0 (flags = 0x41)
0  -O                                                                        (1 = 100.0%)
1  ... 

Histogram: NetworkService.GrantSandboxResult recorded 3 samples, mean = 9.0 (flags = 0x41)
0   ... 
7   -O                                                                        (1 = 33.3%) {0.0%}
8   ... 
10  --O                                                                       (2 = 66.7%) {33.3%}
11  ... 

Histogram: NetworkService.NetworkLoaderCompletionTime2.DiskCache recorded 41 samples, mean = 52.3 (flags = 0x41)
0    O                                                                         (0 = 0.0%)
1    --O                                                                       (2 = 4.9%) {0.0%}
2    -O                                                                        (1 = 2.4%) {4.9%}
3    ... 
6    --O                                                                       (2 = 4.9%) {7.3%}
7    ... 
10   ---O                                                                      (3 = 7.3%) {12.2%}
12   ---O                                                                      (3 = 7.3%) {19.5%}
14   -------O                                                                  (7 = 17.1%) {26.8%}
17   ---O                                                                      (3 = 7.3%) {43.9%}
20   -----O                                                                    (5 = 12.2%) {51.2%}
24   -O                                                                        (1 = 2.4%) {63.4%}
29   ------O                                                                   (6 = 14.6%) {65.9%}
34   -----O                                                                    (5 = 12.2%) {80.5%}
40   ... 
318  --O                                                                       (2 = 4.9%) {92.7%}
378  ... 
633  -O                                                                        (1 = 2.4%) {97.6%}
752  ... 

Histogram: NetworkService.NetworkLoaderCompletionTime2.Network recorded 55 samples, mean = 452.3 (flags = 0x41)
0     ... 
29    -O                                                                        (1 = 1.8%) {0.0%}
34    ... 
190   --O                                                                       (2 = 3.6%) {1.8%}
226   ---------------------O                                                    (21 = 38.2%) {5.5%}
268   -------------O                                                            (13 = 23.6%) {43.6%}
318   ----O                                                                     (4 = 7.3%) {67.3%}
378   --O                                                                       (2 = 3.6%) {74.5%}
449   -O                                                                        (1 = 1.8%) {78.2%}
533   O                                                                         (0 = 0.0%) {80.0%}
633   -----O                                                                    (5 = 9.1%) {80.0%}
752   O                                                                         (0 = 0.0%) {89.1%}
894   -O                                                                        (1 = 1.8%) {89.1%}
1062  -O                                                                        (1 = 1.8%) {90.9%}
1262  ---O                                                                      (3 = 5.5%) {92.7%}
1500  ... 
2516  -O                                                                        (1 = 1.8%) {98.2%}
2990  ... 

Histogram: NetworkService.TimeToGrantCacheAccess recorded 1 samples, mean = 57.0 (flags = 0x41)
0   ... 
57  -O                                                                        (1 = 100.0%) {0.0%}
68  ... 

Histogram: NetworkService.TimeToGrantDataAccess recorded 2 samples, mean = 10.5 (flags = 0x41)
0   ... 
3   -O                                                                        (1 = 50.0%) {0.0%}
4   ... 
17  -O                                                                        (1 = 50.0%) {50.0%}
20  ... 

Histogram: NetworkService.TimeToGrantSharedDictionaryAccess recorded 1 samples, mean = 9.0 (flags = 0x41)
0  ... 
8  -O                                                                        (1 = 100.0%) {0.0%}
10 ... 

Histogram: NetworkedProfile.Check recorded 1 samples, mean = 4.0 (flags = 0x41)
0  ... 
4  -O                                                                        (1 = 100.0%) {0.0%}
5  ... 

Histogram: NewTabPage.MostVisited.DeciScore.0.Local recorded 1 samples, mean = 71.0 (flags = 0x41)
0   ... 
65  -O                                                                        (1 = 100.0%) {0.0%}
86  ... 

Histogram: NewTabPage.MostVisited.DeciScore.1.Local recorded 1 samples, mean = 71.0 (flags = 0x41)
0   ... 
65  -O                                                                        (1 = 100.0%) {0.0%}
86  ... 

Histogram: Notifications.UsingSystemNotificationCenter recorded 1 samples, mean = 0.0 (flags = 0x41)
0  -O                                                                        (1 = 100.0%)
1  ... 

Histogram: Notifications.Windows.GetDisplayedStatus recorded 1 samples, mean = 0.0 (flags = 0x41)
0  -O                                                                        (1 = 100.0%)
1  ... 

Histogram: Notifications.Windows.GetSettingPolicyStartup recorded 1 samples, mean = 2.0 (flags = 0x41)
0  ... 
2  -O                                                                        (1 = 100.0%) {0.0%}
3  ... 

Histogram: Notifications.Windows.GetSettingStatusStartup recorded 1 samples, mean = 0.0 (flags = 0x41)
0  -O                                                                        (1 = 100.0%)
1  ... 

Histogram: Notifications.Windows.HistoryStatus recorded 1 samples, mean = 0.0 (flags = 0x41)
0  -O                                                                        (1 = 100.0%)
1  ... 

Histogram: Notifications.Windows.SetReadyCallbackStatus2 recorded 1 samples, mean = 3.0 (flags = 0x41)
0  ... 
3  -O                                                                        (1 = 100.0%) {0.0%}
4  ... 

Histogram: Notifications.Windows.StartMenuShortcutStatus recorded 1 samples, mean = 2.0 (flags = 0x41)
0  ... 
2  -O                                                                        (1 = 100.0%) {0.0%}
3  ... 

Histogram: OSCrypt.AppBoundEncryption.SupportLevel recorded 1 samples, mean = 4.0 (flags = 0x41)
0  ... 
4  -O                                                                        (1 = 100.0%) {0.0%}
5  ... 

Histogram: OSCrypt.AppBoundProvider.KeyRetrieval.Status recorded 1 samples, mean = 1.0 (flags = 0x41)
0  O                                                                         (0 = 0.0%)
1  -O                                                                        (1 = 100.0%) {0.0%}
2  ... 

Histogram: OSCrypt.AsyncInitialization.Result recorded 1 samples, mean = 1.0 (flags = 0x41)
0  O                                                                         (0 = 0.0%)
1  -O                                                                        (1 = 100.0%) {0.0%}
2  O                                                                         (0 = 0.0%) {100.0%}

Histogram: OSCrypt.AsyncInitialization.Time recorded 1 samples, mean = 1.0 (flags = 0x41)
0  O                                                                         (0 = 0.0%)
1  -O                                                                        (1 = 100.0%) {0.0%}
2  ... 

Histogram: OSCrypt.DPAPIProvider.Status recorded 1 samples, mean = 0.0 (flags = 0x41)
0  -O                                                                        (1 = 100.0%)
1  ... 

Histogram: OSCrypt.Win.Decrypt.Result recorded 1 samples, mean = 1.0 (flags = 0x41)
0  O                                                                         (0 = 0.0%)
1  -O                                                                        (1 = 100.0%) {0.0%}
2  O                                                                         (0 = 0.0%) {100.0%}

Histogram: OSCrypt.Win.Decrypt.Time recorded 1 samples, mean = 0.0 (flags = 0x41)
0  -O                                                                        (1 = 100.0%)
1  ... 

Histogram: Omnibox.TemplateUrl.RlzPresent recorded 132 samples, mean = 0.0 (flags = 0x41)
0  ------------------------------------------------------------------------O (132 = 100.0%)
1  ... 

Histogram: Omnibox.TemplateUrl.SearchClientPresent recorded 132 samples, mean = 0.0 (flags = 0x41)
0  ------------------------------------------------------------------------O (132 = 100.0%)
1  ... 

Histogram: OptimizationGuide.ApplyDecision.AboutThisSite recorded 1 samples, mean = 8.0 (flags = 0x41)
0  ... 
8  -O                                                                        (1 = 100.0%) {0.0%}
9  ... 

Histogram: OptimizationGuide.ApplyDecision.V8CompileHints recorded 1 samples, mean = 8.0 (flags = 0x41)
0  ... 
8  -O                                                                        (1 = 100.0%) {0.0%}
9  ... 

Histogram: OptimizationGuide.HintCacheLevelDBStore.LoadMetadataResult recorded 1 samples, mean = 6.0 (flags = 0x41)
0  ... 
6  -O                                                                        (1 = 100.0%) {0.0%}
7  O                                                                         (0 = 0.0%) {100.0%}

Histogram: OptimizationGuide.HintCacheLevelDBStore.Status recorded 3 samples, mean = 1.0 (flags = 0x41)
0  -O                                                                        (1 = 33.3%)
1  -O                                                                        (1 = 33.3%) {33.3%}
2  -O                                                                        (1 = 33.3%) {66.7%}
3  ... 

Histogram: OptimizationGuide.HintsManager.HintCacheInitialized recorded 1 samples, mean = 1.0 (flags = 0x40)
0  O                                                                         (0 = 0.0%)
1  -O                                                                        (1 = 100.0%) {0.0%}
2  O                                                                         (0 = 0.0%) {100.0%}

Histogram: OptimizationGuide.LoadedHint.Result recorded 3 samples, mean = 0.0 (flags = 0x40)
0  ---O                                                                      (3 = 100.0%)
1  ... 

Histogram: OptimizationGuide.ModelExecution.FeatureCurrentlyEnabledResult.Compose recorded 1 samples, mean = 1.0 (flags = 0x41)
0  O                                                                         (0 = 0.0%)
1  -O                                                                        (1 = 100.0%) {0.0%}
2  ... 

Histogram: OptimizationGuide.ModelExecution.FeatureCurrentlyEnabledResult.HistorySearch recorded 2 samples, mean = 3.0 (flags = 0x41)
0  ... 
3  --O                                                                       (2 = 100.0%) {0.0%}
4  ... 

Histogram: OptimizationGuide.ModelExecution.FeatureCurrentlyEnabledResult.TabOrganization recorded 1 samples, mean = 3.0 (flags = 0x41)
0  ... 
3  -O                                                                        (1 = 100.0%) {0.0%}
4  ... 

Histogram: OptimizationGuide.ModelExecution.FeatureCurrentlyEnabledResult.WallpaperSearch recorded 1 samples, mean = 1.0 (flags = 0x41)
0  O                                                                         (0 = 0.0%)
1  -O                                                                        (1 = 100.0%) {0.0%}
2  ... 

Histogram: OptimizationGuide.ModelExecution.FeatureEnabledAtStartup.Compose recorded 1 samples, mean = 0.0 (flags = 0x41)
0  -O                                                                        (1 = 100.0%)
1  ... 

Histogram: OptimizationGuide.ModelExecution.FeatureEnabledAtStartup.HistorySearch recorded 1 samples, mean = 0.0 (flags = 0x41)
0  -O                                                                        (1 = 100.0%)
1  ... 

Histogram: OptimizationGuide.ModelExecution.FeatureEnabledAtStartup.TabOrganization recorded 1 samples, mean = 0.0 (flags = 0x41)
0  -O                                                                        (1 = 100.0%)
1  ... 

Histogram: OptimizationGuide.ModelExecution.FeatureEnabledAtStartup.WallpaperSearch recorded 1 samples, mean = 0.0 (flags = 0x41)
0  -O                                                                        (1 = 100.0%)
1  ... 

Histogram: OptimizationGuide.ModelExecution.OnDeviceModelInstallCriteria.AtRegistration.All recorded 1 samples, mean = 0.0 (flags = 0x41)
0  -O                                                                        (1 = 100.0%)
1  ... 

Histogram: OptimizationGuide.ModelExecution.OnDeviceModelInstallCriteria.AtRegistration.DeviceCapability recorded 1 samples, mean = 0.0 (flags = 0x41)
0  -O                                                                        (1 = 100.0%)
1  ... 

Histogram: OptimizationGuide.ModelExecution.OnDeviceModelInstallCriteria.AtRegistration.DiskSpace recorded 1 samples, mean = 1.0 (flags = 0x41)
0  O                                                                         (0 = 0.0%)
1  -O                                                                        (1 = 100.0%) {0.0%}
2  O                                                                         (0 = 0.0%) {100.0%}

Histogram: OptimizationGuide.ModelExecution.OnDeviceModelInstallCriteria.AtRegistration.EnabledByEnterprisePolicy recorded 1 samples, mean = 1.0 (flags = 0x41)
0  O                                                                         (0 = 0.0%)
1  -O                                                                        (1 = 100.0%) {0.0%}
2  O                                                                         (0 = 0.0%) {100.0%}

Histogram: OptimizationGuide.ModelExecution.OnDeviceModelInstallCriteria.AtRegistration.EnabledByFeature recorded 1 samples, mean = 0.0 (flags = 0x41)
0  -O                                                                        (1 = 100.0%)
1  ... 

Histogram: OptimizationGuide.ModelExecution.OnDeviceModelInstallCriteria.AtRegistration.FeatureUse recorded 1 samples, mean = 0.0 (flags = 0x41)
0  -O                                                                        (1 = 100.0%)
1  ... 

Histogram: OptimizationGuide.ModelHandler.HandlerCreated.GeolocationPermissions recorded 1 samples, mean = 1.0 (flags = 0x41)
0  O                                                                         (0 = 0.0%)
1  -O                                                                        (1 = 100.0%) {0.0%}
2  O                                                                         (0 = 0.0%) {100.0%}

Histogram: OptimizationGuide.ModelHandler.HandlerCreated.NewTabPageHistoryClustersModuleRanking recorded 1 samples, mean = 1.0 (flags = 0x41)
0  O                                                                         (0 = 0.0%)
1  -O                                                                        (1 = 100.0%) {0.0%}
2  O                                                                         (0 = 0.0%) {100.0%}

Histogram: OptimizationGuide.ModelHandler.HandlerCreated.NotificationPermissions recorded 1 samples, mean = 1.0 (flags = 0x41)
0  O                                                                         (0 = 0.0%)
1  -O                                                                        (1 = 100.0%) {0.0%}
2  O                                                                         (0 = 0.0%) {100.0%}

Histogram: OptimizationGuide.ModelHandler.HandlerCreated.OmniboxUrlScoring recorded 1 samples, mean = 1.0 (flags = 0x41)
0  O                                                                         (0 = 0.0%)
1  -O                                                                        (1 = 100.0%) {0.0%}
2  O                                                                         (0 = 0.0%) {100.0%}

Histogram: OptimizationGuide.ModelHandler.HandlerCreated.PageTopicsV2 recorded 1 samples, mean = 1.0 (flags = 0x41)
0  O                                                                         (0 = 0.0%)
1  -O                                                                        (1 = 100.0%) {0.0%}
2  O                                                                         (0 = 0.0%) {100.0%}

Histogram: OptimizationGuide.ModelHandler.HandlerCreated.SegmentationChromeLowUserEngagement recorded 1 samples, mean = 1.0 (flags = 0x41)
0  O                                                                         (0 = 0.0%)
1  -O                                                                        (1 = 100.0%) {0.0%}
2  O                                                                         (0 = 0.0%) {100.0%}

Histogram: OptimizationGuide.ModelHandler.HandlerCreated.SegmentationComposePromotion recorded 1 samples, mean = 1.0 (flags = 0x41)
0  O                                                                         (0 = 0.0%)
1  -O                                                                        (1 = 100.0%) {0.0%}
2  O                                                                         (0 = 0.0%) {100.0%}

Histogram: OptimizationGuide.ModelHandler.HandlerCreated.SegmentationDeviceSwitcher recorded 1 samples, mean = 1.0 (flags = 0x41)
0  O                                                                         (0 = 0.0%)
1  -O                                                                        (1 = 100.0%) {0.0%}
2  O                                                                         (0 = 0.0%) {100.0%}

Histogram: OptimizationGuide.ModelHandler.HandlerCreated.SegmentationSearchUser recorded 1 samples, mean = 1.0 (flags = 0x41)
0  O                                                                         (0 = 0.0%)
1  -O                                                                        (1 = 100.0%) {0.0%}
2  O                                                                         (0 = 0.0%) {100.0%}

Histogram: OptimizationGuide.ModelHandler.HandlerCreated.SegmentationShoppingUser recorded 1 samples, mean = 1.0 (flags = 0x41)
0  O                                                                         (0 = 0.0%)
1  -O                                                                        (1 = 100.0%) {0.0%}
2  O                                                                         (0 = 0.0%) {100.0%}

Histogram: OptimizationGuide.ModelHandler.HandlerCreated.URLVisitResumptionRanker recorded 1 samples, mean = 1.0 (flags = 0x41)
0  O                                                                         (0 = 0.0%)
1  -O                                                                        (1 = 100.0%) {0.0%}
2  O                                                                         (0 = 0.0%) {100.0%}

Histogram: OptimizationGuide.ModelHandler.HandlerCreated.WebAppInstallationPromo recorded 1 samples, mean = 1.0 (flags = 0x41)
0  O                                                                         (0 = 0.0%)
1  -O                                                                        (1 = 100.0%) {0.0%}
2  O                                                                         (0 = 0.0%) {100.0%}

Histogram: OptimizationGuide.PageContentAnnotations.AnnotateVisitResultCached recorded 3 samples, mean = 0.0 (flags = 0x41)
0  ---O                                                                      (3 = 100.0%)
1  ... 

Histogram: OptimizationGuide.PageContentAnnotationsService.ContentAnnotated recorded 3 samples, mean = 0.0 (flags = 0x41)
0  ---O                                                                      (3 = 100.0%)
1  ... 

Histogram: OptimizationGuide.PredictionManager.DownloadServiceAvailabilityBlockedFetch recorded 46 samples, mean = 0.0 (flags = 0x41)
0  ----------------------------------------------O                           (46 = 100.0%)
1  ... 

Histogram: OptimizationGuide.PredictionManager.FirstModelFetchSinceServiceInit recorded 1 samples, mean = 9991.0 (flags = 0x41)
0     ... 
8000  -O                                                                        (1 = 100.0%) {0.0%}
10165 ... 

Histogram: OptimizationGuide.PredictionManager.ModelAvailableAtRegistration.ClientSidePhishing recorded 1 samples, mean = 0.0 (flags = 0x41)
0  -O                                                                        (1 = 100.0%)
1  ... 

Histogram: OptimizationGuide.PredictionManager.ModelAvailableAtRegistration.GeolocationPermissions recorded 1 samples, mean = 0.0 (flags = 0x41)
0  -O                                                                        (1 = 100.0%)
1  ... 

Histogram: OptimizationGuide.PredictionManager.ModelAvailableAtRegistration.LanguageDetection recorded 2 samples, mean = 0.0 (flags = 0x41)
0  --O                                                                       (2 = 100.0%)
1  ... 

Histogram: OptimizationGuide.PredictionManager.ModelAvailableAtRegistration.NewTabPageHistoryClustersModuleRanking recorded 1 samples, mean = 0.0 (flags = 0x41)
0  -O                                                                        (1 = 100.0%)
1  ... 

Histogram: OptimizationGuide.PredictionManager.ModelAvailableAtRegistration.NotificationPermissions recorded 1 samples, mean = 0.0 (flags = 0x41)
0  -O                                                                        (1 = 100.0%)
1  ... 

Histogram: OptimizationGuide.PredictionManager.ModelAvailableAtRegistration.OmniboxUrlScoring recorded 1 samples, mean = 0.0 (flags = 0x41)
0  -O                                                                        (1 = 100.0%)
1  ... 

Histogram: OptimizationGuide.PredictionManager.ModelAvailableAtRegistration.PageTopicsV2 recorded 1 samples, mean = 0.0 (flags = 0x41)
0  -O                                                                        (1 = 100.0%)
1  ... 

Histogram: OptimizationGuide.PredictionManager.ModelAvailableAtRegistration.SegmentationChromeLowUserEngagement recorded 1 samples, mean = 0.0 (flags = 0x41)
0  -O                                                                        (1 = 100.0%)
1  ... 

Histogram: OptimizationGuide.PredictionManager.ModelAvailableAtRegistration.SegmentationComposePromotion recorded 1 samples, mean = 0.0 (flags = 0x41)
0  -O                                                                        (1 = 100.0%)
1  ... 

Histogram: OptimizationGuide.PredictionManager.ModelAvailableAtRegistration.SegmentationDeviceSwitcher recorded 1 samples, mean = 0.0 (flags = 0x41)
0  -O                                                                        (1 = 100.0%)
1  ... 

Histogram: OptimizationGuide.PredictionManager.ModelAvailableAtRegistration.SegmentationSearchUser recorded 1 samples, mean = 0.0 (flags = 0x41)
0  -O                                                                        (1 = 100.0%)
1  ... 

Histogram: OptimizationGuide.PredictionManager.ModelAvailableAtRegistration.SegmentationShoppingUser recorded 1 samples, mean = 0.0 (flags = 0x41)
0  -O                                                                        (1 = 100.0%)
1  ... 

Histogram: OptimizationGuide.PredictionManager.ModelAvailableAtRegistration.TextSafety recorded 1 samples, mean = 0.0 (flags = 0x41)
0  -O                                                                        (1 = 100.0%)
1  ... 

Histogram: OptimizationGuide.PredictionManager.ModelAvailableAtRegistration.URLVisitResumptionRanker recorded 1 samples, mean = 0.0 (flags = 0x41)
0  -O                                                                        (1 = 100.0%)
1  ... 

Histogram: OptimizationGuide.PredictionManager.ModelAvailableAtRegistration.VisualSearchClassification recorded 1 samples, mean = 0.0 (flags = 0x41)
0  -O                                                                        (1 = 100.0%)
1  ... 

Histogram: OptimizationGuide.PredictionManager.ModelAvailableAtRegistration.WebAppInstallationPromo recorded 1 samples, mean = 0.0 (flags = 0x41)
0  -O                                                                        (1 = 100.0%)
1  ... 

Histogram: OptimizationGuide.PredictionManager.ModelDeliveryEvents.ClientSidePhishing recorded 92 samples, mean = 5.5 (flags = 0x41)
0  ... 
3  ----------------------------------------------O                           (46 = 50.0%) {0.0%}
4  ... 
8  ----------------------------------------------O                           (46 = 50.0%) {50.0%}
9  ... 

Histogram: OptimizationGuide.PredictionManager.ModelDeliveryEvents.GeolocationPermissions recorded 92 samples, mean = 5.5 (flags = 0x41)
0  ... 
3  ----------------------------------------------O                           (46 = 50.0%) {0.0%}
4  ... 
8  ----------------------------------------------O                           (46 = 50.0%) {50.0%}
9  ... 

Histogram: OptimizationGuide.PredictionManager.ModelDeliveryEvents.LanguageDetection recorded 92 samples, mean = 5.5 (flags = 0x41)
0  ... 
3  ----------------------------------------------O                           (46 = 50.0%) {0.0%}
4  ... 
8  ----------------------------------------------O                           (46 = 50.0%) {50.0%}
9  ... 

Histogram: OptimizationGuide.PredictionManager.ModelDeliveryEvents.NewTabPageHistoryClustersModuleRanking recorded 92 samples, mean = 5.5 (flags = 0x41)
0  ... 
3  ----------------------------------------------O                           (46 = 50.0%) {0.0%}
4  ... 
8  ----------------------------------------------O                           (46 = 50.0%) {50.0%}
9  ... 

Histogram: OptimizationGuide.PredictionManager.ModelDeliveryEvents.NotificationPermissions recorded 92 samples, mean = 5.5 (flags = 0x41)
0  ... 
3  ----------------------------------------------O                           (46 = 50.0%) {0.0%}
4  ... 
8  ----------------------------------------------O                           (46 = 50.0%) {50.0%}
9  ... 

Histogram: OptimizationGuide.PredictionManager.ModelDeliveryEvents.OmniboxUrlScoring recorded 92 samples, mean = 5.5 (flags = 0x41)
0  ... 
3  ----------------------------------------------O                           (46 = 50.0%) {0.0%}
4  ... 
8  ----------------------------------------------O                           (46 = 50.0%) {50.0%}
9  ... 

Histogram: OptimizationGuide.PredictionManager.ModelDeliveryEvents.PageTopicsV2 recorded 92 samples, mean = 5.5 (flags = 0x41)
0  ... 
3  ----------------------------------------------O                           (46 = 50.0%) {0.0%}
4  ... 
8  ----------------------------------------------O                           (46 = 50.0%) {50.0%}
9  ... 

Histogram: OptimizationGuide.PredictionManager.ModelDeliveryEvents.SegmentationChromeLowUserEngagement recorded 92 samples, mean = 5.5 (flags = 0x41)
0  ... 
3  ----------------------------------------------O                           (46 = 50.0%) {0.0%}
4  ... 
8  ----------------------------------------------O                           (46 = 50.0%) {50.0%}
9  ... 

Histogram: OptimizationGuide.PredictionManager.ModelDeliveryEvents.SegmentationComposePromotion recorded 92 samples, mean = 5.5 (flags = 0x41)
0  ... 
3  ----------------------------------------------O                           (46 = 50.0%) {0.0%}
4  ... 
8  ----------------------------------------------O                           (46 = 50.0%) {50.0%}
9  ... 

Histogram: OptimizationGuide.PredictionManager.ModelDeliveryEvents.SegmentationDeviceSwitcher recorded 92 samples, mean = 5.5 (flags = 0x41)
0  ... 
3  ----------------------------------------------O                           (46 = 50.0%) {0.0%}
4  ... 
8  ----------------------------------------------O                           (46 = 50.0%) {50.0%}
9  ... 

Histogram: OptimizationGuide.PredictionManager.ModelDeliveryEvents.SegmentationSearchUser recorded 92 samples, mean = 5.5 (flags = 0x41)
0  ... 
3  ----------------------------------------------O                           (46 = 50.0%) {0.0%}
4  ... 
8  ----------------------------------------------O                           (46 = 50.0%) {50.0%}
9  ... 

Histogram: OptimizationGuide.PredictionManager.ModelDeliveryEvents.SegmentationShoppingUser recorded 92 samples, mean = 5.5 (flags = 0x41)
0  ... 
3  ----------------------------------------------O                           (46 = 50.0%) {0.0%}
4  ... 
8  ----------------------------------------------O                           (46 = 50.0%) {50.0%}
9  ... 

Histogram: OptimizationGuide.PredictionManager.ModelDeliveryEvents.TextSafety recorded 92 samples, mean = 5.5 (flags = 0x41)
0  ... 
3  ----------------------------------------------O                           (46 = 50.0%) {0.0%}
4  ... 
8  ----------------------------------------------O                           (46 = 50.0%) {50.0%}
9  ... 

Histogram: OptimizationGuide.PredictionManager.ModelDeliveryEvents.URLVisitResumptionRanker recorded 92 samples, mean = 5.5 (flags = 0x41)
0  ... 
3  ----------------------------------------------O                           (46 = 50.0%) {0.0%}
4  ... 
8  ----------------------------------------------O                           (46 = 50.0%) {50.0%}
9  ... 

Histogram: OptimizationGuide.PredictionManager.ModelDeliveryEvents.VisualSearchClassification recorded 92 samples, mean = 5.5 (flags = 0x41)
0  ... 
3  ----------------------------------------------O                           (46 = 50.0%) {0.0%}
4  ... 
8  ----------------------------------------------O                           (46 = 50.0%) {50.0%}
9  ... 

Histogram: OptimizationGuide.PredictionManager.ModelDeliveryEvents.WebAppInstallationPromo recorded 92 samples, mean = 5.5 (flags = 0x41)
0  ... 
3  ----------------------------------------------O                           (46 = 50.0%) {0.0%}
4  ... 
8  ----------------------------------------------O                           (46 = 50.0%) {50.0%}
9  ... 

Histogram: OptimizationGuide.PredictionManager.RegistrationTimeSinceServiceInit.ClientSidePhishing recorded 1 samples, mean = 0.0 (flags = 0x41)
0  -O                                                                        (1 = 100.0%)
1  ... 

Histogram: OptimizationGuide.PredictionManager.RegistrationTimeSinceServiceInit.GeolocationPermissions recorded 1 samples, mean = 0.0 (flags = 0x41)
0  -O                                                                        (1 = 100.0%)
1  ... 

Histogram: OptimizationGuide.PredictionManager.RegistrationTimeSinceServiceInit.LanguageDetection recorded 2 samples, mean = 8.0 (flags = 0x41)
0   -O                                                                        (1 = 50.0%)
1   ... 
16  -O                                                                        (1 = 50.0%) {50.0%}
20  ... 

Histogram: OptimizationGuide.PredictionManager.RegistrationTimeSinceServiceInit.NewTabPageHistoryClustersModuleRanking recorded 1 samples, mean = 0.0 (flags = 0x41)
0  -O                                                                        (1 = 100.0%)
1  ... 

Histogram: OptimizationGuide.PredictionManager.RegistrationTimeSinceServiceInit.NotificationPermissions recorded 1 samples, mean = 0.0 (flags = 0x41)
0  -O                                                                        (1 = 100.0%)
1  ... 

Histogram: OptimizationGuide.PredictionManager.RegistrationTimeSinceServiceInit.OmniboxUrlScoring recorded 1 samples, mean = 0.0 (flags = 0x41)
0  -O                                                                        (1 = 100.0%)
1  ... 

Histogram: OptimizationGuide.PredictionManager.RegistrationTimeSinceServiceInit.PageTopicsV2 recorded 1 samples, mean = 0.0 (flags = 0x41)
0  -O                                                                        (1 = 100.0%)
1  ... 

Histogram: OptimizationGuide.PredictionManager.RegistrationTimeSinceServiceInit.SegmentationChromeLowUserEngagement recorded 1 samples, mean = 4212.0 (flags = 0x41)
0     ... 
3900  -O                                                                        (1 = 100.0%) {0.0%}
4955  ... 

Histogram: OptimizationGuide.PredictionManager.RegistrationTimeSinceServiceInit.SegmentationComposePromotion recorded 1 samples, mean = 4213.0 (flags = 0x41)
0     ... 
3900  -O                                                                        (1 = 100.0%) {0.0%}
4955  ... 

Histogram: OptimizationGuide.PredictionManager.RegistrationTimeSinceServiceInit.SegmentationDeviceSwitcher recorded 1 samples, mean = 4213.0 (flags = 0x41)
0     ... 
3900  -O                                                                        (1 = 100.0%) {0.0%}
4955  ... 

Histogram: OptimizationGuide.PredictionManager.RegistrationTimeSinceServiceInit.SegmentationSearchUser recorded 1 samples, mean = 4213.0 (flags = 0x41)
0     ... 
3900  -O                                                                        (1 = 100.0%) {0.0%}
4955  ... 

Histogram: OptimizationGuide.PredictionManager.RegistrationTimeSinceServiceInit.SegmentationShoppingUser recorded 1 samples, mean = 4213.0 (flags = 0x41)
0     ... 
3900  -O                                                                        (1 = 100.0%) {0.0%}
4955  ... 

Histogram: OptimizationGuide.PredictionManager.RegistrationTimeSinceServiceInit.TextSafety recorded 1 samples, mean = 0.0 (flags = 0x41)
0  -O                                                                        (1 = 100.0%)
1  ... 

Histogram: OptimizationGuide.PredictionManager.RegistrationTimeSinceServiceInit.URLVisitResumptionRanker recorded 1 samples, mean = 4213.0 (flags = 0x41)
0     ... 
3900  -O                                                                        (1 = 100.0%) {0.0%}
4955  ... 

Histogram: OptimizationGuide.PredictionManager.RegistrationTimeSinceServiceInit.VisualSearchClassification recorded 1 samples, mean = 0.0 (flags = 0x41)
0  -O                                                                        (1 = 100.0%)
1  ... 

Histogram: OptimizationGuide.PredictionManager.RegistrationTimeSinceServiceInit.WebAppInstallationPromo recorded 1 samples, mean = 4213.0 (flags = 0x41)
0     ... 
3900  -O                                                                        (1 = 100.0%) {0.0%}
4955  ... 

Histogram: OptimizationGuide.PredictionManager.StoreInitialized recorded 1 samples, mean = 1.0 (flags = 0x40)
0  O                                                                         (0 = 0.0%)
1  -O                                                                        (1 = 100.0%) {0.0%}
2  O                                                                         (0 = 0.0%) {100.0%}

Histogram: OptimizationGuide.PredictionManager.SupportedModelEngineVersion recorded 46 samples, mean = 18.0 (flags = 0x40)
0   ... 
18  ----------------------------------------------O                           (46 = 100.0%) {0.0%}
19  ... 

Histogram: OptimizationGuide.PredictionModelFetcher.GetModelsResponse.NetErrorCode recorded 46 samples (flags = 0x41)
106  --O                                                                       (2 = 4.3%)
379  --------------------------------------------O                             (44 = 95.7%)

Histogram: OptimizationGuide.PredictionModelFetcher.GetModelsResponse.NetErrorCode.ClientSidePhishing recorded 46 samples (flags = 0x41)
106  --O                                                                       (2 = 4.3%)
379  --------------------------------------------O                             (44 = 95.7%)

Histogram: OptimizationGuide.PredictionModelFetcher.GetModelsResponse.NetErrorCode.GeolocationPermissions recorded 46 samples (flags = 0x41)
106  --O                                                                       (2 = 4.3%)
379  --------------------------------------------O                             (44 = 95.7%)

Histogram: OptimizationGuide.PredictionModelFetcher.GetModelsResponse.NetErrorCode.LanguageDetection recorded 46 samples (flags = 0x41)
106  --O                                                                       (2 = 4.3%)
379  --------------------------------------------O                             (44 = 95.7%)

Histogram: OptimizationGuide.PredictionModelFetcher.GetModelsResponse.NetErrorCode.NewTabPageHistoryClustersModuleRanking recorded 46 samples (flags = 0x41)
106  --O                                                                       (2 = 4.3%)
379  --------------------------------------------O                             (44 = 95.7%)

Histogram: OptimizationGuide.PredictionModelFetcher.GetModelsResponse.NetErrorCode.NotificationPermissions recorded 46 samples (flags = 0x41)
106  --O                                                                       (2 = 4.3%)
379  --------------------------------------------O                             (44 = 95.7%)

Histogram: OptimizationGuide.PredictionModelFetcher.GetModelsResponse.NetErrorCode.OmniboxUrlScoring recorded 46 samples (flags = 0x41)
106  --O                                                                       (2 = 4.3%)
379  --------------------------------------------O                             (44 = 95.7%)

Histogram: OptimizationGuide.PredictionModelFetcher.GetModelsResponse.NetErrorCode.PageTopicsV2 recorded 46 samples (flags = 0x41)
106  --O                                                                       (2 = 4.3%)
379  --------------------------------------------O                             (44 = 95.7%)

Histogram: OptimizationGuide.PredictionModelFetcher.GetModelsResponse.NetErrorCode.SegmentationChromeLowUserEngagement recorded 46 samples (flags = 0x41)
106  --O                                                                       (2 = 4.3%)
379  --------------------------------------------O                             (44 = 95.7%)

Histogram: OptimizationGuide.PredictionModelFetcher.GetModelsResponse.NetErrorCode.SegmentationComposePromotion recorded 46 samples (flags = 0x41)
106  --O                                                                       (2 = 4.3%)
379  --------------------------------------------O                             (44 = 95.7%)

Histogram: OptimizationGuide.PredictionModelFetcher.GetModelsResponse.NetErrorCode.SegmentationDeviceSwitcher recorded 46 samples (flags = 0x41)
106  --O                                                                       (2 = 4.3%)
379  --------------------------------------------O                             (44 = 95.7%)

Histogram: OptimizationGuide.PredictionModelFetcher.GetModelsResponse.NetErrorCode.SegmentationSearchUser recorded 46 samples (flags = 0x41)
106  --O                                                                       (2 = 4.3%)
379  --------------------------------------------O                             (44 = 95.7%)

Histogram: OptimizationGuide.PredictionModelFetcher.GetModelsResponse.NetErrorCode.SegmentationShoppingUser recorded 46 samples (flags = 0x41)
106  --O                                                                       (2 = 4.3%)
379  --------------------------------------------O                             (44 = 95.7%)

Histogram: OptimizationGuide.PredictionModelFetcher.GetModelsResponse.NetErrorCode.TextSafety recorded 46 samples (flags = 0x41)
106  --O                                                                       (2 = 4.3%)
379  --------------------------------------------O                             (44 = 95.7%)

Histogram: OptimizationGuide.PredictionModelFetcher.GetModelsResponse.NetErrorCode.URLVisitResumptionRanker recorded 46 samples (flags = 0x41)
106  --O                                                                       (2 = 4.3%)
379  --------------------------------------------O                             (44 = 95.7%)

Histogram: OptimizationGuide.PredictionModelFetcher.GetModelsResponse.NetErrorCode.VisualSearchClassification recorded 46 samples (flags = 0x41)
106  --O                                                                       (2 = 4.3%)
379  --------------------------------------------O                             (44 = 95.7%)

Histogram: OptimizationGuide.PredictionModelFetcher.GetModelsResponse.NetErrorCode.WebAppInstallationPromo recorded 46 samples (flags = 0x41)
106  --O                                                                       (2 = 4.3%)
379  --------------------------------------------O                             (44 = 95.7%)

Histogram: OptimizationGuide.PredictionModelFetcher.GetModelsResponse.Status recorded 44 samples, mean = 400.1 (flags = 0x41)
0    ... 
400  ------------------------------------------O                               (42 = 95.5%) {0.0%}
401  ... 
403  --O                                                                       (2 = 4.5%) {95.5%}
404  ... 

Histogram: OptimizationGuide.PredictionModelFetcher.GetModelsResponse.Status.ClientSidePhishing recorded 44 samples, mean = 400.1 (flags = 0x41)
0    ... 
400  ------------------------------------------O                               (42 = 95.5%) {0.0%}
401  ... 
403  --O                                                                       (2 = 4.5%) {95.5%}
404  ... 

Histogram: OptimizationGuide.PredictionModelFetcher.GetModelsResponse.Status.GeolocationPermissions recorded 44 samples, mean = 400.1 (flags = 0x41)
0    ... 
400  ------------------------------------------O                               (42 = 95.5%) {0.0%}
401  ... 
403  --O                                                                       (2 = 4.5%) {95.5%}
404  ... 

Histogram: OptimizationGuide.PredictionModelFetcher.GetModelsResponse.Status.LanguageDetection recorded 44 samples, mean = 400.1 (flags = 0x41)
0    ... 
400  ------------------------------------------O                               (42 = 95.5%) {0.0%}
401  ... 
403  --O                                                                       (2 = 4.5%) {95.5%}
404  ... 

Histogram: OptimizationGuide.PredictionModelFetcher.GetModelsResponse.Status.NewTabPageHistoryClustersModuleRanking recorded 44 samples, mean = 400.1 (flags = 0x41)
0    ... 
400  ------------------------------------------O                               (42 = 95.5%) {0.0%}
401  ... 
403  --O                                                                       (2 = 4.5%) {95.5%}
404  ... 

Histogram: OptimizationGuide.PredictionModelFetcher.GetModelsResponse.Status.NotificationPermissions recorded 44 samples, mean = 400.1 (flags = 0x41)
0    ... 
400  ------------------------------------------O                               (42 = 95.5%) {0.0%}
401  ... 
403  --O                                                                       (2 = 4.5%) {95.5%}
404  ... 

Histogram: OptimizationGuide.PredictionModelFetcher.GetModelsResponse.Status.OmniboxUrlScoring recorded 44 samples, mean = 400.1 (flags = 0x41)
0    ... 
400  ------------------------------------------O                               (42 = 95.5%) {0.0%}
401  ... 
403  --O                                                                       (2 = 4.5%) {95.5%}
404  ... 

Histogram: OptimizationGuide.PredictionModelFetcher.GetModelsResponse.Status.PageTopicsV2 recorded 44 samples, mean = 400.1 (flags = 0x41)
0    ... 
400  ------------------------------------------O                               (42 = 95.5%) {0.0%}
401  ... 
403  --O                                                                       (2 = 4.5%) {95.5%}
404  ... 

Histogram: OptimizationGuide.PredictionModelFetcher.GetModelsResponse.Status.SegmentationChromeLowUserEngagement recorded 44 samples, mean = 400.1 (flags = 0x41)
0    ... 
400  ------------------------------------------O                               (42 = 95.5%) {0.0%}
401  ... 
403  --O                                                                       (2 = 4.5%) {95.5%}
404  ... 

Histogram: OptimizationGuide.PredictionModelFetcher.GetModelsResponse.Status.SegmentationComposePromotion recorded 44 samples, mean = 400.1 (flags = 0x41)
0    ... 
400  ------------------------------------------O                               (42 = 95.5%) {0.0%}
401  ... 
403  --O                                                                       (2 = 4.5%) {95.5%}
404  ... 

Histogram: OptimizationGuide.PredictionModelFetcher.GetModelsResponse.Status.SegmentationDeviceSwitcher recorded 44 samples, mean = 400.1 (flags = 0x41)
0    ... 
400  ------------------------------------------O                               (42 = 95.5%) {0.0%}
401  ... 
403  --O                                                                       (2 = 4.5%) {95.5%}
404  ... 

Histogram: OptimizationGuide.PredictionModelFetcher.GetModelsResponse.Status.SegmentationSearchUser recorded 44 samples, mean = 400.1 (flags = 0x41)
0    ... 
400  ------------------------------------------O                               (42 = 95.5%) {0.0%}
401  ... 
403  --O                                                                       (2 = 4.5%) {95.5%}
404  ... 

Histogram: OptimizationGuide.PredictionModelFetcher.GetModelsResponse.Status.SegmentationShoppingUser recorded 44 samples, mean = 400.1 (flags = 0x41)
0    ... 
400  ------------------------------------------O                               (42 = 95.5%) {0.0%}
401  ... 
403  --O                                                                       (2 = 4.5%) {95.5%}
404  ... 

Histogram: OptimizationGuide.PredictionModelFetcher.GetModelsResponse.Status.TextSafety recorded 44 samples, mean = 400.1 (flags = 0x41)
0    ... 
400  ------------------------------------------O                               (42 = 95.5%) {0.0%}
401  ... 
403  --O                                                                       (2 = 4.5%) {95.5%}
404  ... 

Histogram: OptimizationGuide.PredictionModelFetcher.GetModelsResponse.Status.URLVisitResumptionRanker recorded 44 samples, mean = 400.1 (flags = 0x41)
0    ... 
400  ------------------------------------------O                               (42 = 95.5%) {0.0%}
401  ... 
403  --O                                                                       (2 = 4.5%) {95.5%}
404  ... 

Histogram: OptimizationGuide.PredictionModelFetcher.GetModelsResponse.Status.VisualSearchClassification recorded 44 samples, mean = 400.1 (flags = 0x41)
0    ... 
400  ------------------------------------------O                               (42 = 95.5%) {0.0%}
401  ... 
403  --O                                                                       (2 = 4.5%) {95.5%}
404  ... 

Histogram: OptimizationGuide.PredictionModelFetcher.GetModelsResponse.Status.WebAppInstallationPromo recorded 44 samples, mean = 400.1 (flags = 0x41)
0    ... 
400  ------------------------------------------O                               (42 = 95.5%) {0.0%}
401  ... 
403  --O                                                                       (2 = 4.5%) {95.5%}
404  ... 

Histogram: OptimizationGuide.ProcessingComponentAtShutdown recorded 1 samples, mean = 0.0 (flags = 0x41)
0  -O                                                                        (1 = 100.0%)
1  ... 

Histogram: OptimizationGuide.RemoteFetchingEnabled recorded 1 samples, mean = 0.0 (flags = 0x41)
0  -O                                                                        (1 = 100.0%)
1  ... 

Histogram: OriginTrials.PersistentOriginTrial.LevelDbInitSuccess recorded 1 samples, mean = 1.0 (flags = 0x41)
0  O                                                                         (0 = 0.0%)
1  -O                                                                        (1 = 100.0%) {0.0%}
2  O                                                                         (0 = 0.0%) {100.0%}

Histogram: OriginTrials.PersistentOriginTrial.LevelDbLoadSize recorded 1 samples, mean = 0.0 (flags = 0x41)
0  -O                                                                        (1 = 100.0%)
1  ... 

Histogram: OriginTrials.PersistentOriginTrial.LevelDbLoadSuccess recorded 1 samples, mean = 1.0 (flags = 0x41)
0  O                                                                         (0 = 0.0%)
1  -O                                                                        (1 = 100.0%) {0.0%}
2  O                                                                         (0 = 0.0%) {100.0%}

Histogram: OriginTrials.PersistentOriginTrial.LevelDbLoadTime recorded 1 samples, mean = 4214.0 (flags = 0x41)
0     ... 
3553  -O                                                                        (1 = 100.0%) {0.0%}
4222  ... 

Histogram: OriginTrials.PersistentOriginTrial.OriginLookupsBeforeDbLoad recorded 1 samples, mean = 0.0 (flags = 0x41)
0  -O                                                                        (1 = 100.0%)
1  ... 

Histogram: OriginTrials.PersistentOriginTrial.OriginsAddedBeforeDbLoad recorded 1 samples, mean = 0.0 (flags = 0x41)
0  -O                                                                        (1 = 100.0%)
1  ... 

Histogram: PageActionController.ExtensionsWithPageActions recorded 1 samples, mean = 0.0 (flags = 0x41)
0  -O                                                                        (1 = 100.0%)
1  ... 

Histogram: PageContentAnnotations.AnnotateVisit.AnnotationRequestQueued recorded 3 samples, mean = 1.0 (flags = 0x40)
0  O                                                                         (0 = 0.0%)
1  ---O                                                                      (3 = 100.0%) {0.0%}
2  O                                                                         (0 = 0.0%) {100.0%}

Histogram: PageContentAnnotations.AnnotateVisit.AnnotationRequested recorded 3 samples, mean = 1.0 (flags = 0x40)
0  O                                                                         (0 = 0.0%)
1  ---O                                                                      (3 = 100.0%) {0.0%}
2  O                                                                         (0 = 0.0%) {100.0%}

Histogram: PageContentAnnotations.AnnotateVisit.BatchAnnotationStarted recorded 1 samples, mean = 1.0 (flags = 0x40)
0  O                                                                         (0 = 0.0%)
1  -O                                                                        (1 = 100.0%) {0.0%}
2  O                                                                         (0 = 0.0%) {100.0%}

Histogram: PageLoad.Clients.Ads.AllPages.NonAdNetworkBytes recorded 1 samples, mean = 126.0 (flags = 0x41)
0    ... 
108  -O                                                                        (1 = 100.0%) {0.0%}
141  ... 

Histogram: PageLoad.Clients.Ads.AllPages.PercentNetworkBytesAds recorded 1 samples, mean = 0.0 (flags = 0x41)
0  -O                                                                        (1 = 100.0%)
1  ... 

Histogram: PageLoad.Clients.Ads.AllPages.PercentTotalBytesAds recorded 1 samples, mean = 0.0 (flags = 0x41)
0  -O                                                                        (1 = 100.0%)
1  ... 

Histogram: PageLoad.Clients.Ads.AverageViewportAdDensity recorded 1 samples, mean = 0.0 (flags = 0x41)
0  -O                                                                        (1 = 100.0%)
1  ... 

Histogram: PageLoad.Clients.Ads.FrameCounts.AdFrames.Total recorded 1 samples, mean = 0.0 (flags = 0x41)
0  -O                                                                        (1 = 100.0%)
1  ... 

Histogram: PageLoad.Clients.Ads.NonVisible.FrameCounts.AdFrames.Total recorded 1 samples, mean = 0.0 (flags = 0x41)
0  -O                                                                        (1 = 100.0%)
1  ... 

Histogram: PageLoad.Clients.Ads.Visible.FrameCounts.AdFrames.Total recorded 1 samples, mean = 0.0 (flags = 0x41)
0  -O                                                                        (1 = 100.0%)
1  ... 

Histogram: PageLoad.Clients.CrossOrigin.LayoutInstability.CumulativeShiftScore recorded 1 samples, mean = 0.0 (flags = 0x41)
0  -O                                                                        (1 = 100.0%)
1  ... 

Histogram: PageLoad.Clients.CrossOrigin.LayoutInstability.CumulativeShiftScore.MainFrame recorded 1 samples, mean = 0.0 (flags = 0x41)
0  -O                                                                        (1 = 100.0%)
1  ... 

Histogram: PageLoad.Clients.Leakage2.AbandonReasonAt.LoaderStart recorded 1 samples, mean = 10.0 (flags = 0x41)
0   ... 
10  -O                                                                        (1 = 100.0%) {0.0%}
11  ... 

Histogram: PageLoad.Clients.Leakage2.LastMilestoneBeforeAbandon.NewReloadNavigation recorded 1 samples, mean = 1.0 (flags = 0x41)
0  O                                                                         (0 = 0.0%)
1  -O                                                                        (1 = 100.0%) {0.0%}
2  ... 

Histogram: PageLoad.Clients.Leakage2.LoaderStartToAbandon.NewReloadNavigation recorded 1 samples, mean = 3193.0 (flags = 0x41)
0     ... 
3049  -O                                                                        (1 = 100.0%) {0.0%}
3412  ... 

Histogram: PageLoad.Clients.Leakage2.NavigationStart recorded 2 samples, mean = 4047.5 (flags = 0x41)
0     ... 
3049  -O                                                                        (1 = 50.0%) {0.0%}
3412  ... 
4780  -O                                                                        (1 = 50.0%) {50.0%}
5349  ... 

Histogram: PageLoad.Clients.Leakage2.NavigationStartToCommitReceived recorded 1 samples, mean = 4519.0 (flags = 0x41)
0     ... 
4272  -O                                                                        (1 = 100.0%) {0.0%}
4780  ... 

Histogram: PageLoad.Clients.Leakage2.NavigationStartToCommitSent recorded 1 samples, mean = 4511.0 (flags = 0x41)
0     ... 
4272  -O                                                                        (1 = 100.0%) {0.0%}
4780  ... 

Histogram: PageLoad.Clients.Leakage2.NavigationStartToDOMContentLoaded recorded 1 samples, mean = 5669.0 (flags = 0x41)
0     ... 
5349  -O                                                                        (1 = 100.0%) {0.0%}
5985  ... 

Histogram: PageLoad.Clients.Leakage2.NavigationStartToDidCommit recorded 1 samples, mean = 4838.0 (flags = 0x41)
0     ... 
4780  -O                                                                        (1 = 100.0%) {0.0%}
5349  ... 

Histogram: PageLoad.Clients.Leakage2.NavigationStartToLoadStarted recorded 1 samples, mean = 7214.0 (flags = 0x41)
0     ... 
6697  -O                                                                        (1 = 100.0%) {0.0%}
7494  ... 

Histogram: PageLoad.Clients.Leakage2.NavigationStartToLoaderStart recorded 2 samples, mean = 1594.0 (flags = 0x41)
0     ... 
60    -O                                                                        (1 = 50.0%) {0.0%}
67    ... 
3049  -O                                                                        (1 = 50.0%) {50.0%}
3412  ... 

Histogram: PageLoad.Clients.Leakage2.NavigationStartToNonRedirectResponseLoaderCallback recorded 1 samples, mean = 4503.0 (flags = 0x41)
0     ... 
4272  -O                                                                        (1 = 100.0%) {0.0%}
4780  ... 

Histogram: PageLoad.Clients.Leakage2.NavigationStartToNonRedirectResponseStart recorded 1 samples, mean = 4316.0 (flags = 0x41)
0     ... 
4272  -O                                                                        (1 = 100.0%) {0.0%}
4780  ... 

Histogram: PageLoad.Clients.Leakage2.NavigationStartToNonRedirectedRequestStart recorded 1 samples, mean = 4069.0 (flags = 0x41)
0     ... 
3818  -O                                                                        (1 = 100.0%) {0.0%}
4272  ... 

Histogram: PageLoad.Clients.Leakage2.NavigationStartToParseStart recorded 1 samples, mean = 4524.0 (flags = 0x41)
0     ... 
4272  -O                                                                        (1 = 100.0%) {0.0%}
4780  ... 

Histogram: PageLoad.Clients.Leakage2.RendererProcessCreatedBeforeNav recorded 1 samples, mean = 1.0 (flags = 0x41)
0  O                                                                         (0 = 0.0%)
1  -O                                                                        (1 = 100.0%) {0.0%}
2  O                                                                         (0 = 0.0%) {100.0%}

Histogram: PageLoad.Clients.LinkPreview.Usage recorded 1 samples, mean = 0.0 (flags = 0x41)
0  -O                                                                        (1 = 100.0%)
1  ... 

Histogram: PageLoad.Clients.MultiTabLoading.WithTabCount_0.DocumentTiming.NavigationToDOMContentLoadedEventFired recorded 1 samples, mean = 5669.0 (flags = 0x41)
0     ... 
5349  -O                                                                        (1 = 100.0%) {0.0%}
5985  ... 

Histogram: PageLoad.Clients.MultiTabLoading.WithTabCount_0.DocumentTiming.NavigationToLoadEventFired recorded 1 samples, mean = 7214.0 (flags = 0x41)
0     ... 
6697  -O                                                                        (1 = 100.0%) {0.0%}
7494  ... 

Histogram: PageLoad.Clients.MultiTabLoading.With_0_OtherLoading.DocumentTiming.NavigationToDOMContentLoadedEventFired recorded 1 samples, mean = 5669.0 (flags = 0x41)
0     ... 
5349  -O                                                                        (1 = 100.0%) {0.0%}
5985  ... 

Histogram: PageLoad.Clients.MultiTabLoading.With_0_OtherLoading.DocumentTiming.NavigationToLoadEventFired recorded 1 samples, mean = 7214.0 (flags = 0x41)
0     ... 
6697  -O                                                                        (1 = 100.0%) {0.0%}
7494  ... 

Histogram: PageLoad.Clients.PerformanceManager.LoadedIdleWithoutLCP recorded 1 samples, mean = 9502.0 (flags = 0x41)
0     ... 
8000  -O                                                                        (1 = 100.0%) {0.0%}
10165 ... 

Histogram: PageLoad.Clients.PerformanceManager.LoadedIdleWithoutLCP.Foreground recorded 1 samples, mean = 9502.0 (flags = 0x41)
0     ... 
8000  -O                                                                        (1 = 100.0%) {0.0%}
10165 ... 

Histogram: PageLoad.Clients.Protocol.QUIC.DocumentTiming.NavigationToDOMContentLoadedEventFired recorded 1 samples, mean = 5669.0 (flags = 0x41)
0     ... 
5349  -O                                                                        (1 = 100.0%) {0.0%}
5985  ... 

Histogram: PageLoad.Clients.Protocol.QUIC.DocumentTiming.NavigationToLoadEventFired recorded 1 samples, mean = 7214.0 (flags = 0x41)
0     ... 
6697  -O                                                                        (1 = 100.0%) {0.0%}
7494  ... 

Histogram: PageLoad.Clients.Protocol.QUIC.ParseTiming.NavigationToParseStart recorded 1 samples, mean = 4524.0 (flags = 0x41)
0     ... 
4272  -O                                                                        (1 = 100.0%) {0.0%}
4780  ... 

Histogram: PageLoad.Clients.Scheme.HTTPS.ParseTiming.NavigationToParseStart recorded 1 samples, mean = 4524.0 (flags = 0x41)
0     ... 
4272  -O                                                                        (1 = 100.0%) {0.0%}
4780  ... 

Histogram: PageLoad.Clients.SubresourceLoading.DaysSinceLastVisitToOrigin recorded 1 samples, mean = 0.0 (flags = 0x40)
0  -O                                                                        (1 = 100.0%)
1  ... 

Histogram: PageLoad.Clients.SubresourceLoading.HasPreviousVisitToOrigin recorded 1 samples, mean = 1.0 (flags = 0x40)
0  O                                                                         (0 = 0.0%)
1  -O                                                                        (1 = 100.0%) {0.0%}
2  O                                                                         (0 = 0.0%) {100.0%}

Histogram: PageLoad.Clients.ThirdParty.Origins.CookieRead2 recorded 1 samples, mean = 0.0 (flags = 0x41)
0  -O                                                                        (1 = 100.0%)
1  ... 

Histogram: PageLoad.Cpu.TotalUsage recorded 1 samples, mean = 904.0 (flags = 0x41)
0    ... 
885  -O                                                                        (1 = 100.0%) {0.0%}
990  ... 

Histogram: PageLoad.Cpu.TotalUsageForegrounded recorded 1 samples, mean = 904.0 (flags = 0x41)
0    ... 
885  -O                                                                        (1 = 100.0%) {0.0%}
990  ... 

Histogram: PageLoad.DocumentTiming.NavigationToDOMContentLoadedEventFired recorded 1 samples, mean = 5669.0 (flags = 0x41)
0     ... 
5349  -O                                                                        (1 = 100.0%) {0.0%}
5985  ... 

Histogram: PageLoad.DocumentTiming.NavigationToLoadEventFired recorded 1 samples, mean = 7214.0 (flags = 0x41)
0     ... 
6697  -O                                                                        (1 = 100.0%) {0.0%}
7494  ... 

Histogram: PageLoad.Experimental.NavigationTiming.FinalLoaderCallbackToNavigationCommitSent recorded 1 samples, mean = 7.0 (flags = 0x41)
0  -O                                                                        (1 = 100.0%)
10 ... 

Histogram: PageLoad.Experimental.NavigationTiming.FinalRequestStartToFinalResponseStart recorded 1 samples, mean = 247.0 (flags = 0x41)
0    ... 
230  -O                                                                        (1 = 100.0%) {0.0%}
257  ... 

Histogram: PageLoad.Experimental.NavigationTiming.FinalResponseStartToFinalLoaderCallback recorded 1 samples, mean = 186.0 (flags = 0x41)
0    ... 
184  -O                                                                        (1 = 100.0%) {0.0%}
206  ... 

Histogram: PageLoad.Experimental.NavigationTiming.FirstRequestStartToFirstResponseStart recorded 1 samples, mean = 247.0 (flags = 0x41)
0    ... 
230  -O                                                                        (1 = 100.0%) {0.0%}
257  ... 

Histogram: PageLoad.Experimental.NavigationTiming.FirstResponseStartToFirstLoaderCallback recorded 1 samples, mean = 186.0 (flags = 0x41)
0    ... 
184  -O                                                                        (1 = 100.0%) {0.0%}
206  ... 

Histogram: PageLoad.Experimental.NavigationTiming.NavigationStartToFinalLoaderCallback recorded 1 samples, mean = 4503.0 (flags = 0x41)
0     ... 
4272  -O                                                                        (1 = 100.0%) {0.0%}
4780  ... 

Histogram: PageLoad.Experimental.NavigationTiming.NavigationStartToFinalRequestStart recorded 1 samples, mean = 4069.0 (flags = 0x41)
0     ... 
3818  -O                                                                        (1 = 100.0%) {0.0%}
4272  ... 

Histogram: PageLoad.Experimental.NavigationTiming.NavigationStartToFinalResponseStart recorded 1 samples, mean = 4316.0 (flags = 0x41)
0     ... 
4272  -O                                                                        (1 = 100.0%) {0.0%}
4780  ... 

Histogram: PageLoad.Experimental.NavigationTiming.NavigationStartToFirstLoaderCallback recorded 1 samples, mean = 4503.0 (flags = 0x41)
0     ... 
4272  -O                                                                        (1 = 100.0%) {0.0%}
4780  ... 

Histogram: PageLoad.Experimental.NavigationTiming.NavigationStartToFirstRequestStart recorded 1 samples, mean = 4069.0 (flags = 0x41)
0     ... 
3818  -O                                                                        (1 = 100.0%) {0.0%}
4272  ... 

Histogram: PageLoad.Experimental.NavigationTiming.NavigationStartToFirstResponseStart recorded 1 samples, mean = 4316.0 (flags = 0x41)
0     ... 
4272  -O                                                                        (1 = 100.0%) {0.0%}
4780  ... 

Histogram: PageLoad.Experimental.NavigationTiming.NavigationStartToNavigationCommitSent recorded 1 samples, mean = 4511.0 (flags = 0x41)
0     ... 
4272  -O                                                                        (1 = 100.0%) {0.0%}
4780  ... 

Histogram: PageLoad.Experimental.PageTiming.CachedResourceLoadTime. recorded 1 samples, mean = 684.0 (flags = 0x41)
0    ... 
574  -O                                                                        (1 = 100.0%) {0.0%}
729  ... 

Histogram: PageLoad.Experimental.PageTiming.CachedResourceLoadTime.font recorded 5 samples, mean = 1.0 (flags = 0x41)
0  O                                                                         (0 = 0.0%)
1  -----O                                                                    (5 = 100.0%) {0.0%}
2  ... 

Histogram: PageLoad.Experimental.PageTiming.CachedResourceLoadTime.manifest recorded 1 samples, mean = 361.0 (flags = 0x41)
0    ... 
356  -O                                                                        (1 = 100.0%) {0.0%}
452  ... 

Histogram: PageLoad.Experimental.PageTiming.CachedResourceLoadTime.script recorded 26 samples, mean = 6.2 (flags = 0x41)
0   ---O                                                                      (3 = 11.5%)
1   ---O                                                                      (3 = 11.5%) {11.5%}
2   ... 
6   ------------O                                                             (12 = 46.2%) {23.1%}
8   -------O                                                                  (7 = 26.9%) {69.2%}
10  ... 
16  -O                                                                        (1 = 3.8%) {96.2%}
20  ... 

Histogram: PageLoad.Experimental.PageTiming.CachedResourceLoadTime.style recorded 8 samples, mean = 49.4 (flags = 0x41)
0    -O                                                                        (1 = 12.5%)
1    ... 
6    --O                                                                       (2 = 25.0%) {12.5%}
8    ----O                                                                     (4 = 50.0%) {37.5%}
10   ... 
280  -O                                                                        (1 = 12.5%) {87.5%}
356  ... 

Histogram: PageLoad.Experimental.PageTiming.CommitSentToFirstSubresourceLoadStart recorded 1 samples, mean = 330.0 (flags = 0x41)
0    ... 
322  -O                                                                        (1 = 100.0%) {0.0%}
360  ... 

Histogram: PageLoad.Experimental.PageTiming.NavigationToFirstSubresourceLoadStart recorded 1 samples, mean = 4841.0 (flags = 0x41)
0     ... 
4780  -O                                                                        (1 = 100.0%) {0.0%}
5349  ... 

Histogram: PageLoad.Experimental.PageTiming.ResourceLoadTime. recorded 7 samples, mean = 613.6 (flags = 0x41)
0     ... 
25    -O                                                                        (1 = 14.3%) {0.0%}
32    ... 
220   ----O                                                                     (4 = 57.1%) {14.3%}
280   ... 
574   -O                                                                        (1 = 14.3%) {71.4%}
729   ... 
2415  -O                                                                        (1 = 14.3%) {85.7%}
3069  ... 

Histogram: PageLoad.Experimental.PageTiming.ResourceLoadTime.document recorded 1 samples, mean = 250.0 (flags = 0x41)
0    ... 
220  -O                                                                        (1 = 100.0%) {0.0%}
280  ... 

Histogram: PageLoad.Experimental.PageTiming.ResourceLoadTime.image recorded 1 samples, mean = 209.0 (flags = 0x41)
0    ... 
173  -O                                                                        (1 = 100.0%) {0.0%}
220  ... 

Histogram: PageLoad.Experimental.PageTiming.ResourceLoadTime.script recorded 1 samples, mean = 688.0 (flags = 0x41)
0    ... 
574  -O                                                                        (1 = 100.0%) {0.0%}
729  ... 

Histogram: PageLoad.Experimental.PageVisitFinalStatus recorded 1 samples, mean = 1.0 (flags = 0x41)
0  O                                                                         (0 = 0.0%)
1  -O                                                                        (1 = 100.0%) {0.0%}
2  ... 

Histogram: PageLoad.Experimental.PageVisitType2 recorded 1 samples, mean = 6.0 (flags = 0x41)
0  ... 
6  -O                                                                        (1 = 100.0%) {0.0%}
7  ... 

Histogram: PageLoad.Experimental.PaintTiming.FirstEligibleToPaintToFirstPaint recorded 1 samples, mean = 682.0 (flags = 0x41)
0    ... 
632  -O                                                                        (1 = 100.0%) {0.0%}
707  ... 

Histogram: PageLoad.Experimental.TotalForegroundDuration recorded 1 samples, mean = 8879662.0 (flags = 0x41)
0        ... 
3600000  -O                                                                        (1 = 100.0%) {0.0%}

Histogram: PageLoad.Experimental.TotalForegroundDuration.AllVisit recorded 1 samples, mean = 8879663.0 (flags = 0x41)
0        ... 
3600000  -O                                                                        (1 = 100.0%) {0.0%}

Histogram: PageLoad.Experimental.TotalForegroundDuration.IndependentUIVisit recorded 1 samples, mean = 8879663.0 (flags = 0x41)
0        ... 
3600000  -O                                                                        (1 = 100.0%) {0.0%}

Histogram: PageLoad.Expermental.SoftNavigations.Count recorded 1 samples, mean = 0.0 (flags = 0x41)
0  -O                                                                        (1 = 100.0%)
1  ... 

Histogram: PageLoad.Internal.ErrorCode recorded 1 samples, mean = 17.0 (flags = 0x41)
0   ... 
17  -O                                                                        (1 = 100.0%) {0.0%}
18  O                                                                         (0 = 0.0%) {100.0%}

Histogram: PageLoad.Internal.PageLoadTimingStatus recorded 21 samples, mean = 0.0 (flags = 0x41)
0  ---------------------O                                                    (21 = 100.0%)
1  ... 

Histogram: PageLoad.Internal.PageLoadTimingStatus.AtTimingCallbackDispatch recorded 4 samples, mean = 0.0 (flags = 0x41)
0  ----O                                                                     (4 = 100.0%)
1  ... 

Histogram: PageLoad.Internal.PageType recorded 2 samples, mean = 0.0 (flags = 0x41)
0  --O                                                                       (2 = 100.0%)
1  ... 

Histogram: PageLoad.Internal.SuppressedEventsBeforeMissingFirstPaint recorded 1 samples, mean = 0.0 (flags = 0x41)
0  -O                                                                        (1 = 100.0%)
1  ... 

Histogram: PageLoad.Internal.SuppressedEventsCountBeforePaint3 recorded 1 samples, mean = 0.0 (flags = 0x41)
0  -O                                                                        (1 = 100.0%)
1  ... 

Histogram: PageLoad.Internal.SuppressedEventsTimingBeforePaint3 recorded 1 samples, mean = 0.0 (flags = 0x41)
0  -O                                                                        (1 = 100.0%)
1  ... 

Histogram: PageLoad.Internal.SuppressedInteractionsCountBeforePaint3 recorded 1 samples, mean = 0.0 (flags = 0x41)
0  -O                                                                        (1 = 100.0%)
1  ... 

Histogram: PageLoad.LayoutInstability.CumulativeShiftScore recorded 1 samples, mean = 0.0 (flags = 0x41)
0  -O                                                                        (1 = 100.0%)
1  ... 

Histogram: PageLoad.LayoutInstability.CumulativeShiftScore.MainFrame recorded 1 samples, mean = 0.0 (flags = 0x41)
0  -O                                                                        (1 = 100.0%)
1  ... 

Histogram: PageLoad.LayoutInstability.MaxCumulativeShiftScore.SessionWindow.Gap1000ms.Max5000ms recorded 1 samples, mean = 0.0 (flags = 0x41)
0  -O                                                                        (1 = 100.0%)
1  ... 

Histogram: PageLoad.LayoutInstability.MaxCumulativeShiftScore.SessionWindow.Gap1000ms.Max5000ms2 recorded 1 samples, mean = 0.0 (flags = 0x41)
0  -O                                                                        (1 = 100.0%)
1  ... 

Histogram: PageLoad.PageTiming.ForegroundDuration recorded 1 samples, mean = 8879662.0 (flags = 0x41)
0        ... 
3600000  -O                                                                        (1 = 100.0%) {0.0%}

Histogram: PageLoad.PageTiming.ForegroundDuration.AfterPaint recorded 1 samples, mean = 8873437.0 (flags = 0x41)
0        ... 
3600000  -O                                                                        (1 = 100.0%) {0.0%}

Histogram: PageLoad.PageTiming.ForegroundDuration.NoCommit recorded 1 samples, mean = 130.0 (flags = 0x41)
0    ... 
120  -O                                                                        (1 = 100.0%) {0.0%}
137  ... 

Histogram: PageLoad.PageTiming.ForegroundDuration.WithPaint recorded 1 samples, mean = 8879662.0 (flags = 0x41)
0        ... 
3600000  -O                                                                        (1 = 100.0%) {0.0%}

Histogram: PageLoad.PaintTiming.NavigationToFirstPaint recorded 1 samples, mean = 6225.0 (flags = 0x41)
0     ... 
5985  -O                                                                        (1 = 100.0%) {0.0%}
6697  ... 

Histogram: PageLoad.ParseTiming.NavigationToParseStart recorded 1 samples, mean = 4524.0 (flags = 0x41)
0     ... 
4272  -O                                                                        (1 = 100.0%) {0.0%}
4780  ... 

Histogram: PageLoad.ParseTiming.NavigationToParseStart.LoadType.NewNavigation recorded 1 samples, mean = 4524.0 (flags = 0x41)
0     ... 
4272  -O                                                                        (1 = 100.0%) {0.0%}
4780  ... 

Histogram: PageLoad.ParseTiming.ParseBlockedOnScriptExecution recorded 1 samples, mean = 6.0 (flags = 0x41)
0  -O                                                                        (1 = 100.0%)
10 ... 

Histogram: PageLoad.ParseTiming.ParseBlockedOnScriptExecutionFromDocumentWrite recorded 1 samples, mean = 0.0 (flags = 0x41)
0  -O                                                                        (1 = 100.0%)
10 ... 

Histogram: PageLoad.ParseTiming.ParseBlockedOnScriptLoad recorded 1 samples, mean = 987.0 (flags = 0x41)
0    ... 
885  -O                                                                        (1 = 100.0%) {0.0%}
990  ... 

Histogram: PaintHolding.CommitTrigger2 recorded 1 samples, mean = 3.0 (flags = 0x41)
0  ... 
3  -O                                                                        (1 = 100.0%) {0.0%}
4  ... 

Histogram: PasswordManager.AccountStore.InaccessiblePasswords3 recorded 1 samples, mean = 0.0 (flags = 0x41)
0  -O                                                                        (1 = 100.0%)
1  ... 

Histogram: PasswordManager.AccountStore.LoginDatabaseEncryptionStatus recorded 1 samples, mean = 0.0 (flags = 0x41)
0  -O                                                                        (1 = 100.0%)
1  ... 

Histogram: PasswordManager.AffiliationDatabase.DatabaseSize recorded 1 samples, mean = 52.0 (flags = 0x41)
0  -O                                                                        (1 = 100.0%)
1000... 

Histogram: PasswordManager.BubbleSuppression.AccountsInStatisticsTable2 recorded 1 samples, mean = 0.0 (flags = 0x41)
0  -O                                                                        (1 = 100.0%)
1  ... 

Histogram: PasswordManager.GetAllLogins.TimeSinceInit recorded 2 samples, mean = 30133.0 (flags = 0x41)
0      ... 
26495  --O                                                                       (2 = 100.0%) {0.0%}
33665  ... 

Histogram: PasswordManager.GetAutofillableLogins.TimeSinceInit recorded 2 samples, mean = 4643.5 (flags = 0x41)
0     ... 
3900  --O                                                                       (2 = 100.0%) {0.0%}
4955  ... 

Histogram: PasswordManager.LoginDatabaseInit2 recorded 2 samples, mean = 0.0 (flags = 0x41)
0  --O                                                                       (2 = 100.0%)
1  ... 

Histogram: PasswordManager.OnEncryptorReceived.Success recorded 2 samples, mean = 1.0 (flags = 0x41)
0  O                                                                         (0 = 0.0%)
1  --O                                                                       (2 = 100.0%) {0.0%}
2  O                                                                         (0 = 0.0%) {100.0%}

Histogram: PasswordManager.PasswordStore.InitTime recorded 2 samples, mean = 3262.0 (flags = 0x41)
0     ... 
2990  --O                                                                       (2 = 100.0%) {0.0%}
3553  ... 

Histogram: PasswordManager.PasswordStoreBackend.GetAllLoginsAsync recorded 4 samples, mean = 1.0 (flags = 0x41)
0  --O                                                                       (2 = 50.0%)
1  O                                                                         (0 = 0.0%) {50.0%}
2  --O                                                                       (2 = 50.0%) {50.0%}
3  ... 

Histogram: PasswordManager.PasswordStoreBackend.GetAllLoginsAsync.Latency recorded 2 samples, mean = 333.0 (flags = 0x41)
0    ... 
280  --O                                                                       (2 = 100.0%) {0.0%}
356  ... 

Histogram: PasswordManager.PasswordStoreBackend.GetAllLoginsAsync.Success recorded 2 samples, mean = 1.0 (flags = 0x41)
0  O                                                                         (0 = 0.0%)
1  --O                                                                       (2 = 100.0%) {0.0%}
2  O                                                                         (0 = 0.0%) {100.0%}

Histogram: PasswordManager.PasswordStoreBackend.GetAutofillableLoginsAsync recorded 4 samples, mean = 1.0 (flags = 0x41)
0  --O                                                                       (2 = 50.0%)
1  O                                                                         (0 = 0.0%) {50.0%}
2  --O                                                                       (2 = 50.0%) {50.0%}
3  ... 

Histogram: PasswordManager.PasswordStoreBackend.GetAutofillableLoginsAsync.Latency recorded 2 samples, mean = 1.0 (flags = 0x41)
0  O                                                                         (0 = 0.0%)
1  --O                                                                       (2 = 100.0%) {0.0%}
2  ... 

Histogram: PasswordManager.PasswordStoreBackend.GetAutofillableLoginsAsync.Success recorded 2 samples, mean = 1.0 (flags = 0x41)
0  O                                                                         (0 = 0.0%)
1  --O                                                                       (2 = 100.0%) {0.0%}
2  O                                                                         (0 = 0.0%) {100.0%}

Histogram: PasswordManager.PasswordStoreBuiltInBackend.GetAllLoginsAsync recorded 4 samples, mean = 1.0 (flags = 0x41)
0  --O                                                                       (2 = 50.0%)
1  O                                                                         (0 = 0.0%) {50.0%}
2  --O                                                                       (2 = 50.0%) {50.0%}
3  ... 

Histogram: PasswordManager.PasswordStoreBuiltInBackend.GetAllLoginsAsync.Latency recorded 2 samples, mean = 333.0 (flags = 0x41)
0    ... 
280  --O                                                                       (2 = 100.0%) {0.0%}
356  ... 

Histogram: PasswordManager.PasswordStoreBuiltInBackend.GetAllLoginsAsync.Success recorded 2 samples, mean = 1.0 (flags = 0x41)
0  O                                                                         (0 = 0.0%)
1  --O                                                                       (2 = 100.0%) {0.0%}
2  O                                                                         (0 = 0.0%) {100.0%}

Histogram: PasswordManager.PasswordStoreBuiltInBackend.GetAutofillableLoginsAsync recorded 4 samples, mean = 1.0 (flags = 0x41)
0  --O                                                                       (2 = 50.0%)
1  O                                                                         (0 = 0.0%) {50.0%}
2  --O                                                                       (2 = 50.0%) {50.0%}
3  ... 

Histogram: PasswordManager.PasswordStoreBuiltInBackend.GetAutofillableLoginsAsync.Latency recorded 2 samples, mean = 1.0 (flags = 0x41)
0  O                                                                         (0 = 0.0%)
1  --O                                                                       (2 = 100.0%) {0.0%}
2  ... 

Histogram: PasswordManager.PasswordStoreBuiltInBackend.GetAutofillableLoginsAsync.Success recorded 2 samples, mean = 1.0 (flags = 0x41)
0  O                                                                         (0 = 0.0%)
1  --O                                                                       (2 = 100.0%) {0.0%}
2  O                                                                         (0 = 0.0%) {100.0%}

Histogram: PasswordManager.ProfileStore.InaccessiblePasswords3 recorded 1 samples, mean = 0.0 (flags = 0x41)
0  -O                                                                        (1 = 100.0%)
1  ... 

Histogram: PasswordManager.ProfileStore.LoginDatabaseEncryptionStatus recorded 1 samples, mean = 0.0 (flags = 0x41)
0  -O                                                                        (1 = 100.0%)
1  ... 

Histogram: PasswordManager.SavedGaiaPasswordHashCount2 recorded 1 samples, mean = 0.0 (flags = 0x41)
0  -O                                                                        (1 = 100.0%)
1  ... 

Histogram: PasswordManager.SyncMetadataReadError2 recorded 2 samples, mean = 0.0 (flags = 0x41)
0  --O                                                                       (2 = 100.0%)
1  ... 

Histogram: PaymentRequest.IsCanMakePaymentAllowedByPref.Startup recorded 1 samples, mean = 1.0 (flags = 0x41)
0  O                                                                         (0 = 0.0%)
1  -O                                                                        (1 = 100.0%) {0.0%}
2  O                                                                         (0 = 0.0%) {100.0%}

Histogram: PerformanceManager.LoadingNotQuiescentPageCount.All recorded 250 samples, mean = 0.0 (flags = 0x41)
0  ------------------------------------------------------------------------O (250 = 100.0%)
1  ... 

Histogram: PerformanceManager.LoadingNotQuiescentPageCount.Hidden recorded 250 samples, mean = 0.0 (flags = 0x41)
0  ------------------------------------------------------------------------O (250 = 100.0%)
1  ... 

Histogram: PerformanceManager.LoadingNotQuiescentPageCount.MixedVisibility recorded 250 samples, mean = 0.0 (flags = 0x41)
0  ------------------------------------------------------------------------O (250 = 100.0%)
1  ... 

Histogram: PerformanceManager.LoadingNotQuiescentPageCount.Visible recorded 250 samples, mean = 0.0 (flags = 0x41)
0  ------------------------------------------------------------------------O (250 = 100.0%)
1  ... 

Histogram: PerformanceManager.QuiescentPageCount recorded 250 samples, mean = 1.0 (flags = 0x41)
0  O                                                                         (0 = 0.0%)
1  ------------------------------------------------------------------------O (250 = 100.0%) {0.0%}
2  ... 

Histogram: PerformanceManager.SiteDB.DatabaseInit recorded 1 samples, mean = 0.0 (flags = 0x41)
0  -O                                                                        (1 = 100.0%)
1  ... 

Histogram: PerformanceManager.SiteDB.OnDiskSize recorded 1 samples, mean = 1.0 (flags = 0x41)
0  -O                                                                        (1 = 100.0%)
1000... 

Histogram: PerformanceManager.SiteDB.WriteCompleted.WriteSiteDataIntoStore recorded 1 samples, mean = 1.0 (flags = 0x41)
0  O                                                                         (0 = 0.0%)
1  -O                                                                        (1 = 100.0%) {0.0%}
2  O                                                                         (0 = 0.0%) {100.0%}

Histogram: PerformanceManager.SiteDB.WriteScheduled.WriteSiteDataIntoStore recorded 1 samples, mean = 1.0 (flags = 0x41)
0  O                                                                         (0 = 0.0%)
1  -O                                                                        (1 = 100.0%) {0.0%}
2  O                                                                         (0 = 0.0%) {100.0%}

Histogram: PerformanceManager.TabRevisitTracker.TimeToClose2 recorded 1 samples, mean = 8879.0 (flags = 0x41)
0     ... 
8563  -O                                                                        (1 = 100.0%) {0.0%}
9010  ... 

Histogram: PerformanceManager.UserTuning.BatterySaverModeEnabledPercent recorded 1 samples, mean = 0.0 (flags = 0x41)
0  -O                                                                        (1 = 100.0%)
1  ... 

Histogram: PerformanceManager.UserTuning.MemorySaverModeEnabledPercent recorded 1 samples, mean = 0.0 (flags = 0x41)
0  -O                                                                        (1 = 100.0%)
1  ... 

Histogram: PerformanceMonitor.AverageCPU8.BrowserProcess recorded 63 samples, mean = 3173.5 (flags = 0x41)
0      ... 
40     -O                                                                        (1 = 1.6%) {0.0%}
48     ... 
70     -O                                                                        (1 = 1.6%) {1.6%}
85     ... 
317    -O                                                                        (1 = 1.6%) {3.2%}
383    ... 
814    -----O                                                                    (5 = 7.9%) {4.8%}
983    ----------------O                                                         (16 = 25.4%) {12.7%}
1187   ---------O                                                                (9 = 14.3%) {38.1%}
1433   -------O                                                                  (7 = 11.1%) {52.4%}
1730   -O                                                                        (1 = 1.6%) {63.5%}
2088   --O                                                                       (2 = 3.2%) {65.1%}
2521   -O                                                                        (1 = 1.6%) {68.3%}
3043   --O                                                                       (2 = 3.2%) {69.8%}
3673   -O                                                                        (1 = 1.6%) {73.0%}
4434   ----O                                                                     (4 = 6.3%) {74.6%}
5353   --O                                                                       (2 = 3.2%) {81.0%}
6462   -----O                                                                    (5 = 7.9%) {84.1%}
7801   -O                                                                        (1 = 1.6%) {92.1%}
9417   O                                                                         (0 = 0.0%) {93.7%}
11368  --O                                                                       (2 = 3.2%) {93.7%}
13724  -O                                                                        (1 = 1.6%) {96.8%}
16567  -O                                                                        (1 = 1.6%) {98.4%}
20000  O                                                                         (0 = 0.0%) {100.0%}

Histogram: PerformanceMonitor.AverageCPU8.GPUProcess recorded 63 samples, mean = 5.9 (flags = 0x41)
0    ----------O                                                               (10 = 15.9%)
1    ----------------------------------O                                       (34 = 54.0%) {15.9%}
2    -O                                                                        (1 = 1.6%) {69.8%}
3    -O                                                                        (1 = 1.6%) {71.4%}
4    ---O                                                                      (3 = 4.8%) {73.0%}
5    ----O                                                                     (4 = 6.3%) {77.8%}
6    -----O                                                                    (5 = 7.9%) {84.1%}
7    --O                                                                       (2 = 3.2%) {92.1%}
8    ... 
12   -O                                                                        (1 = 1.6%) {95.2%}
15   -O                                                                        (1 = 1.6%) {96.8%}
18   ... 
218  -O                                                                        (1 = 1.6%) {98.4%}
263  ... 

Histogram: PerformanceMonitor.AverageCPU8.NetworkProcess recorded 63 samples, mean = 5.3 (flags = 0x41)
0   --O                                                                       (2 = 3.2%)
1   --O                                                                       (2 = 3.2%) {3.2%}
2   -----O                                                                    (5 = 7.9%) {6.3%}
3   -------------------O                                                      (19 = 30.2%) {14.3%}
4   -----------------O                                                        (17 = 27.0%) {44.4%}
5   -----O                                                                    (5 = 7.9%) {71.4%}
6   ----O                                                                     (4 = 6.3%) {79.4%}
7   -O                                                                        (1 = 1.6%) {85.7%}
8   ----O                                                                     (4 = 6.3%) {87.3%}
10  ... 
15  -O                                                                        (1 = 1.6%) {93.7%}
18  O                                                                         (0 = 0.0%) {95.2%}
22  -O                                                                        (1 = 1.6%) {95.2%}
27  -O                                                                        (1 = 1.6%) {96.8%}
33  O                                                                         (0 = 0.0%) {98.4%}
40  -O                                                                        (1 = 1.6%) {98.4%}
48  ... 

Histogram: PerformanceMonitor.AverageCPU8.OtherProcess recorded 63 samples, mean = 0.0 (flags = 0x41)
0  ---------------------------------------------------------------O          (63 = 100.0%)
1  ... 

Histogram: PerformanceMonitor.AverageCPU8.RendererExtensionEventProcess recorded 63 samples, mean = 0.0 (flags = 0x41)
0  ---------------------------------------------------------------O          (63 = 100.0%)
1  ... 

Histogram: PerformanceMonitor.AverageCPU8.RendererExtensionPersistentProcess recorded 63 samples, mean = 0.0 (flags = 0x41)
0  ---------------------------------------------------------------O          (63 = 100.0%)
1  ... 

Histogram: PerformanceMonitor.AverageCPU8.RendererProcess recorded 63 samples, mean = 4.4 (flags = 0x41)
0    -----------------------------------------------------------O              (59 = 93.7%)
1    -O                                                                        (1 = 1.6%) {93.7%}
2    -O                                                                        (1 = 1.6%) {95.2%}
3    ... 
6    -O                                                                        (1 = 1.6%) {96.8%}
7    ... 
263  -O                                                                        (1 = 1.6%) {98.4%}
317  ... 

Histogram: PerformanceMonitor.AverageCPU8.Total recorded 63 samples, mean = 3184.8 (flags = 0x41)
0      ... 
40     -O                                                                        (1 = 1.6%) {0.0%}
48     ... 
70     -O                                                                        (1 = 1.6%) {1.6%}
85     ... 
317    -O                                                                        (1 = 1.6%) {3.2%}
383    ... 
814    ----O                                                                     (4 = 6.3%) {4.8%}
983    -----------------O                                                        (17 = 27.0%) {11.1%}
1187   --------O                                                                 (8 = 12.7%) {38.1%}
1433   --------O                                                                 (8 = 12.7%) {50.8%}
1730   -O                                                                        (1 = 1.6%) {63.5%}
2088   --O                                                                       (2 = 3.2%) {65.1%}
2521   -O                                                                        (1 = 1.6%) {68.3%}
3043   --O                                                                       (2 = 3.2%) {69.8%}
3673   -O                                                                        (1 = 1.6%) {73.0%}
4434   ----O                                                                     (4 = 6.3%) {74.6%}
5353   --O                                                                       (2 = 3.2%) {81.0%}
6462   -----O                                                                    (5 = 7.9%) {84.1%}
7801   -O                                                                        (1 = 1.6%) {92.1%}
9417   O                                                                         (0 = 0.0%) {93.7%}
11368  --O                                                                       (2 = 3.2%) {93.7%}
13724  -O                                                                        (1 = 1.6%) {96.8%}
16567  -O                                                                        (1 = 1.6%) {98.4%}
20000  O                                                                         (0 = 0.0%) {100.0%}

Histogram: PerformanceMonitor.AverageCPU8.Total.ZeroWindow recorded 63 samples, mean = 3184.8 (flags = 0x41)
0      ... 
40     -O                                                                        (1 = 1.6%) {0.0%}
48     ... 
70     -O                                                                        (1 = 1.6%) {1.6%}
85     ... 
317    -O                                                                        (1 = 1.6%) {3.2%}
383    ... 
814    ----O                                                                     (4 = 6.3%) {4.8%}
983    -----------------O                                                        (17 = 27.0%) {11.1%}
1187   --------O                                                                 (8 = 12.7%) {38.1%}
1433   --------O                                                                 (8 = 12.7%) {50.8%}
1730   -O                                                                        (1 = 1.6%) {63.5%}
2088   --O                                                                       (2 = 3.2%) {65.1%}
2521   -O                                                                        (1 = 1.6%) {68.3%}
3043   --O                                                                       (2 = 3.2%) {69.8%}
3673   -O                                                                        (1 = 1.6%) {73.0%}
4434   ----O                                                                     (4 = 6.3%) {74.6%}
5353   --O                                                                       (2 = 3.2%) {81.0%}
6462   -----O                                                                    (5 = 7.9%) {84.1%}
7801   -O                                                                        (1 = 1.6%) {92.1%}
9417   O                                                                         (0 = 0.0%) {93.7%}
11368  --O                                                                       (2 = 3.2%) {93.7%}
13724  -O                                                                        (1 = 1.6%) {96.8%}
16567  -O                                                                        (1 = 1.6%) {98.4%}
20000  O                                                                         (0 = 0.0%) {100.0%}

Histogram: PerformanceMonitor.AverageCPU8.UtilityProcess recorded 63 samples, mean = 27.4 (flags = 0x41)
0     -------------------------------------------------------------O            (61 = 96.8%)
1     -O                                                                        (1 = 1.6%) {96.8%}
2     ... 
1433  -O                                                                        (1 = 1.6%) {98.4%}
1730  ... 

Histogram: PerformanceMonitor.HasPreciseCPUUsage recorded 9 samples, mean = 1.0 (flags = 0x41)
0  O                                                                         (0 = 0.0%)
1  ---------O                                                                (9 = 100.0%) {0.0%}
2  O                                                                         (0 = 0.0%) {100.0%}

Histogram: PerformanceMonitor.UsageScenario.LongInterval recorded 63 samples, mean = 13.0 (flags = 0x41)
0   ... 
13  ---------------------------------------------------------------O          (63 = 100.0%) {0.0%}
14  ... 

Histogram: Permissions.API.CreatedPermissionStatusObjects recorded 1 samples, mean = 0.0 (flags = 0x41)
0  -O                                                                        (1 = 100.0%)
1  ... 

Histogram: Permissions.Experimental.PrimaryMainNavigationFinished.AudioCapture.TopLevelHeaderPolicy recorded 1 samples, mean = 0.0 (flags = 0x41)
0  -O                                                                        (1 = 100.0%)
1  ... 

Histogram: Permissions.Experimental.PrimaryMainNavigationFinished.Geolocation.TopLevelHeaderPolicy recorded 1 samples, mean = 0.0 (flags = 0x41)
0  -O                                                                        (1 = 100.0%)
1  ... 

Histogram: Permissions.Experimental.PrimaryMainNavigationFinished.VideoCapture.TopLevelHeaderPolicy recorded 1 samples, mean = 0.0 (flags = 0x41)
0  -O                                                                        (1 = 100.0%)
1  ... 

Histogram: Permissions.QuietNotificationPrompts.RegularProfile.IsEnabledInPrefs recorded 1 samples, mean = 0.0 (flags = 0x41)
0  -O                                                                        (1 = 100.0%)
1  ... 

Histogram: Platform.IntelMaxMicroArchitecture recorded 1 samples, mean = 10.0 (flags = 0x41)
0   ... 
10  -O                                                                        (1 = 100.0%) {0.0%}
11  ... 

Histogram: Power.BatteryDischargeGranularityAvailable recorded 88 samples, mean = 1.0 (flags = 0x41)
0  O                                                                         (0 = 0.0%)
1  ------------------------------------------------------------------------O (88 = 100.0%) {0.0%}
2  O                                                                         (0 = 0.0%) {100.0%}

Histogram: Power.BatteryDischargeGranularityIsOrdered recorded 190 samples, mean = 1.0 (flags = 0x41)
0  O                                                                         (0 = 0.0%)
1  ------------------------------------------------------------------------O (190 = 100.0%) {0.0%}
2  O                                                                         (0 = 0.0%) {100.0%}

Histogram: Power.BatteryDischargeGranularityMilliwattHours2 recorded 88 samples, mean = 16.0 (flags = 0x41)
0   ... 
15  ------------------------------------------------------------------------O (88 = 100.0%) {0.0%}
18  ... 

Histogram: Power.BatteryDischargeGranularityRelative2 recorded 88 samples, mean = 2.0 (flags = 0x41)
0  ... 
2  ------------------------------------------------------------------------O (88 = 100.0%) {0.0%}
3  ... 

Histogram: Power.BatteryDischargeMode5 recorded 125 samples, mean = 0.4 (flags = 0x41)
0  ------------------------------------------------------------------------O (88 = 70.4%)
1  ---------------------------O                                              (33 = 26.4%) {70.4%}
2  --O                                                                       (2 = 1.6%) {96.8%}
3  ... 
6  --O                                                                       (2 = 1.6%) {98.4%}
7  ... 

Histogram: Power.BatteryDischargeMode5.Initial recorded 1 samples, mean = 1.0 (flags = 0x41)
0  O                                                                         (0 = 0.0%)
1  -O                                                                        (1 = 100.0%) {0.0%}
2  ... 

Histogram: Power.BatteryDischargeMode5.Periodic recorded 124 samples, mean = 0.4 (flags = 0x41)
0  ------------------------------------------------------------------------O (88 = 71.0%)
1  --------------------------O                                               (32 = 25.8%) {71.0%}
2  --O                                                                       (2 = 1.6%) {96.8%}
3  ... 
6  --O                                                                       (2 = 1.6%) {98.4%}
7  ... 

Histogram: Power.BatteryDischargeMode5.TenMinutes recorded 13 samples, mean = 0.9 (flags = 0x41)
0  --------O                                                                 (8 = 61.5%)
1  --O                                                                       (2 = 15.4%) {61.5%}
2  --O                                                                       (2 = 15.4%) {76.9%}
3  ... 
6  -O                                                                        (1 = 7.7%) {92.3%}
7  ... 

Histogram: Power.BatteryDischargeMode5.ZeroWindow recorded 125 samples, mean = 0.4 (flags = 0x41)
0  ------------------------------------------------------------------------O (88 = 70.4%)
1  ---------------------------O                                              (33 = 26.4%) {70.4%}
2  --O                                                                       (2 = 1.6%) {96.8%}
3  ... 
6  --O                                                                       (2 = 1.6%) {98.4%}
7  ... 

Histogram: Power.BatteryDischargeMode5.ZeroWindow.Initial recorded 1 samples, mean = 1.0 (flags = 0x41)
0  O                                                                         (0 = 0.0%)
1  -O                                                                        (1 = 100.0%) {0.0%}
2  ... 

Histogram: Power.BatteryDischargeMode5.ZeroWindow.Periodic recorded 124 samples, mean = 0.4 (flags = 0x41)
0  ------------------------------------------------------------------------O (88 = 71.0%)
1  --------------------------O                                               (32 = 25.8%) {71.0%}
2  --O                                                                       (2 = 1.6%) {96.8%}
3  ... 
6  --O                                                                       (2 = 1.6%) {98.4%}
7  ... 

Histogram: Power.BatteryDischargeRateMilliwatts6 recorded 88 samples, mean = 15409.3 (flags = 0x41)
0      ---------------------------------------------------------O                (57 = 64.8%)
1      ... 
40733  -------------------------------O                                          (31 = 35.2%) {64.8%}
50987  ... 

Histogram: Power.BatteryDischargeRateMilliwatts6.BatterySaverDisabled recorded 88 samples, mean = 15409.3 (flags = 0x41)
0      ---------------------------------------------------------O                (57 = 64.8%)
1      ... 
40733  -------------------------------O                                          (31 = 35.2%) {64.8%}
50987  ... 

Histogram: Power.BatteryDischargeRateMilliwatts6.Periodic recorded 88 samples, mean = 15409.3 (flags = 0x41)
0      ---------------------------------------------------------O                (57 = 64.8%)
1      ... 
40733  -------------------------------O                                          (31 = 35.2%) {64.8%}
50987  ... 

Histogram: Power.BatteryDischargeRateMilliwatts6.Periodic.BatterySaverDisabled recorded 88 samples, mean = 15409.3 (flags = 0x41)
0      ---------------------------------------------------------O                (57 = 64.8%)
1      ... 
40733  -------------------------------O                                          (31 = 35.2%) {64.8%}
50987  ... 

Histogram: Power.BatteryDischargeRateMilliwatts6.TenMinutes recorded 8 samples, mean = 14758.4 (flags = 0x41)
0      ... 
8459   -O                                                                        (1 = 12.5%) {0.0%}
10589  ---O                                                                      (3 = 37.5%) {12.5%}
13255  O                                                                         (0 = 0.0%) {50.0%}
16592  ----O                                                                     (4 = 50.0%) {50.0%}
20769  ... 

Histogram: Power.BatteryDischargeRateMilliwatts6.ZeroWindow recorded 88 samples, mean = 15409.3 (flags = 0x41)
0      ---------------------------------------------------------O                (57 = 64.8%)
1      ... 
40733  -------------------------------O                                          (31 = 35.2%) {64.8%}
50987  ... 

Histogram: Power.BatteryDischargeRateMilliwatts6.ZeroWindow.BatterySaverDisabled recorded 88 samples, mean = 15409.3 (flags = 0x41)
0      ---------------------------------------------------------O                (57 = 64.8%)
1      ... 
40733  -------------------------------O                                          (31 = 35.2%) {64.8%}
50987  ... 

Histogram: Power.BatteryDischargeRateMilliwatts6.ZeroWindow.Periodic recorded 88 samples, mean = 15409.3 (flags = 0x41)
0      ---------------------------------------------------------O                (57 = 64.8%)
1      ... 
40733  -------------------------------O                                          (31 = 35.2%) {64.8%}
50987  ... 

Histogram: Power.BatteryDischargeRateMilliwatts6.ZeroWindow.Periodic.BatterySaverDisabled recorded 88 samples, mean = 15409.3 (flags = 0x41)
0      ---------------------------------------------------------O                (57 = 64.8%)
1      ... 
40733  -------------------------------O                                          (31 = 35.2%) {64.8%}
50987  ... 

Histogram: Power.BatteryDischargeRatePreciseMilliwatts recorded 88 samples, mean = 15409.3 (flags = 0x41)
0      ---------------------------------------------------------O                (57 = 64.8%)
1      ... 
40733  -------------------------------O                                          (31 = 35.2%) {64.8%}
50987  ... 

Histogram: Power.BatteryDischargeRatePreciseMilliwatts.BatterySaverDisabled recorded 88 samples, mean = 15409.3 (flags = 0x41)
0      ---------------------------------------------------------O                (57 = 64.8%)
1      ... 
40733  -------------------------------O                                          (31 = 35.2%) {64.8%}
50987  ... 

Histogram: Power.BatteryDischargeRatePreciseMilliwatts.Periodic recorded 88 samples, mean = 15409.3 (flags = 0x41)
0      ---------------------------------------------------------O                (57 = 64.8%)
1      ... 
40733  -------------------------------O                                          (31 = 35.2%) {64.8%}
50987  ... 

Histogram: Power.BatteryDischargeRatePreciseMilliwatts.Periodic.BatterySaverDisabled recorded 88 samples, mean = 15409.3 (flags = 0x41)
0      ---------------------------------------------------------O                (57 = 64.8%)
1      ... 
40733  -------------------------------O                                          (31 = 35.2%) {64.8%}
50987  ... 

Histogram: Power.BatteryDischargeRatePreciseMilliwatts.ZeroWindow recorded 88 samples, mean = 15409.3 (flags = 0x41)
0      ---------------------------------------------------------O                (57 = 64.8%)
1      ... 
40733  -------------------------------O                                          (31 = 35.2%) {64.8%}
50987  ... 

Histogram: Power.BatteryDischargeRatePreciseMilliwatts.ZeroWindow.BatterySaverDisabled recorded 88 samples, mean = 15409.3 (flags = 0x41)
0      ---------------------------------------------------------O                (57 = 64.8%)
1      ... 
40733  -------------------------------O                                          (31 = 35.2%) {64.8%}
50987  ... 

Histogram: Power.BatteryDischargeRatePreciseMilliwatts.ZeroWindow.Periodic recorded 88 samples, mean = 15409.3 (flags = 0x41)
0      ---------------------------------------------------------O                (57 = 64.8%)
1      ... 
40733  -------------------------------O                                          (31 = 35.2%) {64.8%}
50987  ... 

Histogram: Power.BatteryDischargeRatePreciseMilliwatts.ZeroWindow.Periodic.BatterySaverDisabled recorded 88 samples, mean = 15409.3 (flags = 0x41)
0      ---------------------------------------------------------O                (57 = 64.8%)
1      ... 
40733  -------------------------------O                                          (31 = 35.2%) {64.8%}
50987  ... 

Histogram: Power.BatteryDischargeRateRelative5 recorded 88 samples, mean = 35.1 (flags = 0x41)
0   ---------------------------------------------------------O                (57 = 64.8%)
1   ... 
95  -------------------------------O                                          (31 = 35.2%) {64.8%}
107 ... 

Histogram: Power.BatteryDischargeRateRelative5.BatterySaverDisabled recorded 88 samples, mean = 35.1 (flags = 0x41)
0   ---------------------------------------------------------O                (57 = 64.8%)
1   ... 
95  -------------------------------O                                          (31 = 35.2%) {64.8%}
107 ... 

Histogram: Power.BatteryDischargeRateRelative5.Periodic recorded 88 samples, mean = 35.1 (flags = 0x41)
0   ---------------------------------------------------------O                (57 = 64.8%)
1   ... 
95  -------------------------------O                                          (31 = 35.2%) {64.8%}
107 ... 

Histogram: Power.BatteryDischargeRateRelative5.Periodic.BatterySaverDisabled recorded 88 samples, mean = 35.1 (flags = 0x41)
0   ---------------------------------------------------------O                (57 = 64.8%)
1   ... 
95  -------------------------------O                                          (31 = 35.2%) {64.8%}
107 ... 

Histogram: Power.BatteryDischargeRateRelative5.ZeroWindow recorded 88 samples, mean = 35.1 (flags = 0x41)
0   ---------------------------------------------------------O                (57 = 64.8%)
1   ... 
95  -------------------------------O                                          (31 = 35.2%) {64.8%}
107 ... 

Histogram: Power.BatteryDischargeRateRelative5.ZeroWindow.BatterySaverDisabled recorded 88 samples, mean = 35.1 (flags = 0x41)
0   ---------------------------------------------------------O                (57 = 64.8%)
1   ... 
95  -------------------------------O                                          (31 = 35.2%) {64.8%}
107 ... 

Histogram: Power.BatteryDischargeRateRelative5.ZeroWindow.Periodic recorded 88 samples, mean = 35.1 (flags = 0x41)
0   ---------------------------------------------------------O                (57 = 64.8%)
1   ... 
95  -------------------------------O                                          (31 = 35.2%) {64.8%}
107 ... 

Histogram: Power.BatteryDischargeRateRelative5.ZeroWindow.Periodic.BatterySaverDisabled recorded 88 samples, mean = 35.1 (flags = 0x41)
0   ---------------------------------------------------------O                (57 = 64.8%)
1   ... 
95  -------------------------------O                                          (31 = 35.2%) {64.8%}
107 ... 

Histogram: Power.BatteryPercentDrop recorded 32 samples, mean = 1.0 (flags = 0x41)
0  O                                                                         (0 = 0.0%)
1  --------------------------------O                                         (32 = 100.0%) {0.0%}
2  ... 

Histogram: Power.HasPreciseBatteryDischargeGranularity recorded 125 samples, mean = 0.7 (flags = 0x41)
0  ----------------------------O                                             (35 = 28.0%)
1  ------------------------------------------------------------------------O (90 = 72.0%) {28.0%}
2  O                                                                         (0 = 0.0%) {100.0%}

Histogram: Prefs.JSonStore.SetValueKey recorded 115 samples (flags = 0x41)
174384190   --O                                                                       (2 = 1.7%)
372921139   -----------------------------------------------O                          (47 = 40.9%)
852125461   --O                                                                       (2 = 1.7%)
1526276751  -O                                                                        (1 = 0.9%)
1923415074  -----------O                                                              (11 = 9.6%)
1927273959  -O                                                                        (1 = 0.9%)
1936820420  --O                                                                       (2 = 1.7%)
1956100443  -O                                                                        (1 = 0.9%)
1975186374  -O                                                                        (1 = 0.9%)
2056672062  ----------------------------------------------O                           (46 = 40.0%)
2082524502  -O                                                                        (1 = 0.9%)

Histogram: Privacy.CookieControlsSetting.RegularProfile recorded 1 samples, mean = 2.0 (flags = 0x41)
0  ... 
2  -O                                                                        (1 = 100.0%) {0.0%}
3  O                                                                         (0 = 0.0%) {100.0%}

Histogram: Privacy.DIPS.BounceCategoryServer.Block3PC recorded 1 samples, mean = 0.0 (flags = 0x41)
0  -O                                                                        (1 = 100.0%)
1  ... 

Histogram: Privacy.DIPS.ClearedSitesCount.Block3PC recorded 2 samples, mean = 0.0 (flags = 0x41)
0  --O                                                                       (2 = 100.0%)
1  ... 

Histogram: Privacy.DIPS.DIPSErrorCodes recorded 4 samples, mean = 4.5 (flags = 0x41)
0  -O                                                                        (1 = 25.0%)
1  ... 
6  ---O                                                                      (3 = 75.0%) {25.0%}
7  ... 

Histogram: Privacy.DIPS.Database.Operation.FilterSitesWithProtectiveEventTime recorded 1 samples, mean = 0.0 (flags = 0x41)
0  -O                                                                        (1 = 100.0%)
1  ... 

Histogram: Privacy.DIPS.Database.Operation.GetSitesThatBouncedWithStateTime recorded 2 samples, mean = 0.0 (flags = 0x41)
0  --O                                                                       (2 = 100.0%)
1  ... 

Histogram: Privacy.DIPS.Database.Operation.InitTime recorded 1 samples, mean = 1.0 (flags = 0x41)
0  O                                                                         (0 = 0.0%)
1  -O                                                                        (1 = 100.0%) {0.0%}
2  ... 

Histogram: Privacy.DIPS.Database.Operation.ReadTime recorded 4 samples, mean = 0.0 (flags = 0x41)
0  ----O                                                                     (4 = 100.0%)
1  ... 

Histogram: Privacy.DIPS.Database.Operation.RemoveRowsTime recorded 1 samples, mean = 1.0 (flags = 0x41)
0  O                                                                         (0 = 0.0%)
1  -O                                                                        (1 = 100.0%) {0.0%}
2  ... 

Histogram: Privacy.DIPS.Database.Operation.WriteTime recorded 3 samples, mean = 1.3 (flags = 0x41)
0  O                                                                         (0 = 0.0%)
1  --O                                                                       (2 = 66.7%) {0.0%}
2  -O                                                                        (1 = 33.3%) {66.7%}
3  ... 

Histogram: Privacy.DIPS.DatabaseEntryCount recorded 1 samples, mean = 0.0 (flags = 0x41)
0  -O                                                                        (1 = 100.0%)
1  ... 

Histogram: Privacy.DIPS.DatabaseHealthMetricsTime recorded 1 samples, mean = 0.0 (flags = 0x41)
0  -O                                                                        (1 = 100.0%)
1  ... 

Histogram: Privacy.DIPS.DatabaseInit recorded 1 samples, mean = 1.0 (flags = 0x41)
0  O                                                                         (0 = 0.0%)
1  -O                                                                        (1 = 100.0%) {0.0%}
2  ... 

Histogram: Privacy.DIPS.DatabaseSize recorded 1 samples, mean = 36.0 (flags = 0x41)
0  -O                                                                        (1 = 100.0%)
1000... 

Histogram: Privacy.DoNotTrackSetting2 recorded 1 samples, mean = 0.0 (flags = 0x41)
0  -O                                                                        (1 = 100.0%)
1  ... 

Histogram: Privacy.ThirdPartyCookieBlockingSetting.RegularProfile recorded 1 samples, mean = 0.0 (flags = 0x41)
0  -O                                                                        (1 = 100.0%)
1  ... 

Histogram: PrivacyBudget.Identifiability.FinchConfigValidationResult recorded 1 samples, mean = 1.0 (flags = 0x41)
0  O                                                                         (0 = 0.0%)
1  -O                                                                        (1 = 100.0%) {0.0%}
2  O                                                                         (0 = 0.0%) {100.0%}

Histogram: PrivacyBudget.Identifiability.RecordedSample recorded 86 samples, mean = 0.0 (flags = 0x41)
0  ------------------------------------------------------------------------O (86 = 100.0%)
1  ... 

Histogram: PrivacySandbox.NoticeRequirement.IsVariationCountryEmpty recorded 3 samples, mean = 1.0 (flags = 0x41)
0  O                                                                         (0 = 0.0%)
1  ---O                                                                      (3 = 100.0%) {0.0%}
2  O                                                                         (0 = 0.0%) {100.0%}

Histogram: PrivacySandbox.NoticeRequirement.IsVariationServiceReady recorded 3 samples, mean = 1.0 (flags = 0x41)
0  O                                                                         (0 = 0.0%)
1  ---O                                                                      (3 = 100.0%) {0.0%}
2  O                                                                         (0 = 0.0%) {100.0%}

Histogram: PrivacySandbox.TrackingProtection.OnboardingStartup.State recorded 1 samples, mean = 0.0 (flags = 0x41)
0  -O                                                                        (1 = 100.0%)
1  ... 

Histogram: PrivacySandbox.TrackingProtection.SilentOnboardingStartup.State recorded 1 samples, mean = 0.0 (flags = 0x41)
0  -O                                                                        (1 = 100.0%)
1  ... 

Histogram: Profile.AppCount recorded 1 samples, mean = 0.0 (flags = 0x41)
0  -O                                                                        (1 = 100.0%)
1  ... 

Histogram: Profile.BookmarksSize recorded 1 samples, mean = 0.0 (flags = 0x41)
0  -O                                                                        (1 = 100.0%)
1  ... 

Histogram: Profile.CookiesSize recorded 1 samples, mean = 0.0 (flags = 0x41)
0  -O                                                                        (1 = 100.0%)
1  ... 

Histogram: Profile.Destroyer.OffTheRecord recorded 1 samples, mean = 1.0 (flags = 0x41)
0  O                                                                         (0 = 0.0%)
1  -O                                                                        (1 = 100.0%) {0.0%}
2  ... 

Histogram: Profile.DidDestroyProfileBeforeShutdown recorded 1 samples, mean = 0.0 (flags = 0x41)
0  -O                                                                        (1 = 100.0%)
1  ... 

Histogram: Profile.ExtensionSize recorded 1 samples, mean = 0.0 (flags = 0x41)
0  -O                                                                        (1 = 100.0%)
1  ... 

Histogram: Profile.FaviconsSize recorded 1 samples, mean = 0.0 (flags = 0x41)
0  -O                                                                        (1 = 100.0%)
1  ... 

Histogram: Profile.HistorySize recorded 1 samples, mean = 0.0 (flags = 0x41)
0  -O                                                                        (1 = 100.0%)
1  ... 

Histogram: Profile.KeepAliveLeakAtShutdown recorded 2 samples, mean = 3.5 (flags = 0x41)
0  -O                                                                        (1 = 50.0%)
1  ... 
7  -O                                                                        (1 = 50.0%) {50.0%}
8  ... 

Histogram: Profile.LiveProfileCount recorded 4 samples, mean = 1.0 (flags = 0x41)
0  O                                                                         (0 = 0.0%)
1  ----O                                                                     (4 = 100.0%) {0.0%}
2  ... 

Histogram: Profile.TopSitesSize recorded 1 samples, mean = 0.0 (flags = 0x41)
0  -O                                                                        (1 = 100.0%)
1  ... 

Histogram: Profile.TotalHistorySize recorded 1 samples, mean = 0.0 (flags = 0x41)
0  -O                                                                        (1 = 100.0%)
1  ... 

Histogram: Profile.TotalSize recorded 1 samples, mean = 0.0 (flags = 0x41)
0  -O                                                                        (1 = 100.0%)
1  ... 

Histogram: Profile.TotalSizeRecursive recorded 1 samples, mean = 9.0 (flags = 0x41)
0  ... 
8  -O                                                                        (1 = 100.0%) {0.0%}
10 ... 

Histogram: Profile.TriggeredReset recorded 1 samples, mean = 0.0 (flags = 0x41)
0  -O                                                                        (1 = 100.0%)
1  ... 

Histogram: Profile.VisitedLinksSize recorded 1 samples, mean = 0.0 (flags = 0x41)
0  -O                                                                        (1 = 100.0%)
1  ... 

Histogram: Profile.WebDataSize recorded 1 samples, mean = 0.0 (flags = 0x41)
0  -O                                                                        (1 = 100.0%)
1  ... 

Histogram: Profile.ZombieProfileCount recorded 4 samples, mean = 0.0 (flags = 0x41)
0  ----O                                                                     (4 = 100.0%)
1  ... 

Histogram: ProfilePicker.StartupMode.CreateInitialProfile recorded 1 samples, mean = 0.0 (flags = 0x41)
0  -O                                                                        (1 = 100.0%)
1  ... 

Histogram: ProfilePicker.StartupMode.GetStartupProfile recorded 1 samples, mean = 0.0 (flags = 0x41)
0  -O                                                                        (1 = 100.0%)
1  ... 

Histogram: ProfilePicker.StartupReason.GetStartupProfile recorded 1 samples, mean = 27.0 (flags = 0x41)
0   ... 
27  -O                                                                        (1 = 100.0%) {0.0%}
28  ... 

Histogram: ProtoDB.GetErrorStatus.Metadata recorded 0 samples (flags = 0x41)
0 ... 

Histogram: ProtoDB.GetFound.Metadata recorded 18 samples, mean = 1.0 (flags = 0x41)
0  O                                                                         (0 = 0.0%)
1  ------------------O                                                       (18 = 100.0%) {0.0%}
2  O                                                                         (0 = 0.0%) {100.0%}

Histogram: ProtoDB.GetSuccess.Metadata recorded 18 samples, mean = 1.0 (flags = 0x41)
0  O                                                                         (0 = 0.0%)
1  ------------------O                                                       (18 = 100.0%) {0.0%}
2  O                                                                         (0 = 0.0%) {100.0%}

Histogram: ProtoDB.InitStatus.BudgetManager recorded 1 samples, mean = 4.0 (flags = 0x41)
0  ... 
4  -O                                                                        (1 = 100.0%) {0.0%}
5  ... 

Histogram: ProtoDB.InitStatus.CartDatabase recorded 1 samples, mean = 4.0 (flags = 0x41)
0  ... 
4  -O                                                                        (1 = 100.0%) {0.0%}
5  ... 

Histogram: ProtoDB.InitStatus.ClientCertificatesDatabase recorded 1 samples, mean = 4.0 (flags = 0x41)
0  ... 
4  -O                                                                        (1 = 100.0%) {0.0%}
5  ... 

Histogram: ProtoDB.InitStatus.CommerceParcelTrackingDatabase recorded 1 samples, mean = 4.0 (flags = 0x41)
0  ... 
4  -O                                                                        (1 = 100.0%) {0.0%}
5  ... 

Histogram: ProtoDB.InitStatus.CommerceSubscriptionDatabase recorded 1 samples, mean = 4.0 (flags = 0x41)
0  ... 
4  -O                                                                        (1 = 100.0%) {0.0%}
5  ... 

Histogram: ProtoDB.InitStatus.CouponDatabase recorded 1 samples, mean = 4.0 (flags = 0x41)
0  ... 
4  -O                                                                        (1 = 100.0%) {0.0%}
5  ... 

Histogram: ProtoDB.InitStatus.DiscountsDatabase recorded 1 samples, mean = 4.0 (flags = 0x41)
0  ... 
4  -O                                                                        (1 = 100.0%) {0.0%}
5  ... 

Histogram: ProtoDB.InitStatus.DownloadDB recorded 1 samples, mean = 4.0 (flags = 0x41)
0  ... 
4  -O                                                                        (1 = 100.0%) {0.0%}
5  ... 

Histogram: ProtoDB.InitStatus.DownloadService recorded 1 samples, mean = 4.0 (flags = 0x41)
0  ... 
4  -O                                                                        (1 = 100.0%) {0.0%}
5  ... 

Histogram: ProtoDB.InitStatus.FeatureEngagementTrackerAvailabilityStore recorded 1 samples, mean = 4.0 (flags = 0x41)
0  ... 
4  -O                                                                        (1 = 100.0%) {0.0%}
5  ... 

Histogram: ProtoDB.InitStatus.FeatureEngagementTrackerEventStore recorded 1 samples, mean = 4.0 (flags = 0x41)
0  ... 
4  -O                                                                        (1 = 100.0%) {0.0%}
5  ... 

Histogram: ProtoDB.InitStatus.Metadata recorded 1 samples, mean = 0.0 (flags = 0x41)
0  -O                                                                        (1 = 100.0%)
1  ... 

Histogram: ProtoDB.InitStatus.PersistentOriginTrials recorded 1 samples, mean = 4.0 (flags = 0x41)
0  ... 
4  -O                                                                        (1 = 100.0%) {0.0%}
5  ... 

Histogram: ProtoDB.InitStatus.PreviewsHintCacheStore recorded 1 samples, mean = 4.0 (flags = 0x41)
0  ... 
4  -O                                                                        (1 = 100.0%) {0.0%}
5  ... 

Histogram: ProtoDB.InitStatus.SegmentInfoDatabase recorded 1 samples, mean = 4.0 (flags = 0x41)
0  ... 
4  -O                                                                        (1 = 100.0%) {0.0%}
5  ... 

Histogram: ProtoDB.InitStatus.SharedDb recorded 1 samples, mean = 0.0 (flags = 0x41)
0  -O                                                                        (1 = 100.0%)
1  ... 

Histogram: ProtoDB.InitStatus.SignalDatabase recorded 1 samples, mean = 4.0 (flags = 0x41)
0  ... 
4  -O                                                                        (1 = 100.0%) {0.0%}
5  ... 

Histogram: ProtoDB.InitStatus.SignalStorageConfigDatabase recorded 1 samples, mean = 4.0 (flags = 0x41)
0  ... 
4  -O                                                                        (1 = 100.0%) {0.0%}
5  ... 

Histogram: ProtoDB.InitStatus.StrikeService recorded 1 samples, mean = 4.0 (flags = 0x41)
0  ... 
4  -O                                                                        (1 = 100.0%) {0.0%}
5  ... 

Histogram: ProtoDB.LoadEntriesSuccess.CartDatabase recorded 1 samples, mean = 1.0 (flags = 0x41)
0  O                                                                         (0 = 0.0%)
1  -O                                                                        (1 = 100.0%) {0.0%}
2  O                                                                         (0 = 0.0%) {100.0%}

Histogram: ProtoDB.LoadEntriesSuccess.CouponDatabase recorded 1 samples, mean = 1.0 (flags = 0x41)
0  O                                                                         (0 = 0.0%)
1  -O                                                                        (1 = 100.0%) {0.0%}
2  O                                                                         (0 = 0.0%) {100.0%}

Histogram: ProtoDB.LoadEntriesSuccess.DownloadDB recorded 1 samples, mean = 1.0 (flags = 0x41)
0  O                                                                         (0 = 0.0%)
1  -O                                                                        (1 = 100.0%) {0.0%}
2  O                                                                         (0 = 0.0%) {100.0%}

Histogram: ProtoDB.LoadEntriesSuccess.DownloadService recorded 1 samples, mean = 1.0 (flags = 0x41)
0  O                                                                         (0 = 0.0%)
1  -O                                                                        (1 = 100.0%) {0.0%}
2  O                                                                         (0 = 0.0%) {100.0%}

Histogram: ProtoDB.LoadEntriesSuccess.FeatureEngagementTrackerAvailabilityStore recorded 1 samples, mean = 1.0 (flags = 0x41)
0  O                                                                         (0 = 0.0%)
1  -O                                                                        (1 = 100.0%) {0.0%}
2  O                                                                         (0 = 0.0%) {100.0%}

Histogram: ProtoDB.LoadEntriesSuccess.FeatureEngagementTrackerEventStore recorded 1 samples, mean = 1.0 (flags = 0x41)
0  O                                                                         (0 = 0.0%)
1  -O                                                                        (1 = 100.0%) {0.0%}
2  O                                                                         (0 = 0.0%) {100.0%}

Histogram: ProtoDB.LoadEntriesSuccess.PersistentOriginTrials recorded 1 samples, mean = 1.0 (flags = 0x41)
0  O                                                                         (0 = 0.0%)
1  -O                                                                        (1 = 100.0%) {0.0%}
2  O                                                                         (0 = 0.0%) {100.0%}

Histogram: ProtoDB.LoadEntriesSuccess.SegmentInfoDatabase recorded 1 samples, mean = 1.0 (flags = 0x41)
0  O                                                                         (0 = 0.0%)
1  -O                                                                        (1 = 100.0%) {0.0%}
2  O                                                                         (0 = 0.0%) {100.0%}

Histogram: ProtoDB.LoadEntriesSuccess.SignalStorageConfigDatabase recorded 1 samples, mean = 1.0 (flags = 0x41)
0  O                                                                         (0 = 0.0%)
1  -O                                                                        (1 = 100.0%) {0.0%}
2  O                                                                         (0 = 0.0%) {100.0%}

Histogram: ProtoDB.LoadKeysAndEntriesSuccess.PreviewsHintCacheStore recorded 2 samples, mean = 1.0 (flags = 0x41)
0  O                                                                         (0 = 0.0%)
1  --O                                                                       (2 = 100.0%) {0.0%}
2  O                                                                         (0 = 0.0%) {100.0%}

Histogram: ProtoDB.LoadKeysAndEntriesSuccess.StrikeService recorded 1 samples, mean = 1.0 (flags = 0x41)
0  O                                                                         (0 = 0.0%)
1  -O                                                                        (1 = 100.0%) {0.0%}
2  O                                                                         (0 = 0.0%) {100.0%}

Histogram: ProtoDB.SharedDbInitStatus recorded 53 samples, mean = 11.4 (flags = 0x41)
0   ------------------O                                                       (18 = 34.0%)
1   ... 
11  -----------------O                                                        (17 = 32.1%) {34.0%}
12  ... 
23  -----------------O                                                        (17 = 32.1%) {66.0%}
24  ... 
27  -O                                                                        (1 = 1.9%) {98.1%}
28  ... 

Histogram: ProtoDB.UpdateErrorStatus.CartDatabase recorded 0 samples (flags = 0x41)
0 ... 

Histogram: ProtoDB.UpdateErrorStatus.CouponDatabase recorded 0 samples (flags = 0x41)
0 ... 

Histogram: ProtoDB.UpdateErrorStatus.Default recorded 0 samples (flags = 0x41)
0 ... 

Histogram: ProtoDB.UpdateErrorStatus.FeatureEngagementTrackerAvailabilityStore recorded 0 samples (flags = 0x41)
0 ... 

Histogram: ProtoDB.UpdateErrorStatus.Metadata recorded 0 samples (flags = 0x41)
0 ... 

Histogram: ProtoDB.UpdateErrorStatus.SegmentInfoDatabase recorded 0 samples (flags = 0x41)
0 ... 

Histogram: ProtoDB.UpdateSuccess.CartDatabase recorded 1 samples, mean = 1.0 (flags = 0x41)
0  O                                                                         (0 = 0.0%)
1  -O                                                                        (1 = 100.0%) {0.0%}
2  O                                                                         (0 = 0.0%) {100.0%}

Histogram: ProtoDB.UpdateSuccess.CouponDatabase recorded 1 samples, mean = 1.0 (flags = 0x41)
0  O                                                                         (0 = 0.0%)
1  -O                                                                        (1 = 100.0%) {0.0%}
2  O                                                                         (0 = 0.0%) {100.0%}

Histogram: ProtoDB.UpdateSuccess.Default recorded 5 samples, mean = 1.0 (flags = 0x41)
0  O                                                                         (0 = 0.0%)
1  -----O                                                                    (5 = 100.0%) {0.0%}
2  O                                                                         (0 = 0.0%) {100.0%}

Histogram: ProtoDB.UpdateSuccess.FeatureEngagementTrackerAvailabilityStore recorded 1 samples, mean = 1.0 (flags = 0x41)
0  O                                                                         (0 = 0.0%)
1  -O                                                                        (1 = 100.0%) {0.0%}
2  O                                                                         (0 = 0.0%) {100.0%}

Histogram: ProtoDB.UpdateSuccess.Metadata recorded 1 samples, mean = 1.0 (flags = 0x41)
0  O                                                                         (0 = 0.0%)
1  -O                                                                        (1 = 100.0%) {0.0%}
2  O                                                                         (0 = 0.0%) {100.0%}

Histogram: ProtoDB.UpdateSuccess.SegmentInfoDatabase recorded 11 samples, mean = 1.0 (flags = 0x41)
0  O                                                                         (0 = 0.0%)
1  -----------O                                                              (11 = 100.0%) {0.0%}
2  O                                                                         (0 = 0.0%) {100.0%}

Histogram: Quota.AvailableDiskSpace recorded 7 samples, mean = 50048.0 (flags = 0x41)
0      ... 
47754  -------O                                                                  (7 = 100.0%) {0.0%}
55707  ... 

Histogram: Quota.AvailableDiskSpace2 recorded 2 samples, mean = 50064.0 (flags = 0x41)
0      ... 
47754  --O                                                                       (2 = 100.0%) {0.0%}
55707  ... 

Histogram: Quota.EvictedBucketsPerHour recorded 2 samples, mean = 0.0 (flags = 0x41)
0  --O                                                                       (2 = 100.0%)
1  ... 

Histogram: Quota.EvictionRoundsPerHour recorded 2 samples, mean = 2.0 (flags = 0x41)
0  ... 
2  --O                                                                       (2 = 100.0%) {0.0%}
3  ... 

Histogram: Quota.GlobalTemporaryPoolSize recorded 5 samples, mean = 372380.0 (flags = 0x41)
0       ... 
353788  -----O                                                                    (5 = 100.0%) {0.0%}
412711  ... 

Histogram: Quota.GlobalUsageOfTemporaryStorage recorded 2 samples, mean = 0.0 (flags = 0x41)
0  --O                                                                       (2 = 100.0%)
1  ... 

Histogram: Quota.PercentDiskAvailable recorded 7 samples, mean = 10.0 (flags = 0x41)
0   ... 
10  -------O                                                                  (7 = 100.0%) {0.0%}
11  ... 

Histogram: Quota.PercentDiskAvailable2 recorded 2 samples, mean = 10.0 (flags = 0x41)
0   ... 
10  --O                                                                       (2 = 100.0%) {0.0%}
11  ... 

Histogram: Quota.PercentUsedForTemporaryStorage2 recorded 2 samples, mean = 0.0 (flags = 0x41)
0  --O                                                                       (2 = 100.0%)
1  ... 

Histogram: Quota.SkippedEvictionRoundsPerHour recorded 2 samples, mean = 2.0 (flags = 0x41)
0  ... 
2  --O                                                                       (2 = 100.0%) {0.0%}
3  ... 

Histogram: Quota.StorageKeyNonceCount recorded 2 samples, mean = 0.0 (flags = 0x41)
0  --O                                                                       (2 = 100.0%)
1  ... 

Histogram: Quota.TotalBucketCount recorded 2 samples, mean = 0.0 (flags = 0x41)
0  --O                                                                       (2 = 100.0%)
1  ... 

Histogram: Quota.TotalDiskSpace recorded 7 samples, mean = 465475.0 (flags = 0x41)
0       ... 
412711  -------O                                                                  (7 = 100.0%) {0.0%}
481447  ... 

Histogram: Quota.TotalDiskSpaceIsZero recorded 5 samples, mean = 0.0 (flags = 0x41)
0  -----O                                                                    (5 = 100.0%)
1  ... 

Histogram: ReadingList.Read.Count.OnModelLoaded.AccountStorage recorded 1 samples, mean = 0.0 (flags = 0x41)
0  -O                                                                        (1 = 100.0%)
1  ... 

Histogram: ReadingList.Read.Count.OnModelLoaded.LocalStorage recorded 1 samples, mean = 0.0 (flags = 0x41)
0  -O                                                                        (1 = 100.0%)
1  ... 

Histogram: ReadingList.Unread.Count.OnModelLoaded.AccountStorage recorded 1 samples, mean = 0.0 (flags = 0x41)
0  -O                                                                        (1 = 100.0%)
1  ... 

Histogram: ReadingList.Unread.Count.OnModelLoaded.LocalStorage recorded 1 samples, mean = 0.0 (flags = 0x41)
0  -O                                                                        (1 = 100.0%)
1  ... 

Histogram: Renderer.Core.Timing.Performance.SwapsPerPerformanceEntryInsertion recorded 64 samples, mean = 0.9 (flags = 0x41)
0   --------------------------------------------------O                       (50 = 78.1%)
1   -----O                                                                    (5 = 7.8%) {78.1%}
2   --O                                                                       (2 = 3.1%) {85.9%}
3   -O                                                                        (1 = 1.6%) {89.1%}
4   O                                                                         (0 = 0.0%) {90.6%}
5   ---O                                                                      (3 = 4.7%) {90.6%}
6   O                                                                         (0 = 0.0%) {95.3%}
7   -O                                                                        (1 = 1.6%) {95.3%}
8   O                                                                         (0 = 0.0%) {96.9%}
9   -O                                                                        (1 = 1.6%) {96.9%}
10  ... 
14  -O                                                                        (1 = 1.6%) {98.4%}
16  ... 

Histogram: Renderer.CriticalFonts.BlockingResourcesLoadTime recorded 1 samples, mean = 5523.0 (flags = 0x41)
0     ... 
5017  -O                                                                        (1 = 100.0%) {0.0%}
5961  ... 

Histogram: Renderer.CriticalFonts.CriticalFontDelay recorded 1 samples, mean = 0.0 (flags = 0x41)
0  -O                                                                        (1 = 100.0%)
1  ... 

Histogram: Renderer.CriticalFonts.PreloadedFontsLoadTime recorded 1 samples, mean = 4855.0 (flags = 0x41)
0     ... 
4222  -O                                                                        (1 = 100.0%) {0.0%}
5017  ... 

Histogram: Renderer.Font.PrimaryFont.DomContentLoaded recorded 1 samples, mean = 0.0 (flags = 0x41)
0  -O                                                                        (1 = 100.0%)
1  ... 

Histogram: Renderer.Font.PrimaryFont.DomContentLoaded.Style recorded 1 samples, mean = 0.0 (flags = 0x41)
0  -O                                                                        (1 = 100.0%)
1  ... 

Histogram: Renderer.Font.SystemFallback.DomContentLoaded recorded 1 samples, mean = 0.0 (flags = 0x41)
0  -O                                                                        (1 = 100.0%)
1  ... 

Histogram: Renderer.Layout.TextWrapBalance recorded 9 samples, mean = 0.0 (flags = 0x41)
0  ---------O                                                                (9 = 100.0%)
1  ... 

Histogram: Renderer.ProcessLifetime3 recorded 3 samples, mean = 5917697.5 (flags = 0x41)
0        ... 
1590     -O                                                                        (1 = 33.3%) {0.0%}
1786     ... 
8493517  --O                                                                       (2 = 66.7%) {33.3%}
9538034  ... 

Histogram: Renderer.ProcessLifetime3.Empty recorded 1 samples, mean = 8874843.0 (flags = 0x41)
0        ... 
8493517  -O                                                                        (1 = 100.0%) {0.0%}
9538034  ... 

Histogram: Renderer.ProcessLifetime3.MainFrame recorded 1 samples, mean = 8876536.0 (flags = 0x41)
0        ... 
8493517  -O                                                                        (1 = 100.0%) {0.0%}
9538034  ... 

Histogram: Renderer.ProcessLifetime3.Speculative recorded 1 samples, mean = 1714.0 (flags = 0x41)
0     ... 
1590  -O                                                                        (1 = 100.0%) {0.0%}
1786  ... 

Histogram: Renderer.ReduceSubresourceResponseIPC.DidNotifyBrowser recorded 50 samples, mean = 1.0 (flags = 0x41)
0  O                                                                         (0 = 0.0%)
1  --------------------------------------------------O                       (50 = 100.0%) {0.0%}
2  O                                                                         (0 = 0.0%) {100.0%}

Histogram: Renderer4.GpuRasterizationEnabled recorded 1 samples, mean = 1.0 (flags = 0x41)
0  O                                                                         (0 = 0.0%)
1  -O                                                                        (1 = 100.0%) {0.0%}
2  O                                                                         (0 = 0.0%) {100.0%}

Histogram: RendererScheduler.RendererMainThreadLoad5 recorded 2217 samples, mean = 0.1 (flags = 0x41)
0   ------------------------------------------------------------------------O (2209 = 99.6%)
1   O                                                                         (2 = 0.1%) {99.6%}
2   O                                                                         (1 = 0.0%) {99.7%}
3   O                                                                         (1 = 0.0%) {99.8%}
4   ... 
14  O                                                                         (1 = 0.0%) {99.8%}
15  ... 
36  O                                                                         (1 = 0.0%) {99.9%}
37  O                                                                         (0 = 0.0%) {99.9%}
38  O                                                                         (1 = 0.0%) {99.9%}
39  ... 
53  O                                                                         (1 = 0.0%) {100.0%}
54  ... 

Histogram: RendererScheduler.RendererMainThreadLoad5.Background recorded 1105 samples, mean = 0.0 (flags = 0x41)
0  ------------------------------------------------------------------------O (1104 = 99.9%)
1  O                                                                         (0 = 0.0%) {99.9%}
2  O                                                                         (1 = 0.1%) {99.9%}
3  ... 

Histogram: RendererScheduler.RendererMainThreadLoad5.Background.AfterFifthMinute recorded 805 samples, mean = 0.0 (flags = 0x41)
0  ------------------------------------------------------------------------O (805 = 100.0%)
1  ... 

Histogram: RendererScheduler.RendererMainThreadLoad5.Background.AfterFirstMinute recorded 1045 samples, mean = 0.0 (flags = 0x41)
0  ------------------------------------------------------------------------O (1045 = 100.0%)
1  ... 

Histogram: RendererScheduler.RendererMainThreadLoad5.Background.AfterTenthMinute recorded 505 samples, mean = 0.0 (flags = 0x41)
0  ------------------------------------------------------------------------O (505 = 100.0%)
1  ... 

Histogram: RendererScheduler.RendererMainThreadLoad5.Foreground recorded 4 samples, mean = 9.0 (flags = 0x41)
0   ---O                                                                      (3 = 75.0%)
1   ... 
36  -O                                                                        (1 = 25.0%) {75.0%}
37  ... 

Histogram: RendererScheduler.RendererMainThreadLoad5.Foreground.AfterFirstMinute recorded 1045 samples, mean = 0.0 (flags = 0x41)
0  ------------------------------------------------------------------------O (1045 = 100.0%)
1  ... 

Histogram: ReportingAndNEL.NumberOfLoadedNELPolicies recorded 1 samples, mean = 0.0 (flags = 0x41)
0  -O                                                                        (1 = 100.0%)
1  ... 

Histogram: ReportingAndNEL.NumberOfLoadedNELPolicies2 recorded 1 samples, mean = 0.0 (flags = 0x41)
0  -O                                                                        (1 = 100.0%)
1  ... 

Histogram: ReportingAndNEL.TimeInitializeDB recorded 1 samples, mean = 5.0 (flags = 0x41)
0  ... 
5  -O                                                                        (1 = 100.0%) {0.0%}
6  ... 

Histogram: ResourceScheduler.RequestQueuingDuration.Priority1 recorded 50 samples, mean = 0.0 (flags = 0x41)
0  --------------------------------------------------O                       (50 = 100.0%)
1  ... 

Histogram: ResourceScheduler.RequestQueuingDuration.Priority2 recorded 29 samples, mean = 0.0 (flags = 0x41)
0  -----------------------------O                                            (29 = 100.0%)
1  ... 

Histogram: ResourceScheduler.RequestQueuingDuration.Priority3 recorded 1 samples, mean = 0.0 (flags = 0x41)
0  -O                                                                        (1 = 100.0%)
1  ... 

Histogram: ResourceScheduler.RequestQueuingDuration.Priority4 recorded 12 samples, mean = 0.0 (flags = 0x41)
0  ------------O                                                             (12 = 100.0%)
1  ... 

Histogram: ResourceScheduler.RequestQueuingDuration.Priority5 recorded 13 samples, mean = 0.0 (flags = 0x41)
0  -------------O                                                            (13 = 100.0%)
1  ... 

Histogram: SBClientPhishing.Classifier.Event recorded 2 samples, mean = 1.0 (flags = 0x41)
0  O                                                                         (0 = 0.0%)
1  --O                                                                       (2 = 100.0%) {0.0%}
2  ... 

Histogram: SBClientPhishing.HighConfidenceAllowlistCheckDuration recorded 1 samples, mean = 4.0 (flags = 0x41)
0  ... 
4  -O                                                                        (1 = 100.0%) {0.0%}
5  ... 

Histogram: SBClientPhishing.ImageEmbedder.Event recorded 2 samples, mean = 1.0 (flags = 0x41)
0  O                                                                         (0 = 0.0%)
1  --O                                                                       (2 = 100.0%) {0.0%}
2  ... 

Histogram: SBClientPhishing.LoadReportTimesFromPrefAtServiceCreationSuccessful recorded 1 samples, mean = 1.0 (flags = 0x41)
0  O                                                                         (0 = 0.0%)
1  -O                                                                        (1 = 100.0%) {0.0%}
2  O                                                                         (0 = 0.0%) {100.0%}

Histogram: SBClientPhishing.MatchHighConfidenceAllowlist recorded 1 samples, mean = 3.0 (flags = 0x41)
0  ... 
3  -O                                                                        (1 = 100.0%) {0.0%}
4  O                                                                         (0 = 0.0%) {100.0%}

Histogram: SBClientPhishing.MatchHighConfidenceAllowlist.TriggerModel recorded 1 samples, mean = 3.0 (flags = 0x41)
0  ... 
3  -O                                                                        (1 = 100.0%) {0.0%}
4  O                                                                         (0 = 0.0%) {100.0%}

Histogram: SBClientPhishing.PreClassificationCheckResult recorded 1 samples, mean = 3.0 (flags = 0x41)
0  ... 
3  -O                                                                        (1 = 100.0%) {0.0%}
4  ... 

Histogram: SBIRS.DroppedIncident recorded 1 samples, mean = 1.0 (flags = 0x41)
0  O                                                                         (0 = 0.0%)
1  -O                                                                        (1 = 100.0%) {0.0%}
2  ... 

Histogram: SBIRS.ReceivedIncident recorded 1 samples, mean = 1.0 (flags = 0x41)
0  O                                                                         (0 = 0.0%)
1  -O                                                                        (1 = 100.0%) {0.0%}
2  ... 

Histogram: SSL.Experimental.SubresourceResponse recorded 50 samples, mean = 0.0 (flags = 0x41)
0  --------------------------------------------------O                       (50 = 100.0%)
1  ... 

Histogram: SafeBrowsing.AsyncCheck.CommittedNavigationIdsSize recorded 5 samples, mean = 1.6 (flags = 0x41)
0  -O                                                                        (1 = 20.0%)
1  -O                                                                        (1 = 20.0%) {20.0%}
2  --O                                                                       (2 = 40.0%) {40.0%}
3  -O                                                                        (1 = 20.0%) {80.0%}
4  ... 

Histogram: SafeBrowsing.BrowserThrottle.CheckerOnIOLifetime recorded 1 samples, mean = 1377.0 (flags = 0x41)
0     ... 
1177  -O                                                                        (1 = 100.0%) {0.0%}
1496  ... 

Histogram: SafeBrowsing.BrowserThrottle.IntervalBetweenStartAndProcess recorded 1 samples, mean = 1377.0 (flags = 0x41)
0     ... 
1262  -O                                                                        (1 = 100.0%) {0.0%}
1500  ... 

Histogram: SafeBrowsing.BrowserThrottle.IntervalBetweenStartAndProcess.FromNetwork recorded 1 samples, mean = 1377.0 (flags = 0x41)
0     ... 
1262  -O                                                                        (1 = 100.0%) {0.0%}
1500  ... 

Histogram: SafeBrowsing.BrowserThrottle.IsCheckCompletedOnProcessResponse recorded 1 samples, mean = 1.0 (flags = 0x41)
0  O                                                                         (0 = 0.0%)
1  -O                                                                        (1 = 100.0%) {0.0%}
2  O                                                                         (0 = 0.0%) {100.0%}

Histogram: SafeBrowsing.BrowserThrottle.RequestDestination recorded 1 samples, mean = 3.0 (flags = 0x41)
0  ... 
3  -O                                                                        (1 = 100.0%) {0.0%}
4  ... 

Histogram: SafeBrowsing.BrowserThrottle.RequestDestination.Checked recorded 1 samples, mean = 3.0 (flags = 0x41)
0  ... 
3  -O                                                                        (1 = 100.0%) {0.0%}
4  ... 

Histogram: SafeBrowsing.BrowserThrottle.TotalDelay2.FromNetwork recorded 1 samples, mean = 0.0 (flags = 0x41)
0  -O                                                                        (1 = 100.0%)
1  ... 

Histogram: SafeBrowsing.BrowserThrottle.TotalDelay2.HashPrefixDatabaseCheck recorded 1 samples, mean = 0.0 (flags = 0x41)
0  -O                                                                        (1 = 100.0%)
1  ... 

Histogram: SafeBrowsing.BrowserThrottle.WillProcessResponseCount recorded 1 samples, mean = 1.0 (flags = 0x41)
0  O                                                                         (0 = 0.0%)
1  -O                                                                        (1 = 100.0%) {0.0%}
2  ... 

Histogram: SafeBrowsing.CheckBrowseUrl.HasLocalMatch recorded 1 samples, mean = 1.0 (flags = 0x41)
0  O                                                                         (0 = 0.0%)
1  -O                                                                        (1 = 100.0%) {0.0%}
2  O                                                                         (0 = 0.0%) {100.0%}

Histogram: SafeBrowsing.CheckUrl.Action recorded 1 samples, mean = 0.0 (flags = 0x41)
0  -O                                                                        (1 = 100.0%)
1  ... 

Histogram: SafeBrowsing.CheckUrl.FirstRequestThreatType2 recorded 1 samples, mean = 1.0 (flags = 0x41)
0  O                                                                         (0 = 0.0%)
1  -O                                                                        (1 = 100.0%) {0.0%}
2  ... 

Histogram: SafeBrowsing.CheckUrl.FirstRequestThreatType2.LocalPVer4 recorded 1 samples, mean = 1.0 (flags = 0x41)
0  O                                                                         (0 = 0.0%)
1  -O                                                                        (1 = 100.0%) {0.0%}
2  ... 

Histogram: SafeBrowsing.CheckUrl.FirstRequestTimedOut recorded 1 samples, mean = 0.0 (flags = 0x41)
0  -O                                                                        (1 = 100.0%)
1  ... 

Histogram: SafeBrowsing.CheckUrl.FirstRequestTimedOut.LocalPVer4 recorded 1 samples, mean = 0.0 (flags = 0x41)
0  -O                                                                        (1 = 100.0%)
1  ... 

Histogram: SafeBrowsing.CheckUrl.IsDocumentCheckPrefetch recorded 1 samples, mean = 0.0 (flags = 0x41)
0  -O                                                                        (1 = 100.0%)
1  ... 

Histogram: SafeBrowsing.CheckUrl.TimeTaken.HashDatabase recorded 1 samples, mean = 356.0 (flags = 0x41)
0    ... 
318  -O                                                                        (1 = 100.0%) {0.0%}
378  ... 

Histogram: SafeBrowsing.CheckUrl.Timeout recorded 1 samples, mean = 0.0 (flags = 0x41)
0  -O                                                                        (1 = 100.0%)
1  ... 

Histogram: SafeBrowsing.CheckUrl.UrlScheme recorded 1 samples, mean = 10.0 (flags = 0x41)
0   ... 
10  -O                                                                        (1 = 100.0%) {0.0%}
11  ... 

Histogram: SafeBrowsing.ClientSidePhishingDetection.AllowlistMatchResult recorded 1 samples, mean = 1.0 (flags = 0x41)
0  O                                                                         (0 = 0.0%)
1  -O                                                                        (1 = 100.0%) {0.0%}
2  ... 

Histogram: SafeBrowsing.FileTypeUpdate.ResourceBundleResult recorded 1 samples (flags = 0x41)
1  -O                                                                        (1 = 100.0%)

Histogram: SafeBrowsing.FileTypeUpdate.ResourceBundleVersion recorded 1 samples (flags = 0x41)
66  -O                                                                        (1 = 100.0%)

Histogram: SafeBrowsing.HPRT.Cache.FullHashCount recorded 6 samples, mean = 0.0 (flags = 0x41)
0  ------O                                                                   (6 = 100.0%)
1  ... 

Histogram: SafeBrowsing.HPRT.Cache.HashPrefixCount recorded 6 samples, mean = 0.0 (flags = 0x41)
0  ------O                                                                   (6 = 100.0%)
1  ... 

Histogram: SafeBrowsing.HPRT.Ineligible.FeatureOff recorded 1 samples, mean = 0.0 (flags = 0x41)
0  -O                                                                        (1 = 100.0%)
1  ... 

Histogram: SafeBrowsing.HPRT.Ineligible.IneligibleForLocation recorded 1 samples, mean = 0.0 (flags = 0x41)
0  -O                                                                        (1 = 100.0%)
1  ... 

Histogram: SafeBrowsing.HPRT.Ineligible.IneligibleForSessionOrLocation recorded 1 samples, mean = 1.0 (flags = 0x41)
0  O                                                                         (0 = 0.0%)
1  -O                                                                        (1 = 100.0%) {0.0%}
2  O                                                                         (0 = 0.0%) {100.0%}

Histogram: SafeBrowsing.HPRT.Ineligible.NoGoogleChromeBranding recorded 1 samples, mean = 1.0 (flags = 0x41)
0  O                                                                         (0 = 0.0%)
1  -O                                                                        (1 = 100.0%) {0.0%}
2  O                                                                         (0 = 0.0%) {100.0%}

Histogram: SafeBrowsing.HPRT.Ineligible.NotAllowedByPolicy recorded 1 samples, mean = 0.0 (flags = 0x41)
0  -O                                                                        (1 = 100.0%)
1  ... 

Histogram: SafeBrowsing.HPRT.Ineligible.NotStandardProtection recorded 1 samples, mean = 0.0 (flags = 0x41)
0  -O                                                                        (1 = 100.0%)
1  ... 

Histogram: SafeBrowsing.HPRT.Ineligible.OffTheRecord recorded 1 samples, mean = 0.0 (flags = 0x41)
0  -O                                                                        (1 = 100.0%)
1  ... 

Histogram: SafeBrowsing.HasCookieAtStartup2 recorded 1 samples, mean = 0.0 (flags = 0x41)
0  -O                                                                        (1 = 100.0%)
1  ... 

Histogram: SafeBrowsing.PageLoadToken.TokenCount recorded 6 samples, mean = 0.0 (flags = 0x41)
0  ------O                                                                   (6 = 100.0%)
1  ... 

Histogram: SafeBrowsing.Pref.Enhanced recorded 1 samples, mean = 0.0 (flags = 0x41)
0  -O                                                                        (1 = 100.0%)
1  ... 

Histogram: SafeBrowsing.Pref.Enhanced.RegularProfile recorded 1 samples, mean = 0.0 (flags = 0x41)
0  -O                                                                        (1 = 100.0%)
1  ... 

Histogram: SafeBrowsing.Pref.Extended recorded 1 samples, mean = 0.0 (flags = 0x41)
0  -O                                                                        (1 = 100.0%)
1  ... 

Histogram: SafeBrowsing.Pref.General recorded 1 samples, mean = 1.0 (flags = 0x41)
0  O                                                                         (0 = 0.0%)
1  -O                                                                        (1 = 100.0%) {0.0%}
2  O                                                                         (0 = 0.0%) {100.0%}

Histogram: SafeBrowsing.RT.CacheManager.CleanUpTime recorded 6 samples, mean = 0.0 (flags = 0x41)
0  ------O                                                                   (6 = 100.0%)
1  ... 

Histogram: SafeBrowsing.RT.CanCheckDatabase recorded 1 samples, mean = 1.0 (flags = 0x41)
0  O                                                                         (0 = 0.0%)
1  -O                                                                        (1 = 100.0%) {0.0%}
2  O                                                                         (0 = 0.0%) {100.0%}

Histogram: SafeBrowsing.RT.ConsumerVersionReason recorded 2 samples, mean = 1.0 (flags = 0x41)
0  -O                                                                        (1 = 50.0%)
1  O                                                                         (0 = 0.0%) {50.0%}
2  -O                                                                        (1 = 50.0%) {50.0%}
3  ... 

Histogram: SafeBrowsing.RendererThrottle.IsCheckCompletedOnProcessResponse recorded 50 samples, mean = 1.0 (flags = 0x41)
0  O                                                                         (0 = 0.0%)
1  --------------------------------------------------O                       (50 = 100.0%) {0.0%}
2  O                                                                         (0 = 0.0%) {100.0%}

Histogram: SafeBrowsing.RendererThrottle.RequestDestination recorded 54 samples, mean = 9.6 (flags = 0x41)
0   ------------O                                                             (12 = 22.2%)
1   ... 
5   -----O                                                                    (5 = 9.3%) {22.2%}
6   ... 
8   -O                                                                        (1 = 1.9%) {31.5%}
9   -O                                                                        (1 = 1.9%) {33.3%}
10  ... 
13  ---------------------------O                                              (27 = 50.0%) {35.2%}
14  ... 
16  --------O                                                                 (8 = 14.8%) {85.2%}
17  ... 

Histogram: SafeBrowsing.V4Database.Size recorded 1 samples, mean = 0.0 (flags = 0x41)
0  -O                                                                        (1 = 100.0%)
1  ... 

Histogram: SafeBrowsing.V4Database.Size.ChromeExtMalware recorded 1 samples, mean = 0.0 (flags = 0x41)
0  -O                                                                        (1 = 100.0%)
1  ... 

Histogram: SafeBrowsing.V4Database.Size.UrlBilling recorded 1 samples, mean = 0.0 (flags = 0x41)
0  -O                                                                        (1 = 100.0%)
1  ... 

Histogram: SafeBrowsing.V4Database.Size.UrlCsdDownloadAllowlist recorded 1 samples, mean = 0.0 (flags = 0x41)
0  -O                                                                        (1 = 100.0%)
1  ... 

Histogram: SafeBrowsing.V4Database.Size.UrlMalBin recorded 1 samples, mean = 0.0 (flags = 0x41)
0  -O                                                                        (1 = 100.0%)
1  ... 

Histogram: SafeBrowsing.V4Database.Size.UrlMalware recorded 1 samples, mean = 0.0 (flags = 0x41)
0  -O                                                                        (1 = 100.0%)
1  ... 

Histogram: SafeBrowsing.V4Database.Size.UrlSoceng recorded 1 samples, mean = 0.0 (flags = 0x41)
0  -O                                                                        (1 = 100.0%)
1  ... 

Histogram: SafeBrowsing.V4Database.Size.UrlUws recorded 1 samples, mean = 0.0 (flags = 0x41)
0  -O                                                                        (1 = 100.0%)
1  ... 

Histogram: SafeBrowsing.V4Database.SizeLinear recorded 1 samples, mean = 0.0 (flags = 0x41)
0  -O                                                                        (1 = 100.0%)
1  ... 

Histogram: SafeBrowsing.V4Database.SizeLinear.ChromeExtMalware recorded 1 samples, mean = 0.0 (flags = 0x41)
0  -O                                                                        (1 = 100.0%)
1  ... 

Histogram: SafeBrowsing.V4Database.SizeLinear.UrlMalBin recorded 1 samples, mean = 0.0 (flags = 0x41)
0  -O                                                                        (1 = 100.0%)
1  ... 

Histogram: SafeBrowsing.V4Database.SizeLinear.UrlSoceng recorded 1 samples, mean = 0.0 (flags = 0x41)
0  -O                                                                        (1 = 100.0%)
1  ... 

Histogram: SafeBrowsing.V4DatabaseInitializationTime recorded 1 samples, mean = 3274.0 (flags = 0x41)
0     ... 
2990  -O                                                                        (1 = 100.0%) {0.0%}
3553  ... 

Histogram: SafeBrowsing.V4Store.IsStoreValid recorded 7 samples, mean = 0.0 (flags = 0x41)
0  -------O                                                                  (7 = 100.0%)
1  ... 

Histogram: SafeBrowsing.V4Store.IsStoreValid.ChromeExtMalware recorded 1 samples, mean = 0.0 (flags = 0x41)
0  -O                                                                        (1 = 100.0%)
1  ... 

Histogram: SafeBrowsing.V4Store.IsStoreValid.UrlBilling recorded 1 samples, mean = 0.0 (flags = 0x41)
0  -O                                                                        (1 = 100.0%)
1  ... 

Histogram: SafeBrowsing.V4Store.IsStoreValid.UrlCsdDownloadAllowlist recorded 1 samples, mean = 0.0 (flags = 0x41)
0  -O                                                                        (1 = 100.0%)
1  ... 

Histogram: SafeBrowsing.V4Store.IsStoreValid.UrlMalBin recorded 1 samples, mean = 0.0 (flags = 0x41)
0  -O                                                                        (1 = 100.0%)
1  ... 

Histogram: SafeBrowsing.V4Store.IsStoreValid.UrlMalware recorded 1 samples, mean = 0.0 (flags = 0x41)
0  -O                                                                        (1 = 100.0%)
1  ... 

Histogram: SafeBrowsing.V4Store.IsStoreValid.UrlSoceng recorded 1 samples, mean = 0.0 (flags = 0x41)
0  -O                                                                        (1 = 100.0%)
1  ... 

Histogram: SafeBrowsing.V4Store.IsStoreValid.UrlUws recorded 1 samples, mean = 0.0 (flags = 0x41)
0  -O                                                                        (1 = 100.0%)
1  ... 

Histogram: SafeBrowsing.V4Store.ReadyOnStartup recorded 7 samples, mean = 0.0 (flags = 0x41)
0  -------O                                                                  (7 = 100.0%)
1  ... 

Histogram: SafeBrowsing.V4StoreRead.Result recorded 7 samples, mean = 2.0 (flags = 0x41)
0  ... 
2  -------O                                                                  (7 = 100.0%) {0.0%}
3  ... 

Histogram: Scheduling.MessagePumpTimeKeeper.BrowserIO recorded 0 samples (flags = 0x41)
0 ... 

Histogram: Scheduling.MessagePumpTimeKeeper.BrowserUI recorded 0 samples (flags = 0x41)
0 ... 

Histogram: Scheduling.ThreadController.ActiveIntervalDuration.Any.BrowserUI recorded 42 samples, mean = 0.0 (flags = 0x41)
0  ------------------------------------------O                               (42 = 100.0%)
1  ... 

Histogram: Scheduling.ThreadController.ActiveIntervalDuration.Any.Other recorded 83 samples, mean = 0.0 (flags = 0x41)
0  ------------------------------------------------------------------------O (83 = 100.0%)
1  ... 

Histogram: Scheduling.ThreadController.ActiveIntervalDuration.Short.BrowserUI recorded 42 samples, mean = 1.5 (flags = 0x41)
0   --------------O                                                           (14 = 33.3%)
1   ----------------O                                                         (16 = 38.1%) {33.3%}
2   ----O                                                                     (4 = 9.5%) {71.4%}
3   ----O                                                                     (4 = 9.5%) {81.0%}
4   --O                                                                       (2 = 4.8%) {90.5%}
5   -O                                                                        (1 = 2.4%) {95.2%}
6   ... 
15  -O                                                                        (1 = 2.4%) {97.6%}
16  ... 

Histogram: Scheduling.ThreadController.ActiveIntervalDuration.Short.Other recorded 83 samples, mean = 114.7 (flags = 0x41)
0    ... 
5    -O                                                                        (1 = 1.2%) {0.0%}
6    O                                                                         (0 = 0.0%) {1.2%}
7    -------O                                                                  (7 = 8.4%) {1.2%}
8    ----------O                                                               (10 = 12.0%) {9.6%}
9    -------O                                                                  (7 = 8.4%) {21.7%}
10   --O                                                                       (2 = 2.4%) {30.1%}
11   O                                                                         (0 = 0.0%) {32.5%}
12   -O                                                                        (1 = 1.2%) {32.5%}
13   O                                                                         (0 = 0.0%) {33.7%}
14   --O                                                                       (2 = 2.4%) {33.7%}
15   -O                                                                        (1 = 1.2%) {36.1%}
16   -O                                                                        (1 = 1.2%) {37.3%}
17   ... 
19   -O                                                                        (1 = 1.2%) {38.6%}
20   -O                                                                        (1 = 1.2%) {39.8%}
21   ... 
23   --O                                                                       (2 = 2.4%) {41.0%}
24   -O                                                                        (1 = 1.2%) {43.4%}
25   -O                                                                        (1 = 1.2%) {44.6%}
26   O                                                                         (0 = 0.0%) {45.8%}
27   -O                                                                        (1 = 1.2%) {45.8%}
28   -O                                                                        (1 = 1.2%) {47.0%}
29   ... 
33   -O                                                                        (1 = 1.2%) {48.2%}
35   -O                                                                        (1 = 1.2%) {49.4%}
37   O                                                                         (0 = 0.0%) {50.6%}
39   ----O                                                                     (4 = 4.8%) {50.6%}
41   -O                                                                        (1 = 1.2%) {55.4%}
43   -O                                                                        (1 = 1.2%) {56.6%}
45   --O                                                                       (2 = 2.4%) {57.8%}
47   -O                                                                        (1 = 1.2%) {60.2%}
49   -O                                                                        (1 = 1.2%) {61.4%}
52   ... 
67   -O                                                                        (1 = 1.2%) {62.7%}
70   -O                                                                        (1 = 1.2%) {63.9%}
74   O                                                                         (0 = 0.0%) {65.1%}
78   ---O                                                                      (3 = 3.6%) {65.1%}
82   ... 
100  -O                                                                        (1 = 1.2%) {68.7%}
105  -O                                                                        (1 = 1.2%) {69.9%}
110  -O                                                                        (1 = 1.2%) {71.1%}
116  O                                                                         (0 = 0.0%) {72.3%}
122  ---O                                                                      (3 = 3.6%) {72.3%}
128  O                                                                         (0 = 0.0%) {75.9%}
135  -O                                                                        (1 = 1.2%) {75.9%}
142  ... 
157  --O                                                                       (2 = 2.4%) {77.1%}
165  -O                                                                        (1 = 1.2%) {79.5%}
173  -O                                                                        (1 = 1.2%) {80.7%}
182  O                                                                         (0 = 0.0%) {81.9%}
191  -O                                                                        (1 = 1.2%) {81.9%}
201  O                                                                         (0 = 0.0%) {83.1%}
211  -O                                                                        (1 = 1.2%) {83.1%}
222  O                                                                         (0 = 0.0%) {84.3%}
233  -O                                                                        (1 = 1.2%) {84.3%}
245  O                                                                         (0 = 0.0%) {85.5%}
258  -O                                                                        (1 = 1.2%) {85.5%}
271  O                                                                         (0 = 0.0%) {86.7%}
285  -O                                                                        (1 = 1.2%) {86.7%}
300  -O                                                                        (1 = 1.2%) {88.0%}
315  O                                                                         (0 = 0.0%) {89.2%}
331  -O                                                                        (1 = 1.2%) {89.2%}
348  --O                                                                       (2 = 2.4%) {90.4%}
366  ... 
448  --O                                                                       (2 = 2.4%) {92.8%}
471  ... 
547  -O                                                                        (1 = 1.2%) {95.2%}
575  ... 
777  -O                                                                        (1 = 1.2%) {96.4%}
817  ... 
904  --O                                                                       (2 = 2.4%) {97.6%}
951  ... 

Histogram: Scheduling.ThreadController.ActiveIntervalOffCpuDuration.Any.BrowserUI recorded 42 samples, mean = 0.0 (flags = 0x41)
0  ------------------------------------------O                               (42 = 100.0%)
1  ... 

Histogram: Scheduling.ThreadController.ActiveIntervalOffCpuDuration.Any.Other recorded 83 samples, mean = 0.0 (flags = 0x41)
0  ------------------------------------------------------------------------O (83 = 100.0%)
1  ... 

Histogram: Scheduling.ThreadController.ActiveIntervalOffCpuDuration.Short.BrowserUI recorded 42 samples, mean = 0.9 (flags = 0x41)
0  ---------------------O                                                    (21 = 50.0%)
1  ---------------O                                                          (15 = 35.7%) {50.0%}
2  --O                                                                       (2 = 4.8%) {85.7%}
3  ---O                                                                      (3 = 7.1%) {90.5%}
4  ... 
8  -O                                                                        (1 = 2.4%) {97.6%}
9  ... 

Histogram: Scheduling.ThreadController.ActiveIntervalOffCpuDuration.Short.Other recorded 83 samples, mean = 27.7 (flags = 0x41)
0    ----O                                                                     (4 = 4.8%)
1    -----------------------------O                                            (29 = 34.9%) {4.8%}
2    -----------------O                                                        (17 = 20.5%) {39.8%}
3    ------O                                                                   (6 = 7.2%) {60.2%}
4    -O                                                                        (1 = 1.2%) {67.5%}
5    -O                                                                        (1 = 1.2%) {68.7%}
6    --O                                                                       (2 = 2.4%) {69.9%}
7    -O                                                                        (1 = 1.2%) {72.3%}
8    -O                                                                        (1 = 1.2%) {73.5%}
9    ... 
11   -O                                                                        (1 = 1.2%) {74.7%}
12   O                                                                         (0 = 0.0%) {75.9%}
13   -O                                                                        (1 = 1.2%) {75.9%}
14   ... 
17   -O                                                                        (1 = 1.2%) {77.1%}
18   ... 
20   -O                                                                        (1 = 1.2%) {78.3%}
21   -O                                                                        (1 = 1.2%) {79.5%}
22   ... 
24   -O                                                                        (1 = 1.2%) {80.7%}
25   ... 
31   -O                                                                        (1 = 1.2%) {81.9%}
33   -O                                                                        (1 = 1.2%) {83.1%}
35   -O                                                                        (1 = 1.2%) {84.3%}
37   ... 
55   -O                                                                        (1 = 1.2%) {85.5%}
58   ... 
70   --O                                                                       (2 = 2.4%) {86.7%}
74   ... 
100  -O                                                                        (1 = 1.2%) {89.2%}
105  O                                                                         (0 = 0.0%) {90.4%}
110  -O                                                                        (1 = 1.2%) {90.4%}
116  O                                                                         (0 = 0.0%) {91.6%}
122  -O                                                                        (1 = 1.2%) {91.6%}
128  ... 
142  --O                                                                       (2 = 2.4%) {92.8%}
149  ... 
182  -O                                                                        (1 = 1.2%) {95.2%}
191  ... 
233  -O                                                                        (1 = 1.2%) {96.4%}
245  O                                                                         (0 = 0.0%) {97.6%}
258  -O                                                                        (1 = 1.2%) {97.6%}
271  ... 
448  -O                                                                        (1 = 1.2%) {98.8%}
471  ... 

Histogram: Scheduling.ThreadController.ActiveIntervalOnCpuDuration.Any.BrowserUI recorded 42 samples, mean = 0.0 (flags = 0x41)
0  ------------------------------------------O                               (42 = 100.0%)
1  ... 

Histogram: Scheduling.ThreadController.ActiveIntervalOnCpuDuration.Any.Other recorded 83 samples, mean = 0.0 (flags = 0x41)
0  ------------------------------------------------------------------------O (83 = 100.0%)
1  ... 

Histogram: Scheduling.ThreadController.ActiveIntervalOnCpuDuration.Short.BrowserUI recorded 42 samples, mean = 0.7 (flags = 0x41)
0  --------------------------O                                               (26 = 61.9%)
1  ----------O                                                               (10 = 23.8%) {61.9%}
2  ----O                                                                     (4 = 9.5%) {85.7%}
3  -O                                                                        (1 = 2.4%) {95.2%}
4  ... 
7  -O                                                                        (1 = 2.4%) {97.6%}
8  ... 

Histogram: Scheduling.ThreadController.ActiveIntervalOnCpuDuration.Short.Other recorded 83 samples, mean = 87.0 (flags = 0x41)
0    --O                                                                       (2 = 2.4%)
1    ... 
4    -O                                                                        (1 = 1.2%) {2.4%}
5    O                                                                         (0 = 0.0%) {3.6%}
6    -------------O                                                            (13 = 15.7%) {3.6%}
7    -----O                                                                    (5 = 6.0%) {19.3%}
8    --------O                                                                 (8 = 9.6%) {25.3%}
9    ---O                                                                      (3 = 3.6%) {34.9%}
10   -O                                                                        (1 = 1.2%) {38.6%}
11   O                                                                         (0 = 0.0%) {39.8%}
12   -O                                                                        (1 = 1.2%) {39.8%}
13   -O                                                                        (1 = 1.2%) {41.0%}
14   ... 
18   --O                                                                       (2 = 2.4%) {42.2%}
19   O                                                                         (0 = 0.0%) {44.6%}
20   -O                                                                        (1 = 1.2%) {44.6%}
21   -O                                                                        (1 = 1.2%) {45.8%}
22   --O                                                                       (2 = 2.4%) {47.0%}
23   -O                                                                        (1 = 1.2%) {49.4%}
24   O                                                                         (0 = 0.0%) {50.6%}
25   --O                                                                       (2 = 2.4%) {50.6%}
26   O                                                                         (0 = 0.0%) {53.0%}
27   -O                                                                        (1 = 1.2%) {53.0%}
28   ... 
33   -O                                                                        (1 = 1.2%) {54.2%}
35   O                                                                         (0 = 0.0%) {55.4%}
37   --O                                                                       (2 = 2.4%) {55.4%}
39   --O                                                                       (2 = 2.4%) {57.8%}
41   -O                                                                        (1 = 1.2%) {60.2%}
43   -O                                                                        (1 = 1.2%) {61.4%}
45   -O                                                                        (1 = 1.2%) {62.7%}
47   -O                                                                        (1 = 1.2%) {63.9%}
49   ... 
64   -O                                                                        (1 = 1.2%) {65.1%}
67   --O                                                                       (2 = 2.4%) {66.3%}
70   O                                                                         (0 = 0.0%) {68.7%}
74   --O                                                                       (2 = 2.4%) {68.7%}
78   -O                                                                        (1 = 1.2%) {71.1%}
82   O                                                                         (0 = 0.0%) {72.3%}
86   --O                                                                       (2 = 2.4%) {72.3%}
90   O                                                                         (0 = 0.0%) {74.7%}
95   --O                                                                       (2 = 2.4%) {74.7%}
100  O                                                                         (0 = 0.0%) {77.1%}
105  -O                                                                        (1 = 1.2%) {77.1%}
110  O                                                                         (0 = 0.0%) {78.3%}
116  --O                                                                       (2 = 2.4%) {78.3%}
122  --O                                                                       (2 = 2.4%) {80.7%}
128  -O                                                                        (1 = 1.2%) {83.1%}
135  -O                                                                        (1 = 1.2%) {84.3%}
142  ... 
165  --O                                                                       (2 = 2.4%) {85.5%}
173  ... 
191  -O                                                                        (1 = 1.2%) {88.0%}
201  ... 
222  -O                                                                        (1 = 1.2%) {89.2%}
233  O                                                                         (0 = 0.0%) {90.4%}
245  -O                                                                        (1 = 1.2%) {90.4%}
258  O                                                                         (0 = 0.0%) {91.6%}
271  -O                                                                        (1 = 1.2%) {91.6%}
285  O                                                                         (0 = 0.0%) {92.8%}
300  -O                                                                        (1 = 1.2%) {92.8%}
315  -O                                                                        (1 = 1.2%) {94.0%}
331  ... 
471  -O                                                                        (1 = 1.2%) {95.2%}
495  ... 
636  -O                                                                        (1 = 1.2%) {96.4%}
669  ... 
777  -O                                                                        (1 = 1.2%) {97.6%}
817  O                                                                         (0 = 0.0%) {98.8%}
859  -O                                                                        (1 = 1.2%) {98.8%}
904  ... 

Histogram: Scheduling.ThreadController.ActiveIntervalOnCpuPercentage.Any.BrowserUI recorded 42 samples, mean = 60.8 (flags = 0x41)
0    ------------O                                                             (12 = 28.6%)
1    ... 
25   --O                                                                       (2 = 4.8%) {28.6%}
26   ... 
46   -O                                                                        (1 = 2.4%) {33.3%}
47   ... 
50   --O                                                                       (2 = 4.8%) {35.7%}
51   ... 
60   -O                                                                        (1 = 2.4%) {40.5%}
61   ... 
66   ---O                                                                      (3 = 7.1%) {42.9%}
67   ... 
100  ---------------------O                                                    (21 = 50.0%) {50.0%}
101  O                                                                         (0 = 0.0%) {100.0%}

Histogram: Scheduling.ThreadController.ActiveIntervalOnCpuPercentage.Any.Other recorded 83 samples, mean = 81.7 (flags = 0x41)
0    --O                                                                       (2 = 2.4%)
1    ... 
27   -O                                                                        (1 = 1.2%) {2.4%}
28   ... 
31   -O                                                                        (1 = 1.2%) {3.6%}
32   ... 
35   -O                                                                        (1 = 1.2%) {4.8%}
36   ... 
39   -O                                                                        (1 = 1.2%) {6.0%}
40   ... 
46   -O                                                                        (1 = 1.2%) {7.2%}
47   ... 
50   -O                                                                        (1 = 1.2%) {8.4%}
51   ... 
57   -O                                                                        (1 = 1.2%) {9.6%}
58   ... 
60   -O                                                                        (1 = 1.2%) {10.8%}
61   ... 
65   -O                                                                        (1 = 1.2%) {12.0%}
66   -O                                                                        (1 = 1.2%) {13.3%}
67   O                                                                         (0 = 0.0%) {14.5%}
68   -O                                                                        (1 = 1.2%) {14.5%}
69   O                                                                         (0 = 0.0%) {15.7%}
70   -O                                                                        (1 = 1.2%) {15.7%}
71   ... 
75   -------O                                                                  (7 = 8.4%) {16.9%}
76   O                                                                         (0 = 0.0%) {25.3%}
77   --O                                                                       (2 = 2.4%) {25.3%}
78   ... 
80   --O                                                                       (2 = 2.4%) {27.7%}
81   -O                                                                        (1 = 1.2%) {30.1%}
82   O                                                                         (0 = 0.0%) {31.3%}
83   -O                                                                        (1 = 1.2%) {31.3%}
84   --O                                                                       (2 = 2.4%) {32.5%}
85   --------O                                                                 (8 = 9.6%) {34.9%}
86   -O                                                                        (1 = 1.2%) {44.6%}
87   ---O                                                                      (3 = 3.6%) {45.8%}
88   ------O                                                                   (6 = 7.2%) {49.4%}
89   --O                                                                       (2 = 2.4%) {56.6%}
90   --O                                                                       (2 = 2.4%) {59.0%}
91   --O                                                                       (2 = 2.4%) {61.4%}
92   ----O                                                                     (4 = 4.8%) {63.9%}
93   O                                                                         (0 = 0.0%) {68.7%}
94   ---O                                                                      (3 = 3.6%) {68.7%}
95   O                                                                         (0 = 0.0%) {72.3%}
96   ----O                                                                     (4 = 4.8%) {72.3%}
97   ---------O                                                                (9 = 10.8%) {77.1%}
98   ----O                                                                     (4 = 4.8%) {88.0%}
99   --O                                                                       (2 = 2.4%) {92.8%}
100  ----O                                                                     (4 = 4.8%) {95.2%}
101  O                                                                         (0 = 0.0%) {100.0%}

Histogram: Scheduling.ThreadController.ActiveIntervalOnCpuPercentage.Short.BrowserUI recorded 42 samples, mean = 60.8 (flags = 0x41)
0    ------------O                                                             (12 = 28.6%)
1    ... 
25   --O                                                                       (2 = 4.8%) {28.6%}
26   ... 
46   -O                                                                        (1 = 2.4%) {33.3%}
47   ... 
50   --O                                                                       (2 = 4.8%) {35.7%}
51   ... 
60   -O                                                                        (1 = 2.4%) {40.5%}
61   ... 
66   ---O                                                                      (3 = 7.1%) {42.9%}
67   ... 
100  ---------------------O                                                    (21 = 50.0%) {50.0%}
101  O                                                                         (0 = 0.0%) {100.0%}

Histogram: Scheduling.ThreadController.ActiveIntervalOnCpuPercentage.Short.Other recorded 83 samples, mean = 81.7 (flags = 0x41)
0    --O                                                                       (2 = 2.4%)
1    ... 
27   -O                                                                        (1 = 1.2%) {2.4%}
28   ... 
31   -O                                                                        (1 = 1.2%) {3.6%}
32   ... 
35   -O                                                                        (1 = 1.2%) {4.8%}
36   ... 
39   -O                                                                        (1 = 1.2%) {6.0%}
40   ... 
46   -O                                                                        (1 = 1.2%) {7.2%}
47   ... 
50   -O                                                                        (1 = 1.2%) {8.4%}
51   ... 
57   -O                                                                        (1 = 1.2%) {9.6%}
58   ... 
60   -O                                                                        (1 = 1.2%) {10.8%}
61   ... 
65   -O                                                                        (1 = 1.2%) {12.0%}
66   -O                                                                        (1 = 1.2%) {13.3%}
67   O                                                                         (0 = 0.0%) {14.5%}
68   -O                                                                        (1 = 1.2%) {14.5%}
69   O                                                                         (0 = 0.0%) {15.7%}
70   -O                                                                        (1 = 1.2%) {15.7%}
71   ... 
75   -------O                                                                  (7 = 8.4%) {16.9%}
76   O                                                                         (0 = 0.0%) {25.3%}
77   --O                                                                       (2 = 2.4%) {25.3%}
78   ... 
80   --O                                                                       (2 = 2.4%) {27.7%}
81   -O                                                                        (1 = 1.2%) {30.1%}
82   O                                                                         (0 = 0.0%) {31.3%}
83   -O                                                                        (1 = 1.2%) {31.3%}
84   --O                                                                       (2 = 2.4%) {32.5%}
85   --------O                                                                 (8 = 9.6%) {34.9%}
86   -O                                                                        (1 = 1.2%) {44.6%}
87   ---O                                                                      (3 = 3.6%) {45.8%}
88   ------O                                                                   (6 = 7.2%) {49.4%}
89   --O                                                                       (2 = 2.4%) {56.6%}
90   --O                                                                       (2 = 2.4%) {59.0%}
91   --O                                                                       (2 = 2.4%) {61.4%}
92   ----O                                                                     (4 = 4.8%) {63.9%}
93   O                                                                         (0 = 0.0%) {68.7%}
94   ---O                                                                      (3 = 3.6%) {68.7%}
95   O                                                                         (0 = 0.0%) {72.3%}
96   ----O                                                                     (4 = 4.8%) {72.3%}
97   ---------O                                                                (9 = 10.8%) {77.1%}
98   ----O                                                                     (4 = 4.8%) {88.0%}
99   --O                                                                       (2 = 2.4%) {92.8%}
100  ----O                                                                     (4 = 4.8%) {95.2%}
101  O                                                                         (0 = 0.0%) {100.0%}

Histogram: Scheduling.ThreadController.IdleDuration.Any.BrowserUI recorded 42 samples, mean = 0.0 (flags = 0x41)
0  ------------------------------------------O                               (42 = 100.0%)
1  ... 

Histogram: Scheduling.ThreadController.IdleDuration.Any.Other recorded 50 samples, mean = 3662.6 (flags = 0x41)
0      ------------------O                                                       (18 = 36.0%)
1      O                                                                         (0 = 0.0%) {36.0%}
2      -O                                                                        (1 = 2.0%) {36.0%}
3      ... 
6      --O                                                                       (2 = 4.0%) {38.0%}
7      -O                                                                        (1 = 2.0%) {42.0%}
8      ... 
29     -O                                                                        (1 = 2.0%) {44.0%}
34     O                                                                         (0 = 0.0%) {46.0%}
40     -O                                                                        (1 = 2.0%) {46.0%}
48     ... 
81     -O                                                                        (1 = 2.0%) {48.0%}
96     ---O                                                                      (3 = 6.0%) {50.0%}
114    O                                                                         (0 = 0.0%) {56.0%}
135    -O                                                                        (1 = 2.0%) {56.0%}
160    ... 
226    -O                                                                        (1 = 2.0%) {58.0%}
268    -O                                                                        (1 = 2.0%) {60.0%}
318    ... 
449    --O                                                                       (2 = 4.0%) {62.0%}
533    -O                                                                        (1 = 2.0%) {66.0%}
633    ... 
894    ----O                                                                     (4 = 8.0%) {68.0%}
1062   O                                                                         (0 = 0.0%) {76.0%}
1262   -O                                                                        (1 = 2.0%) {76.0%}
1500   -O                                                                        (1 = 2.0%) {78.0%}
1782   ... 
3553   -------O                                                                  (7 = 14.0%) {80.0%}
4222   ... 
10000  ---O                                                                      (3 = 6.0%) {94.0%}

Histogram: Scheduling.ThreadController.IdleDuration.Medium.Other recorded 7 samples, mean = 26.9 (flags = 0x41)
0   ... 
2   -O                                                                        (1 = 14.3%) {0.0%}
3   ... 
6   --O                                                                       (2 = 28.6%) {14.3%}
7   -O                                                                        (1 = 14.3%) {42.9%}
8   ... 
30  -O                                                                        (1 = 14.3%) {57.1%}
31  ... 
45  -O                                                                        (1 = 14.3%) {71.4%}
46  ... 
92  -O                                                                        (1 = 14.3%) {85.7%}
93  ... 

Histogram: Scheduling.ThreadController.IdleDuration.Short.BrowserUI recorded 42 samples, mean = 7.9 (flags = 0x41)
0    ... 
3    ------------------O                                                       (18 = 42.9%) {0.0%}
4    -----------O                                                              (11 = 26.2%) {42.9%}
5    ---O                                                                      (3 = 7.1%) {69.0%}
6    ... 
8    --O                                                                       (2 = 4.8%) {76.2%}
9    ---O                                                                      (3 = 7.1%) {81.0%}
10   -O                                                                        (1 = 2.4%) {88.1%}
11   ... 
14   --O                                                                       (2 = 4.8%) {90.5%}
15   ... 
20   -O                                                                        (1 = 2.4%) {95.2%}
21   ... 
116  -O                                                                        (1 = 2.4%) {97.6%}
122  ... 

Histogram: Scheduling.ThreadController.IdleDuration.Short.Other recorded 18 samples, mean = 116.9 (flags = 0x41)
0    ... 
14   -O                                                                        (1 = 5.6%) {0.0%}
15   ... 
17   -O                                                                        (1 = 5.6%) {5.6%}
18   ... 
25   -O                                                                        (1 = 5.6%) {11.1%}
26   O                                                                         (0 = 0.0%) {16.7%}
27   -O                                                                        (1 = 5.6%) {16.7%}
28   -O                                                                        (1 = 5.6%) {22.2%}
29   ... 
35   --O                                                                       (2 = 11.1%) {27.8%}
37   -O                                                                        (1 = 5.6%) {38.9%}
39   ... 
55   -O                                                                        (1 = 5.6%) {44.4%}
58   ... 
70   -O                                                                        (1 = 5.6%) {50.0%}
74   ... 
95   ---O                                                                      (3 = 16.7%) {55.6%}
100  ... 
116  -O                                                                        (1 = 5.6%) {72.2%}
122  ... 
165  -O                                                                        (1 = 5.6%) {77.8%}
173  ... 
300  -O                                                                        (1 = 5.6%) {83.3%}
315  O                                                                         (0 = 0.0%) {88.9%}
331  -O                                                                        (1 = 5.6%) {88.9%}
348  ... 
547  -O                                                                        (1 = 5.6%) {94.4%}
575  ... 

Histogram: ScreenLocker.Locked.Duration recorded 3 samples, mean = 350625.7 (flags = 0x41)
0       ... 
94106   -O                                                                        (1 = 33.3%) {0.0%}
127499  ... 
234039  -O                                                                        (1 = 33.3%) {33.3%}
317087  ... 
582049  -O                                                                        (1 = 33.3%) {66.7%}
788588  ... 

Histogram: ScreenLocker.Unlocked.Duration recorded 2 samples, mean = 2917574.0 (flags = 0x41)
0        ... 
1068417  -O                                                                        (1 = 50.0%) {0.0%}
1447542  ... 
3600000  -O                                                                        (1 = 50.0%) {50.0%}

Histogram: Search.ChoiceReprompt recorded 1 samples, mean = 6.0 (flags = 0x41)
0  ... 
6  -O                                                                        (1 = 100.0%) {0.0%}
7  O                                                                         (0 = 0.0%) {100.0%}

Histogram: Search.SearchProviderOverrideStatus recorded 1 samples, mean = 0.0 (flags = 0x41)
0  -O                                                                        (1 = 100.0%)
1  ... 

Histogram: Security.GwpAsan.Activated.Malloc.Browser recorded 1 samples, mean = 0.0 (flags = 0x41)
0  -O                                                                        (1 = 100.0%)
1  ... 

Histogram: Security.GwpAsan.Activated.PartitionAlloc.Browser recorded 1 samples, mean = 0.0 (flags = 0x41)
0  -O                                                                        (1 = 100.0%)
1  ... 

Histogram: Security.HttpsFirstMode.SettingEnabledAtStartup recorded 1 samples, mean = 0.0 (flags = 0x41)
0  -O                                                                        (1 = 100.0%)
1  ... 

Histogram: Security.JSONParser.ChromiumExtensionUsage recorded 1 samples, mean = 1.0 (flags = 0x41)
0  O                                                                         (0 = 0.0%)
1  -O                                                                        (1 = 100.0%) {0.0%}
2  ... 

Histogram: Security.JSONParser.ParsingTime recorded 17 samples, mean = 43.2 (flags = 0x41)
0    -O                                                                        (1 = 5.9%)
1    ... 
3    -O                                                                        (1 = 5.9%) {5.9%}
4    -O                                                                        (1 = 5.9%) {11.8%}
5    ----O                                                                     (4 = 23.5%) {17.6%}
7    -O                                                                        (1 = 5.9%) {41.2%}
9    ... 
16   -O                                                                        (1 = 5.9%) {47.1%}
21   -O                                                                        (1 = 5.9%) {52.9%}
28   O                                                                         (0 = 0.0%) {58.8%}
37   --O                                                                       (2 = 11.8%) {58.8%}
49   -O                                                                        (1 = 5.9%) {70.6%}
65   -O                                                                        (1 = 5.9%) {76.5%}
86   -O                                                                        (1 = 5.9%) {82.4%}
113  -O                                                                        (1 = 5.9%) {88.2%}
149  O                                                                         (0 = 0.0%) {94.1%}
196  -O                                                                        (1 = 5.9%) {94.1%}
258  ... 

Histogram: Security.NavigationRequestSecurityLevel recorded 1 samples, mean = 1.0 (flags = 0x41)
0  O                                                                         (0 = 0.0%)
1  -O                                                                        (1 = 100.0%) {0.0%}
2  ... 

Histogram: Security.PageEndReason.SECURE recorded 1 samples, mean = 6.0 (flags = 0x41)
0  ... 
6  -O                                                                        (1 = 100.0%) {0.0%}
7  ... 

Histogram: Security.PageEndReason.SafetyTip_None recorded 1 samples, mean = 6.0 (flags = 0x41)
0  ... 
6  -O                                                                        (1 = 100.0%) {0.0%}
7  ... 

Histogram: Security.PrivateNetworkAccess.CheckResult recorded 95 samples, mean = 1.8 (flags = 0x41)
0   ----------------------------------------------O                           (46 = 48.4%)
1   --------------------------------------O                                   (38 = 40.0%) {48.4%}
2   ... 
12  -----------O                                                              (11 = 11.6%) {88.4%}
13  O                                                                         (0 = 0.0%) {100.0%}

Histogram: Security.SCTAuditing.NumPersistedReportsLoaded recorded 1 samples, mean = 0.0 (flags = 0x41)
0  -O                                                                        (1 = 100.0%)
1  ... 

Histogram: Security.SafetyTips.GetReputationStatusWithEngagedSitesTime recorded 1 samples, mean = 0.0 (flags = 0x41)
0  -O                                                                        (1 = 100.0%)
1  ... 

Histogram: Security.SafetyTips.ReputationCheckComplete.DidFinishNavigation recorded 1 samples, mean = 1.0 (flags = 0x41)
0  O                                                                         (0 = 0.0%)
1  -O                                                                        (1 = 100.0%) {0.0%}
2  ... 

Histogram: Security.SafetyTips.SafetyTipShown recorded 1 samples, mean = 1.0 (flags = 0x41)
0  O                                                                         (0 = 0.0%)
1  -O                                                                        (1 = 100.0%) {0.0%}
2  ... 

Histogram: Security.SafetyTips.StatusWithInitiator.Unknown recorded 1 samples, mean = 1.0 (flags = 0x41)
0  O                                                                         (0 = 0.0%)
1  -O                                                                        (1 = 100.0%) {0.0%}
2  ... 

Histogram: Security.SecurityLevel.OnCommit recorded 1 samples, mean = 3.0 (flags = 0x41)
0  ... 
3  -O                                                                        (1 = 100.0%) {0.0%}
4  ... 

Histogram: Security.SecurityLevel.OnComplete recorded 1 samples, mean = 3.0 (flags = 0x41)
0  ... 
3  -O                                                                        (1 = 100.0%) {0.0%}
4  ... 

Histogram: Security.SiteEngagement.SECURE recorded 1 samples, mean = 7.0 (flags = 0x41)
0  ... 
7  -O                                                                        (1 = 100.0%) {0.0%}
8  ... 

Histogram: Security.SiteEngagement.SafetyTip_None recorded 1 samples, mean = 7.0 (flags = 0x41)
0  ... 
7  -O                                                                        (1 = 100.0%) {0.0%}
8  ... 

Histogram: Security.TimeOnPage2.SECURE recorded 1 samples, mean = 8876538.0 (flags = 0x41)
0        ... 
3600000  -O                                                                        (1 = 100.0%) {0.0%}

Histogram: Security.TimeOnPage2.SafetyTip_None recorded 1 samples, mean = 8876538.0 (flags = 0x41)
0        ... 
3600000  -O                                                                        (1 = 100.0%) {0.0%}

Histogram: SegmentationPlatform.ClassificationRequest.TotalDuration.DeviceSwitcher recorded 1 samples, mean = 64957.0 (flags = 0x41)
0      ... 
10000  -O                                                                        (1 = 100.0%) {0.0%}

Histogram: SegmentationPlatform.ClassificationRequest.TotalDuration.WebAppInstallationPromo recorded 1 samples, mean = 0.0 (flags = 0x41)
0  -O                                                                        (1 = 100.0%)
1  ... 

Histogram: SegmentationPlatform.Database.StoreUkmEntry recorded 7 samples, mean = 0.0 (flags = 0x41)
0  -------O                                                                  (7 = 100.0%)
1  ... 

Histogram: SegmentationPlatform.Database.UpdateUrlForUkmSource recorded 5 samples, mean = 0.4 (flags = 0x41)
0  ----O                                                                     (4 = 80.0%)
1  O                                                                         (0 = 0.0%) {80.0%}
2  -O                                                                        (1 = 20.0%) {80.0%}
3  ... 

Histogram: SegmentationPlatform.DefaultModelDelivery.Metadata.FeatureCount.ChromeLowUserEngagement recorded 1 samples, mean = 1.0 (flags = 0x41)
0  O                                                                         (0 = 0.0%)
1  -O                                                                        (1 = 100.0%) {0.0%}
2  ... 

Histogram: SegmentationPlatform.DefaultModelDelivery.Metadata.FeatureCount.ComposePromotion recorded 1 samples, mean = 1.0 (flags = 0x41)
0  O                                                                         (0 = 0.0%)
1  -O                                                                        (1 = 100.0%) {0.0%}
2  ... 

Histogram: SegmentationPlatform.DefaultModelDelivery.Metadata.FeatureCount.CrossDeviceUserSegment recorded 1 samples, mean = 4.0 (flags = 0x41)
0  ... 
4  -O                                                                        (1 = 100.0%) {0.0%}
5  ... 

Histogram: SegmentationPlatform.DefaultModelDelivery.Metadata.FeatureCount.DatabaseApiClients recorded 1 samples, mean = 3.0 (flags = 0x41)
0  ... 
3  -O                                                                        (1 = 100.0%) {0.0%}
4  ... 

Histogram: SegmentationPlatform.DefaultModelDelivery.Metadata.FeatureCount.DeviceSwitcher recorded 1 samples, mean = 1.0 (flags = 0x41)
0  O                                                                         (0 = 0.0%)
1  -O                                                                        (1 = 100.0%) {0.0%}
2  ... 

Histogram: SegmentationPlatform.DefaultModelDelivery.Metadata.FeatureCount.PasswordManagerUser recorded 1 samples, mean = 7.0 (flags = 0x41)
0  ... 
7  -O                                                                        (1 = 100.0%) {0.0%}
8  ... 

Histogram: SegmentationPlatform.DefaultModelDelivery.Metadata.FeatureCount.ResumeHeavyUserSegment recorded 1 samples, mean = 5.0 (flags = 0x41)
0  ... 
5  -O                                                                        (1 = 100.0%) {0.0%}
6  ... 

Histogram: SegmentationPlatform.DefaultModelDelivery.Metadata.FeatureCount.SearchUser recorded 1 samples, mean = 2.0 (flags = 0x41)
0  ... 
2  -O                                                                        (1 = 100.0%) {0.0%}
3  ... 

Histogram: SegmentationPlatform.DefaultModelDelivery.Metadata.FeatureCount.ShoppingUser recorded 1 samples, mean = 2.0 (flags = 0x41)
0  ... 
2  -O                                                                        (1 = 100.0%) {0.0%}
3  ... 

Histogram: SegmentationPlatform.DefaultModelDelivery.Metadata.FeatureCount.UrlVisitResumptionRanker recorded 1 samples, mean = 23.0 (flags = 0x41)
0   ... 
23  -O                                                                        (1 = 100.0%) {0.0%}
26  ... 

Histogram: SegmentationPlatform.DefaultModelDelivery.Metadata.Validation.Processed.ChromeLowUserEngagement recorded 1 samples, mean = 0.0 (flags = 0x41)
0  -O                                                                        (1 = 100.0%)
1  ... 

Histogram: SegmentationPlatform.DefaultModelDelivery.Metadata.Validation.Processed.ComposePromotion recorded 1 samples, mean = 0.0 (flags = 0x41)
0  -O                                                                        (1 = 100.0%)
1  ... 

Histogram: SegmentationPlatform.DefaultModelDelivery.Metadata.Validation.Processed.CrossDeviceUserSegment recorded 1 samples, mean = 0.0 (flags = 0x41)
0  -O                                                                        (1 = 100.0%)
1  ... 

Histogram: SegmentationPlatform.DefaultModelDelivery.Metadata.Validation.Processed.DatabaseApiClients recorded 1 samples, mean = 0.0 (flags = 0x41)
0  -O                                                                        (1 = 100.0%)
1  ... 

Histogram: SegmentationPlatform.DefaultModelDelivery.Metadata.Validation.Processed.DeviceSwitcher recorded 1 samples, mean = 0.0 (flags = 0x41)
0  -O                                                                        (1 = 100.0%)
1  ... 

Histogram: SegmentationPlatform.DefaultModelDelivery.Metadata.Validation.Processed.PasswordManagerUser recorded 1 samples, mean = 0.0 (flags = 0x41)
0  -O                                                                        (1 = 100.0%)
1  ... 

Histogram: SegmentationPlatform.DefaultModelDelivery.Metadata.Validation.Processed.ResumeHeavyUserSegment recorded 1 samples, mean = 0.0 (flags = 0x41)
0  -O                                                                        (1 = 100.0%)
1  ... 

Histogram: SegmentationPlatform.DefaultModelDelivery.Metadata.Validation.Processed.SearchUser recorded 1 samples, mean = 0.0 (flags = 0x41)
0  -O                                                                        (1 = 100.0%)
1  ... 

Histogram: SegmentationPlatform.DefaultModelDelivery.Metadata.Validation.Processed.ShoppingUser recorded 1 samples, mean = 0.0 (flags = 0x41)
0  -O                                                                        (1 = 100.0%)
1  ... 

Histogram: SegmentationPlatform.DefaultModelDelivery.Metadata.Validation.Processed.UrlVisitResumptionRanker recorded 1 samples, mean = 0.0 (flags = 0x41)
0  -O                                                                        (1 = 100.0%)
1  ... 

Histogram: SegmentationPlatform.DefaultModelDelivery.Received recorded 10 samples (flags = 0x41)
16    -O                                                                        (1 = 10.0%)
21    -O                                                                        (1 = 10.0%)
23    -O                                                                        (1 = 10.0%)
27    -O                                                                        (1 = 10.0%)
45    -O                                                                        (1 = 10.0%)
46    -O                                                                        (1 = 10.0%)
1001  -O                                                                        (1 = 10.0%)
1004  -O                                                                        (1 = 10.0%)
1007  -O                                                                        (1 = 10.0%)
1009  -O                                                                        (1 = 10.0%)

Histogram: SegmentationPlatform.DefaultModelDelivery.SaveResult.ChromeLowUserEngagement recorded 1 samples, mean = 1.0 (flags = 0x41)
0  O                                                                         (0 = 0.0%)
1  -O                                                                        (1 = 100.0%) {0.0%}
2  O                                                                         (0 = 0.0%) {100.0%}

Histogram: SegmentationPlatform.DefaultModelDelivery.SaveResult.ComposePromotion recorded 1 samples, mean = 1.0 (flags = 0x41)
0  O                                                                         (0 = 0.0%)
1  -O                                                                        (1 = 100.0%) {0.0%}
2  O                                                                         (0 = 0.0%) {100.0%}

Histogram: SegmentationPlatform.DefaultModelDelivery.SaveResult.CrossDeviceUserSegment recorded 1 samples, mean = 1.0 (flags = 0x41)
0  O                                                                         (0 = 0.0%)
1  -O                                                                        (1 = 100.0%) {0.0%}
2  O                                                                         (0 = 0.0%) {100.0%}

Histogram: SegmentationPlatform.DefaultModelDelivery.SaveResult.DatabaseApiClients recorded 1 samples, mean = 1.0 (flags = 0x41)
0  O                                                                         (0 = 0.0%)
1  -O                                                                        (1 = 100.0%) {0.0%}
2  O                                                                         (0 = 0.0%) {100.0%}

Histogram: SegmentationPlatform.DefaultModelDelivery.SaveResult.DeviceSwitcher recorded 1 samples, mean = 1.0 (flags = 0x41)
0  O                                                                         (0 = 0.0%)
1  -O                                                                        (1 = 100.0%) {0.0%}
2  O                                                                         (0 = 0.0%) {100.0%}

Histogram: SegmentationPlatform.DefaultModelDelivery.SaveResult.PasswordManagerUser recorded 1 samples, mean = 1.0 (flags = 0x41)
0  O                                                                         (0 = 0.0%)
1  -O                                                                        (1 = 100.0%) {0.0%}
2  O                                                                         (0 = 0.0%) {100.0%}

Histogram: SegmentationPlatform.DefaultModelDelivery.SaveResult.ResumeHeavyUserSegment recorded 1 samples, mean = 1.0 (flags = 0x41)
0  O                                                                         (0 = 0.0%)
1  -O                                                                        (1 = 100.0%) {0.0%}
2  O                                                                         (0 = 0.0%) {100.0%}

Histogram: SegmentationPlatform.DefaultModelDelivery.SaveResult.SearchUser recorded 1 samples, mean = 1.0 (flags = 0x41)
0  O                                                                         (0 = 0.0%)
1  -O                                                                        (1 = 100.0%) {0.0%}
2  O                                                                         (0 = 0.0%) {100.0%}

Histogram: SegmentationPlatform.DefaultModelDelivery.SaveResult.ShoppingUser recorded 1 samples, mean = 1.0 (flags = 0x41)
0  O                                                                         (0 = 0.0%)
1  -O                                                                        (1 = 100.0%) {0.0%}
2  O                                                                         (0 = 0.0%) {100.0%}

Histogram: SegmentationPlatform.DefaultModelDelivery.SaveResult.UrlVisitResumptionRanker recorded 1 samples, mean = 1.0 (flags = 0x41)
0  O                                                                         (0 = 0.0%)
1  -O                                                                        (1 = 100.0%) {0.0%}
2  O                                                                         (0 = 0.0%) {100.0%}

Histogram: SegmentationPlatform.DefaultModelDelivery.SegmentIdMatches.ChromeLowUserEngagement recorded 1 samples, mean = 1.0 (flags = 0x41)
0  O                                                                         (0 = 0.0%)
1  -O                                                                        (1 = 100.0%) {0.0%}
2  O                                                                         (0 = 0.0%) {100.0%}

Histogram: SegmentationPlatform.DefaultModelDelivery.SegmentIdMatches.ComposePromotion recorded 1 samples, mean = 1.0 (flags = 0x41)
0  O                                                                         (0 = 0.0%)
1  -O                                                                        (1 = 100.0%) {0.0%}
2  O                                                                         (0 = 0.0%) {100.0%}

Histogram: SegmentationPlatform.DefaultModelDelivery.SegmentIdMatches.CrossDeviceUserSegment recorded 1 samples, mean = 1.0 (flags = 0x41)
0  O                                                                         (0 = 0.0%)
1  -O                                                                        (1 = 100.0%) {0.0%}
2  O                                                                         (0 = 0.0%) {100.0%}

Histogram: SegmentationPlatform.DefaultModelDelivery.SegmentIdMatches.DatabaseApiClients recorded 1 samples, mean = 1.0 (flags = 0x41)
0  O                                                                         (0 = 0.0%)
1  -O                                                                        (1 = 100.0%) {0.0%}
2  O                                                                         (0 = 0.0%) {100.0%}

Histogram: SegmentationPlatform.DefaultModelDelivery.SegmentIdMatches.DeviceSwitcher recorded 1 samples, mean = 1.0 (flags = 0x41)
0  O                                                                         (0 = 0.0%)
1  -O                                                                        (1 = 100.0%) {0.0%}
2  O                                                                         (0 = 0.0%) {100.0%}

Histogram: SegmentationPlatform.DefaultModelDelivery.SegmentIdMatches.PasswordManagerUser recorded 1 samples, mean = 1.0 (flags = 0x41)
0  O                                                                         (0 = 0.0%)
1  -O                                                                        (1 = 100.0%) {0.0%}
2  O                                                                         (0 = 0.0%) {100.0%}

Histogram: SegmentationPlatform.DefaultModelDelivery.SegmentIdMatches.ResumeHeavyUserSegment recorded 1 samples, mean = 1.0 (flags = 0x41)
0  O                                                                         (0 = 0.0%)
1  -O                                                                        (1 = 100.0%) {0.0%}
2  O                                                                         (0 = 0.0%) {100.0%}

Histogram: SegmentationPlatform.DefaultModelDelivery.SegmentIdMatches.SearchUser recorded 1 samples, mean = 1.0 (flags = 0x41)
0  O                                                                         (0 = 0.0%)
1  -O                                                                        (1 = 100.0%) {0.0%}
2  O                                                                         (0 = 0.0%) {100.0%}

Histogram: SegmentationPlatform.DefaultModelDelivery.SegmentIdMatches.ShoppingUser recorded 1 samples, mean = 1.0 (flags = 0x41)
0  O                                                                         (0 = 0.0%)
1  -O                                                                        (1 = 100.0%) {0.0%}
2  O                                                                         (0 = 0.0%) {100.0%}

Histogram: SegmentationPlatform.DefaultModelDelivery.SegmentIdMatches.UrlVisitResumptionRanker recorded 1 samples, mean = 1.0 (flags = 0x41)
0  O                                                                         (0 = 0.0%)
1  -O                                                                        (1 = 100.0%) {0.0%}
2  O                                                                         (0 = 0.0%) {100.0%}

Histogram: SegmentationPlatform.DeviceSwitcher.PostProcessing.TopLabel.Computed recorded 1 samples (flags = 0x41)
7  -O                                                                        (1 = 100.0%)

Histogram: SegmentationPlatform.FeatureProcessing.Error.DeviceSwitcher recorded 1 samples, mean = 7.0 (flags = 0x41)
0  ... 
7  -O                                                                        (1 = 100.0%) {0.0%}
8  O                                                                         (0 = 0.0%) {100.0%}

Histogram: SegmentationPlatform.Init.CreationToInitializationLatency recorded 1 samples, mean = 4219.0 (flags = 0x41)
0     ... 
3900  -O                                                                        (1 = 100.0%) {0.0%}
4955  ... 

Histogram: SegmentationPlatform.Init.ModelUpdatedTimeDifferenceInDays.ChromeLowUserEngagement recorded 1 samples, mean = 0.0 (flags = 0x41)
0  -O                                                                        (1 = 100.0%)
1  ... 

Histogram: SegmentationPlatform.Init.ModelUpdatedTimeDifferenceInDays.ComposePromotion recorded 1 samples, mean = 0.0 (flags = 0x41)
0  -O                                                                        (1 = 100.0%)
1  ... 

Histogram: SegmentationPlatform.Init.ModelUpdatedTimeDifferenceInDays.CrossDeviceUserSegment recorded 1 samples, mean = 0.0 (flags = 0x41)
0  -O                                                                        (1 = 100.0%)
1  ... 

Histogram: SegmentationPlatform.Init.ModelUpdatedTimeDifferenceInDays.DatabaseApiClients recorded 1 samples, mean = 0.0 (flags = 0x41)
0  -O                                                                        (1 = 100.0%)
1  ... 

Histogram: SegmentationPlatform.Init.ModelUpdatedTimeDifferenceInDays.DeviceSwitcher recorded 1 samples, mean = 0.0 (flags = 0x41)
0  -O                                                                        (1 = 100.0%)
1  ... 

Histogram: SegmentationPlatform.Init.ModelUpdatedTimeDifferenceInDays.PasswordManagerUser recorded 1 samples, mean = 0.0 (flags = 0x41)
0  -O                                                                        (1 = 100.0%)
1  ... 

Histogram: SegmentationPlatform.Init.ModelUpdatedTimeDifferenceInDays.ResumeHeavyUserSegment recorded 1 samples, mean = 0.0 (flags = 0x41)
0  -O                                                                        (1 = 100.0%)
1  ... 

Histogram: SegmentationPlatform.Init.ModelUpdatedTimeDifferenceInDays.SearchUser recorded 1 samples, mean = 0.0 (flags = 0x41)
0  -O                                                                        (1 = 100.0%)
1  ... 

Histogram: SegmentationPlatform.Init.ModelUpdatedTimeDifferenceInDays.ShoppingUser recorded 1 samples, mean = 0.0 (flags = 0x41)
0  -O                                                                        (1 = 100.0%)
1  ... 

Histogram: SegmentationPlatform.Init.ModelUpdatedTimeDifferenceInDays.UrlVisitResumptionRanker recorded 1 samples, mean = 0.0 (flags = 0x41)
0  -O                                                                        (1 = 100.0%)
1  ... 

Histogram: SegmentationPlatform.Init.ProcessCreationToServiceCreationLatency recorded 1 samples, mean = 16194458.0 (flags = 0x41)
0       ... 
180000  -O                                                                        (1 = 100.0%) {0.0%}

Histogram: SegmentationPlatform.Maintenance.CleanupSignalSuccessCount recorded 1 samples, mean = 0.0 (flags = 0x41)
0  -O                                                                        (1 = 100.0%)
1  ... 

Histogram: SegmentationPlatform.Maintenance.SignalIdentifierCount recorded 1 samples, mean = 20.0 (flags = 0x41)
0   ... 
20  -O                                                                        (1 = 100.0%) {0.0%}
23  ... 

Histogram: SegmentationPlatform.ModelAvailability.ChromeLowUserEngagement recorded 1 samples, mean = 0.0 (flags = 0x41)
0  -O                                                                        (1 = 100.0%)
1  ... 

Histogram: SegmentationPlatform.ModelAvailability.ComposePromotion recorded 1 samples, mean = 0.0 (flags = 0x41)
0  -O                                                                        (1 = 100.0%)
1  ... 

Histogram: SegmentationPlatform.ModelAvailability.DeviceSwitcher recorded 1 samples, mean = 0.0 (flags = 0x41)
0  -O                                                                        (1 = 100.0%)
1  ... 

Histogram: SegmentationPlatform.ModelAvailability.SearchUser recorded 1 samples, mean = 0.0 (flags = 0x41)
0  -O                                                                        (1 = 100.0%)
1  ... 

Histogram: SegmentationPlatform.ModelAvailability.ShoppingUser recorded 1 samples, mean = 0.0 (flags = 0x41)
0  -O                                                                        (1 = 100.0%)
1  ... 

Histogram: SegmentationPlatform.ModelAvailability.UrlVisitResumptionRanker recorded 1 samples, mean = 0.0 (flags = 0x41)
0  -O                                                                        (1 = 100.0%)
1  ... 

Histogram: SegmentationPlatform.ModelAvailability.WebAppInstallationPromo recorded 1 samples, mean = 0.0 (flags = 0x41)
0  -O                                                                        (1 = 100.0%)
1  ... 

Histogram: SegmentationPlatform.ModelExecution.DefaultProvider.Status.DeviceSwitcher recorded 1 samples, mean = 0.0 (flags = 0x41)
0  -O                                                                        (1 = 100.0%)
1  ... 

Histogram: SegmentationPlatform.ModelExecution.Duration.Model.DeviceSwitcher.Success recorded 1 samples, mean = 0.0 (flags = 0x41)
0  -O                                                                        (1 = 100.0%)
1  ... 

Histogram: SegmentationPlatform.ModelExecution.Duration.Total.DeviceSwitcher.Success recorded 1 samples, mean = 60289.0 (flags = 0x41)
0      ... 
10000  -O                                                                        (1 = 100.0%) {0.0%}

Histogram: SegmentationPlatform.ModelExecution.Result.0.DeviceSwitcher recorded 1 samples, mean = 0.0 (flags = 0x41)
0  -O                                                                        (1 = 100.0%)
1  ... 

Histogram: SegmentationPlatform.ModelExecution.Result.1.DeviceSwitcher recorded 1 samples, mean = 0.0 (flags = 0x41)
0  -O                                                                        (1 = 100.0%)
1  ... 

Histogram: SegmentationPlatform.ModelExecution.Result.2.DeviceSwitcher recorded 1 samples, mean = 0.0 (flags = 0x41)
0  -O                                                                        (1 = 100.0%)
1  ... 

Histogram: SegmentationPlatform.ModelExecution.Result.3.DeviceSwitcher recorded 1 samples, mean = 0.0 (flags = 0x41)
0  -O                                                                        (1 = 100.0%)
1  ... 

Histogram: SegmentationPlatform.ModelExecution.Result.4.DeviceSwitcher recorded 1 samples, mean = 0.0 (flags = 0x41)
0  -O                                                                        (1 = 100.0%)
1  ... 

Histogram: SegmentationPlatform.ModelExecution.Result.5.DeviceSwitcher recorded 1 samples, mean = 0.0 (flags = 0x41)
0  -O                                                                        (1 = 100.0%)
1  ... 

Histogram: SegmentationPlatform.ModelExecution.Result.6.DeviceSwitcher recorded 1 samples, mean = 0.0 (flags = 0x41)
0  -O                                                                        (1 = 100.0%)
1  ... 

Histogram: SegmentationPlatform.ModelExecution.Result.7.DeviceSwitcher recorded 1 samples, mean = 100.0 (flags = 0x41)
0    ... 
100  -O                                                                        (1 = 100.0%) {0.0%}
101  O                                                                         (0 = 0.0%) {100.0%}

Histogram: SegmentationPlatform.ModelExecution.ZeroValuePercent.DeviceSwitcher recorded 1 samples, mean = 90.0 (flags = 0x41)
0   ... 
90  -O                                                                        (1 = 100.0%) {0.0%}
91  ... 

Histogram: SegmentationPlatform.SegmentInfoDatabase.ProtoDBUpdateResult.ChromeLowUserEngagement recorded 1 samples, mean = 1.0 (flags = 0x41)
0  O                                                                         (0 = 0.0%)
1  -O                                                                        (1 = 100.0%) {0.0%}
2  O                                                                         (0 = 0.0%) {100.0%}

Histogram: SegmentationPlatform.SegmentInfoDatabase.ProtoDBUpdateResult.ComposePromotion recorded 1 samples, mean = 1.0 (flags = 0x41)
0  O                                                                         (0 = 0.0%)
1  -O                                                                        (1 = 100.0%) {0.0%}
2  O                                                                         (0 = 0.0%) {100.0%}

Histogram: SegmentationPlatform.SegmentInfoDatabase.ProtoDBUpdateResult.CrossDeviceUserSegment recorded 1 samples, mean = 1.0 (flags = 0x41)
0  O                                                                         (0 = 0.0%)
1  -O                                                                        (1 = 100.0%) {0.0%}
2  O                                                                         (0 = 0.0%) {100.0%}

Histogram: SegmentationPlatform.SegmentInfoDatabase.ProtoDBUpdateResult.DatabaseApiClients recorded 1 samples, mean = 1.0 (flags = 0x41)
0  O                                                                         (0 = 0.0%)
1  -O                                                                        (1 = 100.0%) {0.0%}
2  O                                                                         (0 = 0.0%) {100.0%}

Histogram: SegmentationPlatform.SegmentInfoDatabase.ProtoDBUpdateResult.DeviceSwitcher recorded 1 samples, mean = 1.0 (flags = 0x41)
0  O                                                                         (0 = 0.0%)
1  -O                                                                        (1 = 100.0%) {0.0%}
2  O                                                                         (0 = 0.0%) {100.0%}

Histogram: SegmentationPlatform.SegmentInfoDatabase.ProtoDBUpdateResult.PasswordManagerUser recorded 1 samples, mean = 1.0 (flags = 0x41)
0  O                                                                         (0 = 0.0%)
1  -O                                                                        (1 = 100.0%) {0.0%}
2  O                                                                         (0 = 0.0%) {100.0%}

Histogram: SegmentationPlatform.SegmentInfoDatabase.ProtoDBUpdateResult.ResumeHeavyUserSegment recorded 1 samples, mean = 1.0 (flags = 0x41)
0  O                                                                         (0 = 0.0%)
1  -O                                                                        (1 = 100.0%) {0.0%}
2  O                                                                         (0 = 0.0%) {100.0%}

Histogram: SegmentationPlatform.SegmentInfoDatabase.ProtoDBUpdateResult.SearchUser recorded 1 samples, mean = 1.0 (flags = 0x41)
0  O                                                                         (0 = 0.0%)
1  -O                                                                        (1 = 100.0%) {0.0%}
2  O                                                                         (0 = 0.0%) {100.0%}

Histogram: SegmentationPlatform.SegmentInfoDatabase.ProtoDBUpdateResult.ShoppingUser recorded 1 samples, mean = 1.0 (flags = 0x41)
0  O                                                                         (0 = 0.0%)
1  -O                                                                        (1 = 100.0%) {0.0%}
2  O                                                                         (0 = 0.0%) {100.0%}

Histogram: SegmentationPlatform.SegmentInfoDatabase.ProtoDBUpdateResult.UrlVisitResumptionRanker recorded 1 samples, mean = 1.0 (flags = 0x41)
0  O                                                                         (0 = 0.0%)
1  -O                                                                        (1 = 100.0%) {0.0%}
2  O                                                                         (0 = 0.0%) {100.0%}

Histogram: SegmentationPlatform.SegmentInfoDatabase.ProtoDBUpdateResult.WebAppInstallationPromo recorded 1 samples, mean = 1.0 (flags = 0x41)
0  O                                                                         (0 = 0.0%)
1  -O                                                                        (1 = 100.0%) {0.0%}
2  O                                                                         (0 = 0.0%) {100.0%}

Histogram: SegmentationPlatform.SelectionFailedReason.ChromeLowUserEngagement recorded 2 samples, mean = 14.5 (flags = 0x41)
0   ... 
12  -O                                                                        (1 = 50.0%) {0.0%}
13  ... 
17  -O                                                                        (1 = 50.0%) {50.0%}
18  ... 

Histogram: SegmentationPlatform.SelectionFailedReason.ComposePromotion recorded 1 samples, mean = 17.0 (flags = 0x41)
0   ... 
17  -O                                                                        (1 = 100.0%) {0.0%}
18  ... 

Histogram: SegmentationPlatform.SelectionFailedReason.CrossDeviceUser recorded 2 samples, mean = 14.5 (flags = 0x41)
0   ... 
12  -O                                                                        (1 = 50.0%) {0.0%}
13  ... 
17  -O                                                                        (1 = 50.0%) {50.0%}
18  ... 

Histogram: SegmentationPlatform.SelectionFailedReason.DatabaseApiClients recorded 1 samples, mean = 17.0 (flags = 0x41)
0   ... 
17  -O                                                                        (1 = 100.0%) {0.0%}
18  ... 

Histogram: SegmentationPlatform.SelectionFailedReason.DeviceSwitcher recorded 2 samples, mean = 19.0 (flags = 0x41)
0   ... 
17  -O                                                                        (1 = 50.0%) {0.0%}
18  ... 
21  -O                                                                        (1 = 50.0%) {50.0%}
22  ... 

Histogram: SegmentationPlatform.SelectionFailedReason.PasswordManagerUser recorded 2 samples, mean = 14.5 (flags = 0x41)
0   ... 
12  -O                                                                        (1 = 50.0%) {0.0%}
13  ... 
17  -O                                                                        (1 = 50.0%) {50.0%}
18  ... 

Histogram: SegmentationPlatform.SelectionFailedReason.ResumeHeavyUser recorded 2 samples, mean = 14.5 (flags = 0x41)
0   ... 
12  -O                                                                        (1 = 50.0%) {0.0%}
13  ... 
17  -O                                                                        (1 = 50.0%) {50.0%}
18  ... 

Histogram: SegmentationPlatform.SelectionFailedReason.SearchUser recorded 2 samples, mean = 14.5 (flags = 0x41)
0   ... 
12  -O                                                                        (1 = 50.0%) {0.0%}
13  ... 
17  -O                                                                        (1 = 50.0%) {50.0%}
18  ... 

Histogram: SegmentationPlatform.SelectionFailedReason.ShoppingUser recorded 2 samples, mean = 14.5 (flags = 0x41)
0   ... 
12  -O                                                                        (1 = 50.0%) {0.0%}
13  ... 
17  -O                                                                        (1 = 50.0%) {50.0%}
18  ... 

Histogram: SegmentationPlatform.SelectionFailedReason.URLVisitResumptionRanker recorded 1 samples, mean = 17.0 (flags = 0x41)
0   ... 
17  -O                                                                        (1 = 100.0%) {0.0%}
18  ... 

Histogram: SegmentationPlatform.SelectionFailedReason.WebAppInstallationPromo recorded 3 samples, mean = 17.3 (flags = 0x41)
0   ... 
11  -O                                                                        (1 = 33.3%) {0.0%}
12  ... 
17  -O                                                                        (1 = 33.3%) {33.3%}
18  ... 
24  -O                                                                        (1 = 33.3%) {66.7%}
25  ... 

Histogram: SegmentationPlatform.Signals.ListeningCount.HistogramEnum recorded 1 samples, mean = 7.0 (flags = 0x41)
0  ... 
7  -O                                                                        (1 = 100.0%) {0.0%}
8  ... 

Histogram: SegmentationPlatform.Signals.ListeningCount.HistogramValue recorded 1 samples, mean = 6.0 (flags = 0x41)
0  ... 
6  -O                                                                        (1 = 100.0%) {0.0%}
7  ... 

Histogram: SegmentationPlatform.Signals.ListeningCount.UserAction recorded 1 samples, mean = 7.0 (flags = 0x41)
0  ... 
7  -O                                                                        (1 = 100.0%) {0.0%}
8  ... 

Histogram: SegmentationPlatform.SyncSessions.TabsCountAtStartup recorded 1 samples, mean = 0.0 (flags = 0x41)
0  -O                                                                        (1 = 100.0%)
1  ... 

Histogram: SegmentationPlatform.UkmDatabase.InitTime recorded 1 samples, mean = 8.0 (flags = 0x41)
0  ... 
8  -O                                                                        (1 = 100.0%) {0.0%}
10 ... 

Histogram: SegmentationPlatform.WebAppInstallationPromo.PostProcessing.TopLabel.Computed recorded 1 samples (flags = 0x41)
-2 -O                                                                        (1 = 100.0%)

Histogram: ServiceWorker.FindRegistrationForClientUrl.IsCalledForNavigation recorded 5 samples, mean = 0.2 (flags = 0x41)
0  ----O                                                                     (4 = 80.0%)
1  -O                                                                        (1 = 20.0%) {80.0%}
2  O                                                                         (0 = 0.0%) {100.0%}

Histogram: ServiceWorker.FindRegistrationForClientUrl.SkippedMojoCall.OnNavigation recorded 1 samples, mean = 0.0 (flags = 0x41)
0  -O                                                                        (1 = 100.0%)
1  ... 

Histogram: ServiceWorker.OnBrowserStartup.SkipServiceWorkerOnFirstNavigation recorded 1 samples, mean = 0.0 (flags = 0x41)
0  -O                                                                        (1 = 100.0%)
1  ... 

Histogram: ServiceWorker.RegisteredStorageKeyCount recorded 1 samples, mean = 0.0 (flags = 0x41)
0  -O                                                                        (1 = 100.0%)
1  ... 

Histogram: ServiceWorker.Storage.ReadInitialDataFromDB.Time recorded 1 samples, mean = 0.0 (flags = 0x41)
0  -O                                                                        (1 = 100.0%)
1  ... 

Histogram: ServiceWorker.Storage.RegisteredStorageKeyCacheInitialization.Time recorded 1 samples, mean = 3298.0 (flags = 0x41)
0     ... 
3069  -O                                                                        (1 = 100.0%) {0.0%}
3900  ... 

Histogram: SessionRestore.UnrecoverableWriteErrorCount recorded 1 samples, mean = 0.0 (flags = 0x41)
0  -O                                                                        (1 = 100.0%)
1  ... 

Histogram: SessionStorageContext.CommitResult recorded 2 samples, mean = 0.0 (flags = 0x41)
0  --O                                                                       (2 = 100.0%)
1  ... 

Histogram: Settings.AdvancedSpellcheck.OnStartup2 recorded 1 samples, mean = 0.0 (flags = 0x41)
0  -O                                                                        (1 = 100.0%)
1  ... 

Histogram: Settings.AutocompleteSearches.OnStartup2 recorded 1 samples, mean = 1.0 (flags = 0x41)
0  O                                                                         (0 = 0.0%)
1  -O                                                                        (1 = 100.0%) {0.0%}
2  O                                                                         (0 = 0.0%) {100.0%}

Histogram: Settings.FingerprintingProtection.Enabled recorded 1 samples, mean = 0.0 (flags = 0x41)
0  -O                                                                        (1 = 100.0%)
1  ... 

Histogram: Settings.FirstPartySets.State recorded 1 samples, mean = 0.0 (flags = 0x41)
0  -O                                                                        (1 = 100.0%)
1  ... 

Histogram: Settings.IpProtection.Enabled recorded 1 samples, mean = 0.0 (flags = 0x41)
0  -O                                                                        (1 = 100.0%)
1  ... 

Histogram: Settings.PreloadStatus.OnStartup3 recorded 1 samples, mean = 1.0 (flags = 0x41)
0  O                                                                         (0 = 0.0%)
1  -O                                                                        (1 = 100.0%) {0.0%}
2  ... 

Histogram: Settings.PrivacySandbox.AdMeasurement.Enabled recorded 1 samples, mean = 0.0 (flags = 0x41)
0  -O                                                                        (1 = 100.0%)
1  ... 

Histogram: Settings.PrivacySandbox.Fledge.Enabled recorded 1 samples, mean = 0.0 (flags = 0x41)
0  -O                                                                        (1 = 100.0%)
1  ... 

Histogram: Settings.PrivacySandbox.Topics.Enabled recorded 1 samples, mean = 0.0 (flags = 0x41)
0  -O                                                                        (1 = 100.0%)
1  ... 

Histogram: Settings.ShowHomeButton2 recorded 1 samples, mean = 0.0 (flags = 0x41)
0  -O                                                                        (1 = 100.0%)
1  ... 

Histogram: Settings.StartupPageLoadSettings2 recorded 1 samples, mean = 5.0 (flags = 0x41)
0  ... 
5  -O                                                                        (1 = 100.0%) {0.0%}
6  ... 

Histogram: Settings.TrackedPreferenceChanged.FromRegistry recorded 1 samples, mean = 5.0 (flags = 0x41)
0  ... 
5  -O                                                                        (1 = 100.0%) {0.0%}
6  ... 

Histogram: Settings.TrackedPreferenceUnchanged recorded 18 samples, mean = 14.5 (flags = 0x41)
0   -O                                                                        (1 = 5.6%)
1   -O                                                                        (1 = 5.6%) {5.6%}
2   -O                                                                        (1 = 5.6%) {11.1%}
3   -O                                                                        (1 = 5.6%) {16.7%}
4   -O                                                                        (1 = 5.6%) {22.2%}
5   -O                                                                        (1 = 5.6%) {27.8%}
6   -O                                                                        (1 = 5.6%) {33.3%}
7   -O                                                                        (1 = 5.6%) {38.9%}
8   ... 
11  -O                                                                        (1 = 5.6%) {44.4%}
12  ... 
14  -O                                                                        (1 = 5.6%) {50.0%}
15  -O                                                                        (1 = 5.6%) {55.6%}
16  ... 
18  -O                                                                        (1 = 5.6%) {61.1%}
19  ... 
23  -O                                                                        (1 = 5.6%) {66.7%}
24  -O                                                                        (1 = 5.6%) {72.2%}
25  ... 
29  -O                                                                        (1 = 5.6%) {77.8%}
30  ... 
32  -O                                                                        (1 = 5.6%) {83.3%}
33  -O                                                                        (1 = 5.6%) {88.9%}
34  -O                                                                        (1 = 5.6%) {94.4%}
35  O                                                                         (0 = 0.0%) {100.0%}

Histogram: Settings.TrackedPreferenceUnchanged.FromRegistry recorded 17 samples, mean = 15.1 (flags = 0x41)
0   -O                                                                        (1 = 5.9%)
1   -O                                                                        (1 = 5.9%) {5.9%}
2   -O                                                                        (1 = 5.9%) {11.8%}
3   -O                                                                        (1 = 5.9%) {17.6%}
4   -O                                                                        (1 = 5.9%) {23.5%}
5   O                                                                         (0 = 0.0%) {29.4%}
6   -O                                                                        (1 = 5.9%) {29.4%}
7   -O                                                                        (1 = 5.9%) {35.3%}
8   ... 
11  -O                                                                        (1 = 5.9%) {41.2%}
12  ... 
14  -O                                                                        (1 = 5.9%) {47.1%}
15  -O                                                                        (1 = 5.9%) {52.9%}
16  ... 
18  -O                                                                        (1 = 5.9%) {58.8%}
19  ... 
23  -O                                                                        (1 = 5.9%) {64.7%}
24  -O                                                                        (1 = 5.9%) {70.6%}
25  ... 
29  -O                                                                        (1 = 5.9%) {76.5%}
30  ... 
32  -O                                                                        (1 = 5.9%) {82.4%}
33  -O                                                                        (1 = 5.9%) {88.2%}
34  -O                                                                        (1 = 5.9%) {94.1%}
35  O                                                                         (0 = 0.0%) {100.0%}

Histogram: Settings.TrackingProtection.Enabled recorded 1 samples, mean = 0.0 (flags = 0x41)
0  -O                                                                        (1 = 100.0%)
1  ... 

Histogram: SharedDictionary.TimeInitializeDB recorded 1 samples, mean = 11.0 (flags = 0x41)
0   ... 
11  -O                                                                        (1 = 100.0%) {0.0%}
14  ... 

Histogram: Signin.APIKeyMatchesFeatureOnStartup recorded 3 samples, mean = 0.0 (flags = 0x41)
0  ---O                                                                      (3 = 100.0%)
1  ... 

Histogram: Signin.AccountTracker.CountOfLoadedAccounts recorded 1 samples, mean = 0.0 (flags = 0x41)
0  -O                                                                        (1 = 100.0%)
1  ... 

Histogram: Signin.ExplicitSigninMigration recorded 1 samples, mean = 0.0 (flags = 0x41)
0  -O                                                                        (1 = 100.0%)
1  ... 

Histogram: Signin.HadPreviousSyncAccount.SignedOutOnProfileLoad recorded 1 samples, mean = 0.0 (flags = 0x41)
0  -O                                                                        (1 = 100.0%)
1  ... 

Histogram: Signin.HadPreviousSyncAccount.SyncOffOnProfileLoad recorded 1 samples, mean = 0.0 (flags = 0x41)
0  -O                                                                        (1 = 100.0%)
1  ... 

Histogram: Signin.ListAccountsFailure recorded 1 samples, mean = 0.0 (flags = 0x41)
0  -O                                                                        (1 = 100.0%)
1  ... 

Histogram: Signin.PAMInitialize.PrimaryAccountPrefs recorded 1 samples, mean = 2.0 (flags = 0x41)
0  ... 
2  -O                                                                        (1 = 100.0%) {0.0%}
3  ... 

Histogram: Signin.SigninAllowed recorded 1 samples, mean = 0.0 (flags = 0x41)
0  -O                                                                        (1 = 100.0%)
1  ... 

Histogram: Signin.TokenTable.GetAllTokensSqlStatementValidity recorded 1 samples, mean = 1.0 (flags = 0x41)
0  O                                                                         (0 = 0.0%)
1  -O                                                                        (1 = 100.0%) {0.0%}
2  O                                                                         (0 = 0.0%) {100.0%}

Histogram: SimpleCache.App.CacheSizeOnInit recorded 1 samples, mean = 0.0 (flags = 0x41)
0  -O                                                                        (1 = 100.0%)
1000... 

Histogram: SimpleCache.App.ConsistencyResult recorded 1 samples, mean = 0.0 (flags = 0x41)
0  -O                                                                        (1 = 100.0%)
1  ... 

Histogram: SimpleCache.App.CreationToIndex recorded 1 samples, mean = 21.0 (flags = 0x41)
0   ... 
20  -O                                                                        (1 = 100.0%) {0.0%}
24  ... 

Histogram: SimpleCache.App.IndexFileStateOnLoad recorded 1 samples, mean = 2.0 (flags = 0x41)
0  ... 
2  -O                                                                        (1 = 100.0%) {0.0%}
3  ... 

Histogram: SimpleCache.App.IndexInitializeMethod recorded 1 samples, mean = 1.0 (flags = 0x41)
0  O                                                                         (0 = 0.0%)
1  -O                                                                        (1 = 100.0%) {0.0%}
2  ... 

Histogram: SimpleCache.App.IndexNumEntriesOnInit recorded 1 samples, mean = 0.0 (flags = 0x41)
0  -O                                                                        (1 = 100.0%)
1  ... 

Histogram: SimpleCache.App.MaxCacheSizeOnInit recorded 1 samples, mean = 0.0 (flags = 0x41)
0  -O                                                                        (1 = 100.0%)
1000... 

Histogram: SimpleCache.Code.CacheSizeOnInit recorded 1 samples, mean = 1148.0 (flags = 0x41)
0     ... 
1138  -O                                                                        (1 = 100.0%) {0.0%}
1295  ... 

Histogram: SimpleCache.Code.ConsistencyResult recorded 1 samples, mean = 0.0 (flags = 0x41)
0  -O                                                                        (1 = 100.0%)
1  ... 

Histogram: SimpleCache.Code.CreationToIndex recorded 1 samples, mean = 23.0 (flags = 0x41)
0   ... 
20  -O                                                                        (1 = 100.0%) {0.0%}
24  ... 

Histogram: SimpleCache.Code.DiskCloseLatency recorded 28 samples, mean = 0.0 (flags = 0x41)
0  ----------------------------O                                             (28 = 100.0%)
1  ... 

Histogram: SimpleCache.Code.DiskCreateLatency recorded 1 samples, mean = 0.0 (flags = 0x40)
0  -O                                                                        (1 = 100.0%)
1  ... 

Histogram: SimpleCache.Code.DiskDoomLatency recorded 1 samples, mean = 0.0 (flags = 0x41)
0  -O                                                                        (1 = 100.0%)
1  ... 

Histogram: SimpleCache.Code.DiskOpenLatency recorded 27 samples, mean = 0.6 (flags = 0x41)
0  -----------O                                                              (11 = 40.7%)
1  ----------------O                                                         (16 = 59.3%) {40.7%}
2  ... 

Histogram: SimpleCache.Code.EntryCreationTime recorded 28 samples, mean = 0.6 (flags = 0x41)
0  ----------O                                                               (10 = 35.7%)
1  ------------------O                                                       (18 = 64.3%) {35.7%}
2  ... 

Histogram: SimpleCache.Code.HeaderSize recorded 3 samples, mean = 36.0 (flags = 0x41)
0   ... 
34  ---O                                                                      (3 = 100.0%) {0.0%}
40  ... 

Histogram: SimpleCache.Code.IndexFileStateOnLoad recorded 1 samples, mean = 2.0 (flags = 0x41)
0  ... 
2  -O                                                                        (1 = 100.0%) {0.0%}
3  ... 

Histogram: SimpleCache.Code.IndexInitializeMethod recorded 1 samples, mean = 1.0 (flags = 0x41)
0  O                                                                         (0 = 0.0%)
1  -O                                                                        (1 = 100.0%) {0.0%}
2  ... 

Histogram: SimpleCache.Code.IndexNumEntriesOnInit recorded 1 samples, mean = 27.0 (flags = 0x41)
0   ... 
25  -O                                                                        (1 = 100.0%) {0.0%}
31  ... 

Histogram: SimpleCache.Code.MaxCacheSizeOnInit recorded 1 samples, mean = 327680.0 (flags = 0x41)
0       ... 
297881  -O                                                                        (1 = 100.0%) {0.0%}
339058  ... 

Histogram: SimpleCache.Code.OpenEntryIndexState recorded 34 samples, mean = 1.8 (flags = 0x41)
0  O                                                                         (0 = 0.0%)
1  -------O                                                                  (7 = 20.6%) {0.0%}
2  ---------------------------O                                              (27 = 79.4%) {20.6%}
3  O                                                                         (0 = 0.0%) {100.0%}

Histogram: SimpleCache.Code.SyncCheckEOFResult recorded 35 samples, mean = 0.0 (flags = 0x40)
0  -----------------------------------O                                      (35 = 100.0%)
1  ... 

Histogram: SimpleCache.Code.SyncCloseResult recorded 28 samples, mean = 0.0 (flags = 0x40)
0  ----------------------------O                                             (28 = 100.0%)
1  ... 

Histogram: SimpleCache.Code.SyncOpenPrefetchMode recorded 27 samples, mean = 0.0 (flags = 0x41)
0  ---------------------------O                                              (27 = 100.0%)
1  ... 

Histogram: SimpleCache.Code.SyncOpenResult recorded 27 samples, mean = 0.0 (flags = 0x40)
0  ---------------------------O                                              (27 = 100.0%)
1  ... 

Histogram: SiteEngagementService.EngagementScore recorded 1 samples, mean = 7.0 (flags = 0x41)
0  ... 
7  -O                                                                        (1 = 100.0%) {0.0%}
8  ... 

Histogram: SiteEngagementService.EngagementType recorded 1 samples, mean = 0.0 (flags = 0x41)
0  -O                                                                        (1 = 100.0%)
1  ... 

Histogram: SiteEngagementService.MeanEngagement recorded 1 samples, mean = 7.0 (flags = 0x41)
0  ... 
7  -O                                                                        (1 = 100.0%) {0.0%}
8  ... 

Histogram: SiteEngagementService.MedianEngagement recorded 1 samples, mean = 7.0 (flags = 0x41)
0  ... 
7  -O                                                                        (1 = 100.0%) {0.0%}
8  ... 

Histogram: SiteEngagementService.OriginsEngaged recorded 1 samples, mean = 1.0 (flags = 0x41)
0  O                                                                         (0 = 0.0%)
1  -O                                                                        (1 = 100.0%) {0.0%}
2  ... 

Histogram: SiteIsolatedCodeCache.JS.Behaviour recorded 35 samples, mean = 0.5 (flags = 0x41)
0  -------------------------O                                                (25 = 71.4%)
1  ------O                                                                   (6 = 17.1%) {71.4%}
2  -O                                                                        (1 = 2.9%) {88.6%}
3  --O                                                                       (2 = 5.7%) {91.4%}
4  -O                                                                        (1 = 2.9%) {97.1%}
5  ... 

Histogram: SiteIsolatedCodeCache.JS.FetchCodeCache recorded 21 samples, mean = 1.0 (flags = 0x41)
0  ---O                                                                      (3 = 14.3%)
1  --------------O                                                           (14 = 66.7%) {14.3%}
2  ----O                                                                     (4 = 19.0%) {81.0%}
3  ... 

Histogram: SiteIsolatedCodeCache.JS.Hit recorded 27 samples, mean = 0.8 (flags = 0x41)
0  ------O                                                                   (6 = 22.2%)
1  ---------------------O                                                    (21 = 77.8%) {22.2%}
2  O                                                                         (0 = 0.0%) {100.0%}

Histogram: SiteIsolatedCodeCache.JS.PotentialMemoryBackedCodeCacheHit recorded 27 samples, mean = 0.0 (flags = 0x41)
0  ---------------------------O                                              (27 = 100.0%)
1  ... 

Histogram: SiteIsolatedCodeCache.JS.PotentialMemoryBackedCodeCacheSize2 recorded 26 samples, mean = 1184224.0 (flags = 0x41)
0       ... 
977583  --------------------------O                                               (26 = 100.0%) {0.0%}
1404020 ... 

Histogram: SiteIsolatedCodeCache.WASM.Behaviour recorded 11 samples, mean = 1.0 (flags = 0x41)
0  O                                                                         (0 = 0.0%)
1  -----------O                                                              (11 = 100.0%) {0.0%}
2  ... 

Histogram: SiteIsolation.BrowsingInstance.MaxCountPerProcess recorded 3 samples, mean = 0.7 (flags = 0x41)
0  -O                                                                        (1 = 33.3%)
1  --O                                                                       (2 = 66.7%) {33.3%}
2  ... 

Histogram: SiteIsolation.NewProcessUsedForNavigationWhenSameSiteProcessExists recorded 1 samples, mean = 0.0 (flags = 0x41)
0  -O                                                                        (1 = 100.0%)
1  ... 

Histogram: SiteIsolation.ProcessPerSiteWithMainFrameThreshold.IsDevToolsUser recorded 1 samples, mean = 0.0 (flags = 0x41)
0  -O                                                                        (1 = 100.0%)
1  ... 

Histogram: Skia.SubmitRenderPasses recorded 17 samples, mean = 0.7 (flags = 0x41)
0  ------------O                                                             (12 = 70.6%)
1  --O                                                                       (2 = 11.8%) {70.6%}
2  -O                                                                        (1 = 5.9%) {82.4%}
3  O                                                                         (0 = 0.0%) {88.2%}
4  --O                                                                       (2 = 11.8%) {88.2%}
5  ... 

Histogram: Sql.Statement.Affiliation.VMSteps recorded 15 samples, mean = 15.5 (flags = 0x41)
0   ... 
3   ----O                                                                     (4 = 26.7%) {0.0%}
4   O                                                                         (0 = 0.0%) {26.7%}
5   -O                                                                        (1 = 6.7%) {26.7%}
6   -O                                                                        (1 = 6.7%) {33.3%}
7   ... 
12  -----O                                                                    (5 = 33.3%) {40.0%}
14  ... 
20  -O                                                                        (1 = 6.7%) {73.3%}
24  O                                                                         (0 = 0.0%) {80.0%}
29  -O                                                                        (1 = 6.7%) {80.0%}
34  O                                                                         (0 = 0.0%) {86.7%}
40  -O                                                                        (1 = 6.7%) {86.7%}
48  -O                                                                        (1 = 6.7%) {93.3%}
57  ... 

Histogram: Sql.Statement.BrowsingTopics.VMSteps recorded 12 samples, mean = 8.0 (flags = 0x41)
0   ... 
3   ----O                                                                     (4 = 33.3%) {0.0%}
4   O                                                                         (0 = 0.0%) {33.3%}
5   -O                                                                        (1 = 8.3%) {33.3%}
6   ... 
8   --O                                                                       (2 = 16.7%) {41.7%}
10  O                                                                         (0 = 0.0%) {58.3%}
12  -----O                                                                    (5 = 41.7%) {58.3%}
14  ... 

Histogram: Sql.Statement.Cookie.VMSteps recorded 42 samples, mean = 21.2 (flags = 0x41)
0   ... 
3   ------------O                                                             (12 = 28.6%) {0.0%}
4   O                                                                         (0 = 0.0%) {28.6%}
5   --O                                                                       (2 = 4.8%) {28.6%}
6   O                                                                         (0 = 0.0%) {33.3%}
7   -O                                                                        (1 = 2.4%) {33.3%}
8   O                                                                         (0 = 0.0%) {35.7%}
10  -O                                                                        (1 = 2.4%) {35.7%}
12  ----------O                                                               (10 = 23.8%) {38.1%}
14  ... 
20  ---O                                                                      (3 = 7.1%) {61.9%}
24  ---O                                                                      (3 = 7.1%) {69.0%}
29  ... 
48  -----O                                                                    (5 = 11.9%) {76.2%}
57  -----O                                                                    (5 = 11.9%) {88.1%}
68  ... 

Histogram: Sql.Statement.DIPS.VMSteps recorded 34 samples, mean = 12.8 (flags = 0x41)
0   ... 
3   --O                                                                       (2 = 5.9%) {0.0%}
4   O                                                                         (0 = 0.0%) {5.9%}
5   -O                                                                        (1 = 2.9%) {5.9%}
6   ... 
8   ----------O                                                               (10 = 29.4%) {8.8%}
10  ---O                                                                      (3 = 8.8%) {38.2%}
12  ---------O                                                                (9 = 26.5%) {47.1%}
14  --O                                                                       (2 = 5.9%) {73.5%}
17  -O                                                                        (1 = 2.9%) {79.4%}
20  ---O                                                                      (3 = 8.8%) {82.4%}
24  --O                                                                       (2 = 5.9%) {91.2%}
29  -O                                                                        (1 = 2.9%) {97.1%}
34  ... 

Histogram: Sql.Statement.FirstPartySets.VMSteps recorded 31 samples, mean = 9.2 (flags = 0x41)
0   ... 
3   ----------O                                                               (10 = 32.3%) {0.0%}
4   O                                                                         (0 = 0.0%) {32.3%}
5   -O                                                                        (1 = 3.2%) {32.3%}
6   ... 
8   ----O                                                                     (4 = 12.9%) {35.5%}
10  ---O                                                                      (3 = 9.7%) {48.4%}
12  -----------O                                                              (11 = 35.5%) {58.1%}
14  ... 
20  -O                                                                        (1 = 3.2%) {93.5%}
24  -O                                                                        (1 = 3.2%) {96.8%}
29  ... 

Histogram: Sql.Statement.History.VMSteps recorded 188 samples, mean = 21.1 (flags = 0x41)
0    ... 
3    ------O                                                                   (6 = 3.2%) {0.0%}
4    O                                                                         (0 = 0.0%) {3.2%}
5    -O                                                                        (1 = 0.5%) {3.2%}
6    --O                                                                       (2 = 1.1%) {3.7%}
7    O                                                                         (0 = 0.0%) {4.8%}
8    ----O                                                                     (4 = 2.1%) {4.8%}
10   ----O                                                                     (4 = 2.1%) {6.9%}
12   ----------------------------------------------------------O               (58 = 30.9%) {9.0%}
14   ---O                                                                      (3 = 1.6%) {39.9%}
17   -------------------------------------O                                    (37 = 19.7%) {41.5%}
20   ----------------------------------------------------O                     (52 = 27.7%) {61.2%}
24   ------O                                                                   (6 = 3.2%) {88.8%}
29   ---O                                                                      (3 = 1.6%) {92.0%}
34   -O                                                                        (1 = 0.5%) {93.6%}
40   O                                                                         (0 = 0.0%) {94.1%}
48   -O                                                                        (1 = 0.5%) {94.1%}
57   -O                                                                        (1 = 0.5%) {94.7%}
68   ----O                                                                     (4 = 2.1%) {95.2%}
81   -O                                                                        (1 = 0.5%) {97.3%}
96   -O                                                                        (1 = 0.5%) {97.9%}
114  O                                                                         (0 = 0.0%) {98.4%}
135  ---O                                                                      (3 = 1.6%) {98.4%}
160  ... 

Histogram: Sql.Statement.OptOutBlacklist.VMSteps recorded 4 samples, mean = 10.8 (flags = 0x41)
0   ... 
5   -O                                                                        (1 = 25.0%) {0.0%}
6   O                                                                         (0 = 0.0%) {25.0%}
7   -O                                                                        (1 = 25.0%) {25.0%}
8   O                                                                         (0 = 0.0%) {50.0%}
10  -O                                                                        (1 = 25.0%) {50.0%}
12  ... 
20  -O                                                                        (1 = 25.0%) {75.0%}
24  ... 

Histogram: Sql.Statement.Passwords.VMSteps recorded 51 samples, mean = 24.6 (flags = 0x41)
0   ... 
3   ----O                                                                     (4 = 7.8%) {0.0%}
4   O                                                                         (0 = 0.0%) {7.8%}
5   --O                                                                       (2 = 3.9%) {7.8%}
6   ------O                                                                   (6 = 11.8%) {11.8%}
7   ----O                                                                     (4 = 7.8%) {23.5%}
8   ---O                                                                      (3 = 5.9%) {31.4%}
10  O                                                                         (0 = 0.0%) {37.3%}
12  ------------O                                                             (12 = 23.5%) {37.3%}
14  --O                                                                       (2 = 3.9%) {60.8%}
17  O                                                                         (0 = 0.0%) {64.7%}
20  --O                                                                       (2 = 3.9%) {64.7%}
24  ... 
34  --O                                                                       (2 = 3.9%) {68.6%}
40  ----O                                                                     (4 = 7.8%) {72.5%}
48  O                                                                         (0 = 0.0%) {80.4%}
57  ----O                                                                     (4 = 7.8%) {80.4%}
68  ------O                                                                   (6 = 11.8%) {88.2%}
81  ... 

Histogram: Sql.Statement.Predictor.VMSteps recorded 15 samples, mean = 15.4 (flags = 0x41)
0   ... 
3   --O                                                                       (2 = 13.3%) {0.0%}
4   O                                                                         (0 = 0.0%) {13.3%}
5   -O                                                                        (1 = 6.7%) {13.3%}
6   ---O                                                                      (3 = 20.0%) {20.0%}
7   O                                                                         (0 = 0.0%) {40.0%}
8   -O                                                                        (1 = 6.7%) {40.0%}
10  --O                                                                       (2 = 13.3%) {46.7%}
12  -O                                                                        (1 = 6.7%) {60.0%}
14  -O                                                                        (1 = 6.7%) {66.7%}
17  ... 
24  -O                                                                        (1 = 6.7%) {73.3%}
29  -O                                                                        (1 = 6.7%) {80.0%}
34  O                                                                         (0 = 0.0%) {86.7%}
40  -O                                                                        (1 = 6.7%) {86.7%}
48  -O                                                                        (1 = 6.7%) {93.3%}
57  ... 

Histogram: Sql.Statement.Quota.VMSteps recorded 27 samples, mean = 8.8 (flags = 0x41)
0   ... 
3   ----O                                                                     (4 = 14.8%) {0.0%}
4   O                                                                         (0 = 0.0%) {14.8%}
5   -O                                                                        (1 = 3.7%) {14.8%}
6   --O                                                                       (2 = 7.4%) {18.5%}
7   O                                                                         (0 = 0.0%) {25.9%}
8   -----O                                                                    (5 = 18.5%) {25.9%}
10  -------O                                                                  (7 = 25.9%) {44.4%}
12  --------O                                                                 (8 = 29.6%) {70.4%}
14  ... 

Histogram: Sql.Statement.ReportingAndNEL.VMSteps recorded 12 samples, mean = 13.8 (flags = 0x41)
0   ... 
3   --O                                                                       (2 = 16.7%) {0.0%}
4   O                                                                         (0 = 0.0%) {16.7%}
5   -O                                                                        (1 = 8.3%) {16.7%}
6   -O                                                                        (1 = 8.3%) {25.0%}
7   ... 
12  -----O                                                                    (5 = 41.7%) {33.3%}
14  ... 
20  -O                                                                        (1 = 8.3%) {75.0%}
24  O                                                                         (0 = 0.0%) {83.3%}
29  -O                                                                        (1 = 8.3%) {83.3%}
34  -O                                                                        (1 = 8.3%) {91.7%}
40  ... 

Histogram: Sql.Statement.SharedDictionary.VMSteps recorded 20 samples, mean = 9.1 (flags = 0x41)
0   ... 
3   --------O                                                                 (8 = 40.0%) {0.0%}
4   O                                                                         (0 = 0.0%) {40.0%}
5   -O                                                                        (1 = 5.0%) {40.0%}
6   ... 
8   -O                                                                        (1 = 5.0%) {45.0%}
10  O                                                                         (0 = 0.0%) {50.0%}
12  -------O                                                                  (7 = 35.0%) {50.0%}
14  O                                                                         (0 = 0.0%) {85.0%}
17  --O                                                                       (2 = 10.0%) {85.0%}
20  -O                                                                        (1 = 5.0%) {95.0%}
24  ... 

Histogram: Sql.Statement.SharedStorage.VMSteps recorded 3 samples, mean = 7.7 (flags = 0x41)
0   ... 
5   -O                                                                        (1 = 33.3%) {0.0%}
6   ... 
8   -O                                                                        (1 = 33.3%) {33.3%}
10  -O                                                                        (1 = 33.3%) {66.7%}
12  ... 

Histogram: Sql.Statement.Thumbnail.VMSteps recorded 20 samples, mean = 10.4 (flags = 0x41)
0   ... 
3   ------O                                                                   (6 = 30.0%) {0.0%}
4   O                                                                         (0 = 0.0%) {30.0%}
5   -O                                                                        (1 = 5.0%) {30.0%}
6   ... 
8   -O                                                                        (1 = 5.0%) {35.0%}
10  O                                                                         (0 = 0.0%) {40.0%}
12  ----------O                                                               (10 = 50.0%) {40.0%}
14  ... 
20  -O                                                                        (1 = 5.0%) {90.0%}
24  O                                                                         (0 = 0.0%) {95.0%}
29  -O                                                                        (1 = 5.0%) {95.0%}
34  ... 

Histogram: Sql.Statement.TopSites.VMSteps recorded 13 samples, mean = 12.7 (flags = 0x41)
0   ... 
3   --O                                                                       (2 = 15.4%) {0.0%}
4   O                                                                         (0 = 0.0%) {15.4%}
5   -O                                                                        (1 = 7.7%) {15.4%}
6   ... 
12  ---------O                                                                (9 = 69.2%) {23.1%}
14  ... 
40  -O                                                                        (1 = 7.7%) {92.3%}
48  ... 

Histogram: Sql.Statement.TrustTokens.VMSteps recorded 16 samples, mean = 14.1 (flags = 0x41)
0   ... 
3   --O                                                                       (2 = 12.5%) {0.0%}
4   O                                                                         (0 = 0.0%) {12.5%}
5   -O                                                                        (1 = 6.2%) {12.5%}
6   ---O                                                                      (3 = 18.8%) {18.8%}
7   ... 
10  -O                                                                        (1 = 6.2%) {37.5%}
12  -----O                                                                    (5 = 31.2%) {43.8%}
14  ... 
20  -O                                                                        (1 = 6.2%) {75.0%}
24  O                                                                         (0 = 0.0%) {81.2%}
29  -O                                                                        (1 = 6.2%) {81.2%}
34  --O                                                                       (2 = 12.5%) {87.5%}
40  ... 

Histogram: Sql.Statement.UKMMetrics.VMSteps recorded 28 samples, mean = 14.1 (flags = 0x41)
0   ... 
3   -----O                                                                    (5 = 17.9%) {0.0%}
4   O                                                                         (0 = 0.0%) {17.9%}
5   -O                                                                        (1 = 3.6%) {17.9%}
6   ... 
8   ------O                                                                   (6 = 21.4%) {21.4%}
10  O                                                                         (0 = 0.0%) {42.9%}
12  ------O                                                                   (6 = 21.4%) {42.9%}
14  -O                                                                        (1 = 3.6%) {64.3%}
17  O                                                                         (0 = 0.0%) {67.9%}
20  ------O                                                                   (6 = 21.4%) {67.9%}
24  O                                                                         (0 = 0.0%) {89.3%}
29  -O                                                                        (1 = 3.6%) {89.3%}
34  O                                                                         (0 = 0.0%) {92.9%}
40  --O                                                                       (2 = 7.1%) {92.9%}
48  ... 

Histogram: Sql.Statement.Web.VMSteps recorded 116 samples, mean = 53.1 (flags = 0x41)
0    ... 
3    --------O                                                                 (8 = 6.9%) {0.0%}
4    -O                                                                        (1 = 0.9%) {6.9%}
5    -O                                                                        (1 = 0.9%) {7.8%}
6    ------------O                                                             (12 = 10.3%) {8.6%}
7    ----------O                                                               (10 = 8.6%) {19.0%}
8    ------O                                                                   (6 = 5.2%) {27.6%}
10   ---------O                                                                (9 = 7.8%) {32.8%}
12   --------------O                                                           (14 = 12.1%) {40.5%}
14   -O                                                                        (1 = 0.9%) {52.6%}
17   ---O                                                                      (3 = 2.6%) {53.4%}
20   -O                                                                        (1 = 0.9%) {56.0%}
24   -O                                                                        (1 = 0.9%) {56.9%}
29   --O                                                                       (2 = 1.7%) {57.8%}
34   --O                                                                       (2 = 1.7%) {59.5%}
40   --O                                                                       (2 = 1.7%) {61.2%}
48   ---O                                                                      (3 = 2.6%) {62.9%}
57   ----O                                                                     (4 = 3.4%) {65.5%}
68   ----O                                                                     (4 = 3.4%) {69.0%}
81   --O                                                                       (2 = 1.7%) {72.4%}
96   -------O                                                                  (7 = 6.0%) {74.1%}
114  -----O                                                                    (5 = 4.3%) {80.2%}
135  -------O                                                                  (7 = 6.0%) {84.5%}
160  -----O                                                                    (5 = 4.3%) {90.5%}
190  ------O                                                                   (6 = 5.2%) {94.8%}
226  ... 

Histogram: Sql.vfs.SyncTime recorded 67 samples, mean = 0.0 (flags = 0x41)
0  ------------------------------------------------------------------O       (66 = 98.5%)
1  -O                                                                        (1 = 1.5%) {98.5%}
2  ... 

Histogram: Stability.Counts2 recorded 8 samples, mean = 24.2 (flags = 0x43)
0   ... 
2   -O                                                                        (1 = 12.5%) {0.0%}
3   ... 
15  -O                                                                        (1 = 12.5%) {12.5%}
16  ... 
26  ---O                                                                      (3 = 37.5%) {25.0%}
27  ... 
33  ---O                                                                      (3 = 37.5%) {62.5%}
34  O                                                                         (0 = 0.0%) {100.0%}

Histogram: Stability.Experimental.PageLoads recorded 1 samples, mean = 17.0 (flags = 0x41)
0   ... 
17  -O                                                                        (1 = 100.0%) {0.0%}
18  O                                                                         (0 = 0.0%) {100.0%}

Histogram: Startup.AfterStartupTaskCount recorded 1 samples, mean = 2.0 (flags = 0x41)
0  ... 
2  -O                                                                        (1 = 100.0%) {0.0%}
3  ... 

Histogram: Startup.AfterStartupTaskDelayedUntilTime recorded 1 samples, mean = 22367.0 (flags = 0x41)
0      ... 
20614  -O                                                                        (1 = 100.0%) {0.0%}
27929  ... 

Histogram: Startup.BrowserMainRunnerImplInitializeLongTime recorded 1 samples, mean = 156.0 (flags = 0x41)
0    ... 
137  -O                                                                        (1 = 100.0%) {0.0%}
158  ... 

Histogram: Startup.BrowserMessageLoopFirstIdle recorded 1 samples, mean = 8880003.0 (flags = 0x41)
0        ... 
3600000  -O                                                                        (1 = 100.0%) {0.0%}

Histogram: Startup.BrowserMessageLoopStartTime recorded 1 samples, mean = 205.0 (flags = 0x41)
0    ... 
182  -O                                                                        (1 = 100.0%) {0.0%}
210  ... 

Histogram: Startup.CreateFirstProfile recorded 1 samples, mean = 88.0 (flags = 0x41)
0   ... 
87  -O                                                                        (1 = 100.0%) {0.0%}
118 ... 

Histogram: Startup.FirstWebContents.FinishReason recorded 1 samples, mean = 6.0 (flags = 0x41)
0  ... 
6  -O                                                                        (1 = 100.0%) {0.0%}
7  ... 

Histogram: Startup.LoadTime.ApplicationStartToChromeMain recorded 1 samples, mean = 0.0 (flags = 0x41)
0  -O                                                                        (1 = 100.0%)
1  ... 

Histogram: Startup.LoadTime.ProcessCreateToApplicationStart recorded 1 samples, mean = 12516.0 (flags = 0x41)
0      ... 
11230  -O                                                                        (1 = 100.0%) {0.0%}
15215  ... 

Histogram: Startup.LoadTime.RecordedProcessCreation recorded 1 samples, mean = 1.0 (flags = 0x1)
0  O                                                                         (0 = 0.0%)
1  -O                                                                        (1 = 100.0%) {0.0%}
2  O                                                                         (0 = 0.0%) {100.0%}

Histogram: Startup.PreMainMessageLoopRunImplLongTime recorded 1 samples, mean = 101.0 (flags = 0x41)
0   ... 
89  -O                                                                        (1 = 100.0%) {0.0%}
103 ... 

Histogram: Startup.Temperature recorded 1 samples, mean = 3.0 (flags = 0x41)
0  ... 
3  -O                                                                        (1 = 100.0%) {0.0%}
4  O                                                                         (0 = 0.0%) {100.0%}

Histogram: Storage.Blob.CreateDirectoryResult recorded 1 samples, mean = 0.0 (flags = 0x41)
0  -O                                                                        (1 = 100.0%)
1  ... 

Histogram: Storage.SessionStorage.RendererAreaCacheHit recorded 2 samples, mean = 1.0 (flags = 0x41)
0  -O                                                                        (1 = 50.0%)
1  O                                                                         (0 = 0.0%) {50.0%}
2  -O                                                                        (1 = 50.0%) {50.0%}
3  O                                                                         (0 = 0.0%) {100.0%}

Histogram: Storage.SharedStorage.Database.Timing.OpenImpl recorded 1 samples, mean = 7.0 (flags = 0x41)
0  ... 
7  -O                                                                        (1 = 100.0%) {0.0%}
8  ... 

Histogram: Storage.SharedStorage.OnShutdown.NumSqlErrors recorded 1 samples, mean = 0.0 (flags = 0x41)
0  -O                                                                        (1 = 100.0%)
1  ... 

Histogram: Storage.SharedStorage.OnShutdown.RecoveryFromInitFailureAttempted recorded 1 samples, mean = 0.0 (flags = 0x41)
0  -O                                                                        (1 = 100.0%)
1  ... 

Histogram: Storage.SharedStorage.OnShutdown.RecoveryOnDiskAttempted recorded 1 samples, mean = 0.0 (flags = 0x41)
0  -O                                                                        (1 = 100.0%)
1  ... 

Histogram: Storage.SharedStorage.Worklet.NumPerPage recorded 1 samples, mean = 0.0 (flags = 0x41)
0  -O                                                                        (1 = 100.0%)
1  ... 

Histogram: Storage.SharedStorage.Worklet.SelectURL.CallsPerPage recorded 1 samples, mean = 0.0 (flags = 0x41)
0  -O                                                                        (1 = 100.0%)
1  ... 

Histogram: Style.InvalidationTime recorded 8 samples, mean = 45.0 (flags = 0x41)
0   ... 
21  ----O                                                                     (4 = 50.0%) {0.0%}
29  ... 
55  ---O                                                                      (3 = 37.5%) {50.0%}
76  -O                                                                        (1 = 12.5%) {87.5%}
105 ... 

Histogram: Style.RebuildLayoutTreeTime recorded 14 samples, mean = 178.7 (flags = 0x41)
0     ... 
15    -O                                                                        (1 = 7.1%) {0.0%}
21    -O                                                                        (1 = 7.1%) {7.1%}
29    ---O                                                                      (3 = 21.4%) {14.3%}
40    --O                                                                       (2 = 14.3%) {35.7%}
55    ----O                                                                     (4 = 28.6%) {50.0%}
76    -O                                                                        (1 = 7.1%) {78.6%}
105   -O                                                                        (1 = 7.1%) {85.7%}
146   ... 
1447  -O                                                                        (1 = 7.1%) {92.9%}
2008  ... 

Histogram: Style.RecalcTime recorded 17 samples, mean = 1277.2 (flags = 0x41)
0     O                                                                         (0 = 0.0%)
1     -O                                                                        (1 = 5.9%) {0.0%}
2     ... 
55    --O                                                                       (2 = 11.8%) {5.9%}
76    ... 
203   --O                                                                       (2 = 11.8%) {17.6%}
282   -O                                                                        (1 = 5.9%) {29.4%}
391   -O                                                                        (1 = 5.9%) {35.3%}
542   O                                                                         (0 = 0.0%) {41.2%}
752   ---O                                                                      (3 = 17.6%) {41.2%}
1043  --O                                                                       (2 = 11.8%) {58.8%}
1447  -O                                                                        (1 = 5.9%) {70.6%}
2008  --O                                                                       (2 = 11.8%) {76.5%}
2786  O                                                                         (0 = 0.0%) {88.2%}
3865  --O                                                                       (2 = 11.8%) {88.2%}
5362  ... 

Histogram: SubresourceFilter.MainFrameLoad.RulesetIsAvailableAnyActivationLevel recorded 1 samples, mean = 0.0 (flags = 0x41)
0  -O                                                                        (1 = 100.0%)
1  ... 

Histogram: SubresourceFilter.PageLoad.ActivationDecision recorded 1 samples, mean = 1.0 (flags = 0x41)
0  O                                                                         (0 = 0.0%)
1  -O                                                                        (1 = 100.0%) {0.0%}
2  ... 

Histogram: SubresourceFilter.PageLoad.ActivationList recorded 1 samples, mean = 0.0 (flags = 0x41)
0  -O                                                                        (1 = 100.0%)
1  ... 

Histogram: SubresourceFilter.PageLoad.ActivationState recorded 2 samples, mean = 0.0 (flags = 0x41)
0  --O                                                                       (2 = 100.0%)
1  ... 

Histogram: SubresourceFilter.PageLoad.SafeBrowsingDelay recorded 1 samples, mean = 0.0 (flags = 0x41)
0  -O                                                                        (1 = 100.0%)
1  ... 

Histogram: SubresourceFilter.SafeBrowsing.TotalCheckTime recorded 2 samples, mean = 0.0 (flags = 0x41)
0  --O                                                                       (2 = 100.0%)
1  ... 

Histogram: Sync.ModelTypeStoreBackendError.ReadRecords recorded 5 samples, mean = 1.0 (flags = 0x41)
0  O                                                                         (0 = 0.0%)
1  -----O                                                                    (5 = 100.0%) {0.0%}
2  ... 

Histogram: Sync.ModelTypeStoreBackendInitializationSuccess recorded 1 samples, mean = 1.0 (flags = 0x41)
0  O                                                                         (0 = 0.0%)
1  -O                                                                        (1 = 100.0%) {0.0%}
2  O                                                                         (0 = 0.0%) {100.0%}

Histogram: Sync.PassphraseType2 recorded 1 samples, mean = 0.0 (flags = 0x41)
0  -O                                                                        (1 = 100.0%)
1  ... 

Histogram: Sync.SyncToSigninMigrationDecision recorded 1 samples, mean = 1.0 (flags = 0x41)
0  O                                                                         (0 = 0.0%)
1  -O                                                                        (1 = 100.0%) {0.0%}
2  ... 

Histogram: Sync.TrustedVaultFileReadStatus recorded 1 samples, mean = 0.0 (flags = 0x41)
0  -O                                                                        (1 = 100.0%)
1  ... 

Histogram: Sync.TrustedVaultFileWriteSuccess recorded 1 samples, mean = 1.0 (flags = 0x41)
0  O                                                                         (0 = 0.0%)
1  -O                                                                        (1 = 100.0%) {0.0%}
2  O                                                                         (0 = 0.0%) {100.0%}

Histogram: TabGroups.CollapsedGroupCountPerLoad recorded 1 samples, mean = 0.0 (flags = 0x41)
0  -O                                                                        (1 = 100.0%)
1  ... 

Histogram: TabGroups.UserCustomizedGroupCountPerLoad recorded 1 samples, mean = 0.0 (flags = 0x41)
0  -O                                                                        (1 = 100.0%)
1  ... 

Histogram: TabGroups.UserGroupCountPerLoad recorded 1 samples, mean = 0.0 (flags = 0x41)
0  -O                                                                        (1 = 100.0%)
1  ... 

Histogram: TabGroups.UserPinnedTabCountPerLoad recorded 1 samples, mean = 0.0 (flags = 0x41)
0  -O                                                                        (1 = 100.0%)
1  ... 

Histogram: Tabs.NewNavigationWithSameOriginTab recorded 1 samples, mean = 0.0 (flags = 0x41)
0  -O                                                                        (1 = 100.0%)
1  ... 

Histogram: Tabs.NumberOfTabsOnResume recorded 6 samples, mean = 0.0 (flags = 0x41)
0  ------O                                                                   (6 = 100.0%)
1  ... 

Histogram: Tabs.NumberOfTabsOnResume.OnBattery recorded 3 samples, mean = 0.0 (flags = 0x41)
0  ---O                                                                      (3 = 100.0%)
1  ... 

Histogram: Tabs.NumberOfTabsOnResume.PluggedIn recorded 3 samples, mean = 0.0 (flags = 0x41)
0  ---O                                                                      (3 = 100.0%)
1  ... 

Histogram: Tabs.TabCount recorded 26 samples, mean = 0.0 (flags = 0x41)
0  --------------------------O                                               (26 = 100.0%)
1  ... 

Histogram: Tabs.TabCount.OnBattery recorded 19 samples, mean = 0.0 (flags = 0x41)
0  -------------------O                                                      (19 = 100.0%)
1  ... 

Histogram: Tabs.TabCount.PluggedIn recorded 7 samples, mean = 0.0 (flags = 0x41)
0  -------O                                                                  (7 = 100.0%)
1  ... 

Histogram: Tabs.TabCountPerLoad recorded 1 samples, mean = 0.0 (flags = 0x41)
0  -O                                                                        (1 = 100.0%)
1  ... 

Histogram: Tabs.WindowCount recorded 26 samples, mean = 0.0 (flags = 0x41)
0  --------------------------O                                               (26 = 100.0%)
1  ... 

Histogram: Tabs.WindowCount.OnBattery recorded 19 samples, mean = 0.0 (flags = 0x41)
0  -------------------O                                                      (19 = 100.0%)
1  ... 

Histogram: Tabs.WindowCount.PluggedIn recorded 7 samples, mean = 0.0 (flags = 0x41)
0  -------O                                                                  (7 = 100.0%)
1  ... 

Histogram: ThirdPartyModules.InputMethodEditorsCount recorded 1 samples, mean = 0.0 (flags = 0x41)
0  -O                                                                        (1 = 100.0%)
1  ... 

Histogram: ThreadPool.UnnecessaryWakeup.Browser.Background recorded 1 samples, mean = 1.0 (flags = 0x41)
0  O                                                                         (0 = 0.0%)
1  -O                                                                        (1 = 100.0%) {0.0%}
2  O                                                                         (0 = 0.0%) {100.0%}

Histogram: ThreadPool.UnnecessaryWakeup.Browser.Foreground recorded 218 samples, mean = 1.0 (flags = 0x41)
0  O                                                                         (0 = 0.0%)
1  ------------------------------------------------------------------------O (218 = 100.0%) {0.0%}
2  O                                                                         (0 = 0.0%) {100.0%}

Histogram: ThreadPool.UnnecessaryWakeup.ContentChild.Background recorded 1 samples, mean = 1.0 (flags = 0x41)
0  O                                                                         (0 = 0.0%)
1  -O                                                                        (1 = 100.0%) {0.0%}
2  O                                                                         (0 = 0.0%) {100.0%}

Histogram: ThreadPool.UnnecessaryWakeup.ContentChild.Foreground recorded 119 samples, mean = 1.0 (flags = 0x41)
0  O                                                                         (0 = 0.0%)
1  ------------------------------------------------------------------------O (119 = 100.0%) {0.0%}
2  O                                                                         (0 = 0.0%) {100.0%}

Histogram: ThreadPool.UnnecessaryWakeup.GPU.Foreground recorded 2 samples, mean = 1.0 (flags = 0x41)
0  O                                                                         (0 = 0.0%)
1  --O                                                                       (2 = 100.0%) {0.0%}
2  O                                                                         (0 = 0.0%) {100.0%}

Histogram: ThreadPool.UnnecessaryWakeup.Renderer.Foreground recorded 68 samples, mean = 1.0 (flags = 0x41)
0  O                                                                         (0 = 0.0%)
1  --------------------------------------------------------------------O     (68 = 100.0%) {0.0%}
2  O                                                                         (0 = 0.0%) {100.0%}

Histogram: Translate.ApplicationStart.AlwaysTranslateLanguage.Count recorded 1 samples, mean = 0.0 (flags = 0x41)
0  -O                                                                        (1 = 100.0%)
1  ... 

Histogram: Translate.ApplicationStart.NeverTranslateLanguage recorded 1 samples (flags = 0x41)
1670494558  -O                                                                        (1 = 100.0%)

Histogram: Translate.ApplicationStart.NeverTranslateLanguage.Count recorded 1 samples, mean = 1.0 (flags = 0x41)
0  O                                                                         (0 = 0.0%)
1  -O                                                                        (1 = 100.0%) {0.0%}
2  ... 

Histogram: Translate.ApplicationStart.NeverTranslateSite.Count recorded 1 samples, mean = 0.0 (flags = 0x41)
0  -O                                                                        (1 = 100.0%)
1  ... 

Histogram: Translate.LanguageDetection.LanguageVerification recorded 1 samples, mean = 2.0 (flags = 0x41)
0  ... 
2  -O                                                                        (1 = 100.0%) {0.0%}
3  ... 

Histogram: Translate.LanguageDeterminedDuration recorded 1 samples, mean = 1329.0 (flags = 0x41)
0    ... 
989  -O                                                                        (1 = 100.0%) {0.0%}
1340 ... 

Histogram: Translate.PageLoad.FinalSourceLanguage recorded 1 samples (flags = 0x41)
1670494558  -O                                                                        (1 = 100.0%)

Histogram: Translate.PageLoad.FinalState recorded 1 samples, mean = 1.0 (flags = 0x41)
0  O                                                                         (0 = 0.0%)
1  -O                                                                        (1 = 100.0%) {0.0%}
2  ... 

Histogram: Translate.PageLoad.FinalTargetLanguage recorded 1 samples (flags = 0x41)
1670494558  -O                                                                        (1 = 100.0%)

Histogram: Translate.PageLoad.InitialSourceLanguage recorded 1 samples (flags = 0x41)
1670494558  -O                                                                        (1 = 100.0%)

Histogram: Translate.PageLoad.InitialState recorded 1 samples, mean = 1.0 (flags = 0x41)
0  O                                                                         (0 = 0.0%)
1  -O                                                                        (1 = 100.0%) {0.0%}
2  ... 

Histogram: Translate.PageLoad.InitialTargetLanguage recorded 1 samples (flags = 0x41)
1670494558  -O                                                                        (1 = 100.0%)

Histogram: Translate.PageLoad.InitialTargetLanguage.Origin recorded 1 samples, mean = 1.0 (flags = 0x41)
0  O                                                                         (0 = 0.0%)
1  -O                                                                        (1 = 100.0%) {0.0%}
2  ... 

Histogram: Translate.PageLoad.IsInitialSourceLanguageInUsersContentLanguages recorded 1 samples, mean = 1.0 (flags = 0x41)
0  O                                                                         (0 = 0.0%)
1  -O                                                                        (1 = 100.0%) {0.0%}
2  O                                                                         (0 = 0.0%) {100.0%}

Histogram: Translate.PageLoad.NumReversions recorded 1 samples, mean = 0.0 (flags = 0x41)
0  -O                                                                        (1 = 100.0%)
1  ... 

Histogram: Translate.PageLoad.NumTargetLanguageChanges recorded 1 samples, mean = 0.0 (flags = 0x41)
0  -O                                                                        (1 = 100.0%)
1  ... 

Histogram: Translate.PageLoad.NumTranslations recorded 1 samples, mean = 0.0 (flags = 0x41)
0  -O                                                                        (1 = 100.0%)
1  ... 

Histogram: Translate.PageLoad.Ranker.Decision recorded 1 samples, mean = 1.0 (flags = 0x41)
0  O                                                                         (0 = 0.0%)
1  -O                                                                        (1 = 100.0%) {0.0%}
2  ... 

Histogram: Translate.PageLoad.Ranker.Version recorded 1 samples (flags = 0x41)
0  -O                                                                        (1 = 100.0%)

Histogram: Translate.PageLoad.TriggerDecision recorded 1 samples, mean = 4.0 (flags = 0x41)
0  ... 
4  -O                                                                        (1 = 100.0%) {0.0%}
5  ... 

Histogram: Translate.Ranker.Model.Status2 recorded 2 samples, mean = 6.5 (flags = 0x41)
0  ... 
6  -O                                                                        (1 = 50.0%) {0.0%}
7  -O                                                                        (1 = 50.0%) {50.0%}
8  O                                                                         (0 = 0.0%) {100.0%}

Histogram: UI.DeviceScale recorded 2 samples (flags = 0x41)
100  -O                                                                        (1 = 50.0%)
200  -O                                                                        (1 = 50.0%)

Histogram: UKM.Entries.Dropped recorded 237 samples, mean = 1.0 (flags = 0x41)
0  O                                                                         (0 = 0.0%)
1  ------------------------------------------------------------------------O (237 = 100.0%) {0.0%}
2  ... 

Histogram: UKM.Entries.Dropped.ByEntryHash recorded 237 samples (flags = 0x41)
58315124    -O                                                                        (1 = 0.4%)
181657211   -O                                                                        (1 = 0.4%)
182085608   -O                                                                        (1 = 0.4%)
189164898   -O                                                                        (1 = 0.4%)
251237400   -O                                                                        (1 = 0.4%)
270025173   -O                                                                        (1 = 0.4%)
277070773   -O                                                                        (1 = 0.4%)
385121421   -O                                                                        (1 = 0.4%)
480593958   -----O                                                                    (5 = 2.1%)
532600439   ---O                                                                      (3 = 1.3%)
575234402   -O                                                                        (1 = 0.4%)
624513781   -O                                                                        (1 = 0.4%)
654949485   ----------------O                                                         (16 = 6.8%)
661477988   -O                                                                        (1 = 0.4%)
705322609   ---O                                                                      (3 = 1.3%)
805578149   -O                                                                        (1 = 0.4%)
810755299   -O                                                                        (1 = 0.4%)
828084724   ---------------------------------------------------------------O          (63 = 26.6%)
854760832   -O                                                                        (1 = 0.4%)
888761441   -O                                                                        (1 = 0.4%)
902138984   ----------O                                                               (10 = 4.2%)
986870865   ----O                                                                     (4 = 1.7%)
1004547038  -O                                                                        (1 = 0.4%)
1035062417  -O                                                                        (1 = 0.4%)
1078164680  --O                                                                       (2 = 0.8%)
1149114043  -O                                                                        (1 = 0.4%)
1262170432  ------O                                                                   (6 = 2.5%)
1321082436  --O                                                                       (2 = 0.8%)
1350795912  -O                                                                        (1 = 0.4%)
1354891390  -O                                                                        (1 = 0.4%)
1404242571  ---------------------------------------------------------------O          (63 = 26.6%)
1548358279  -O                                                                        (1 = 0.4%)
1604233346  -------O                                                                  (7 = 3.0%)
1607081943  -O                                                                        (1 = 0.4%)
1645426679  -----O                                                                    (5 = 2.1%)
1663717192  -O                                                                        (1 = 0.4%)
1767609109  -----------O                                                              (11 = 4.6%)
1790338714  -O                                                                        (1 = 0.4%)
1832900131  ----O                                                                     (4 = 1.7%)
1866365893  -O                                                                        (1 = 0.4%)
1871083634  -O                                                                        (1 = 0.4%)
1982793904  -O                                                                        (1 = 0.4%)
2037740339  -----O                                                                    (5 = 2.1%)
2066033668  -O                                                                        (1 = 0.4%)

Histogram: UKM.PersistentLogRecall.Status recorded 1 samples, mean = 1.0 (flags = 0x41)
0  O                                                                         (0 = 0.0%)
1  -O                                                                        (1 = 100.0%) {0.0%}
2  ... 

Histogram: UKM.Sources.Dropped recorded 5 samples, mean = 1.0 (flags = 0x41)
0  O                                                                         (0 = 0.0%)
1  -----O                                                                    (5 = 100.0%) {0.0%}
2  ... 

Histogram: UKM.WebDXFeatureSets.Dropped recorded 2 samples, mean = 1.0 (flags = 0x41)
0  O                                                                         (0 = 0.0%)
1  --O                                                                       (2 = 100.0%) {0.0%}
2  ... 

Histogram: UMA.ChildProcess.Ping.Periodic recorded 15 samples, mean = 1.0 (flags = 0x41)
0  -----O                                                                    (5 = 33.3%)
1  -----O                                                                    (5 = 33.3%) {33.3%}
2  -----O                                                                    (5 = 33.3%) {66.7%}
3  O                                                                         (0 = 0.0%) {100.0%}

Histogram: UMA.ChildProcess.Ping.SharedMemorySetUp recorded 22 samples, mean = 1.0 (flags = 0x41)
0  --------O                                                                 (8 = 36.4%)
1  -------O                                                                  (7 = 31.8%) {36.4%}
2  -------O                                                                  (7 = 31.8%) {68.2%}
3  O                                                                         (0 = 0.0%) {100.0%}

Histogram: UMA.CleanExitBeaconConsistency3 recorded 1 samples, mean = 0.0 (flags = 0x41)
0  -O                                                                        (1 = 100.0%)
1  ... 

Histogram: UMA.EntropySourceType recorded 1 samples, mean = 1.0 (flags = 0x41)
0  O                                                                         (0 = 0.0%)
1  -O                                                                        (1 = 100.0%) {0.0%}
2  ... 

Histogram: UMA.LocalHistogram recorded 9 samples, mean = 1.0 (flags = 0x40)
0  O                                                                         (0 = 0.0%)
1  ---------O                                                                (9 = 100.0%) {0.0%}
2  O                                                                         (0 = 0.0%) {100.0%}

Histogram: UMA.MachineIdState recorded 1 samples, mean = 3.0 (flags = 0x41)
0  ... 
3  -O                                                                        (1 = 100.0%) {0.0%}
4  O                                                                         (0 = 0.0%) {100.0%}

Histogram: UMA.MetricsService.Initialize.Time recorded 1 samples, mean = 43.0 (flags = 0x41)
0   ... 
37  -O                                                                        (1 = 100.0%) {0.0%}
49  ... 

Histogram: UMA.MetricsService.PendingOngoingLogOnDisable recorded 1 samples, mean = 0.0 (flags = 0x41)
0  -O                                                                        (1 = 100.0%)
1  ... 

Histogram: UMA.PersistentAllocator.BrowserMetrics.Errors recorded 0 samples (flags = 0x41)
0 ... 

Histogram: UMA.PersistentAllocator.BrowserMetrics.UsedPct recorded 0 samples (flags = 0x41)
0 ... 

Histogram: UMA.PersistentAllocator.EarlyHistograms.BrowserMetrics recorded 1 samples, mean = 1.0 (flags = 0x41)
0  O                                                                         (0 = 0.0%)
1  -O                                                                        (1 = 100.0%) {0.0%}
2  ... 

Histogram: UMA.PersistentAllocator.EarlyHistograms.GpuMetrics recorded 1 samples, mean = 25.0 (flags = 0x41)
0   ... 
25  -O                                                                        (1 = 100.0%) {0.0%}
26  ... 

Histogram: UMA.PersistentAllocator.EarlyHistograms.RendererMetrics recorded 3 samples, mean = 30.3 (flags = 0x41)
0   ... 
30  ---O                                                                      (3 = 100.0%) {0.0%}
32  ... 

Histogram: UMA.PersistentAllocator.EarlyHistograms.UtilityMetrics recorded 3 samples, mean = 7.0 (flags = 0x41)
0  ... 
7  ---O                                                                      (3 = 100.0%) {0.0%}
8  ... 

Histogram: UMA.PersistentAllocator.FieldTrialAllocator.Errors recorded 0 samples (flags = 0x41)
0 ... 

Histogram: UMA.PersistentAllocator.FieldTrialAllocator.UsedPct recorded 8 samples, mean = 0.0 (flags = 0x41)
0  --------O                                                                 (8 = 100.0%)
1  ... 

Histogram: UMA.PersistentHistograms.InitResult recorded 1 samples, mean = 2.0 (flags = 0x41)
0  ... 
2  -O                                                                        (1 = 100.0%) {0.0%}
3  ... 

Histogram: UMA.Pseudo.PageLoad.LayoutInstability.CumulativeShiftScore recorded 1 samples, mean = 0.0 (flags = 0x41)
0  -O                                                                        (1 = 100.0%)
1  ... 

Histogram: UMA.Pseudo.PageLoad.LayoutInstability.MaxCumulativeShiftScore.SessionWindow.Gap1000ms.Max5000ms2 recorded 1 samples, mean = 0.0 (flags = 0x41)
0  -O                                                                        (1 = 100.0%)
1  ... 

Histogram: UnifiedConsent.MakeSearchesAndBrowsingBetter.OnProfileLoad recorded 1 samples, mean = 0.0 (flags = 0x41)
0  -O                                                                        (1 = 100.0%)
1  ... 

Histogram: V8.CollectSourcePositions recorded 22 samples, mean = 77.7 (flags = 0x41)
0    ... 
7    --O                                                                       (2 = 9.1%) {0.0%}
9    --O                                                                       (2 = 9.1%) {9.1%}
12   --O                                                                       (2 = 9.1%) {18.2%}
16   -O                                                                        (1 = 4.5%) {27.3%}
21   ---O                                                                      (3 = 13.6%) {31.8%}
28   -O                                                                        (1 = 4.5%) {45.5%}
37   -O                                                                        (1 = 4.5%) {50.0%}
49   -O                                                                        (1 = 4.5%) {54.5%}
65   --O                                                                       (2 = 9.1%) {59.1%}
86   --O                                                                       (2 = 9.1%) {68.2%}
113  --O                                                                       (2 = 9.1%) {77.3%}
149  --O                                                                       (2 = 9.1%) {86.4%}
196  ... 
340  -O                                                                        (1 = 4.5%) {95.5%}
448  ... 

Histogram: V8.CompileDeserializeMicroSeconds recorded 20 samples, mean = 6.2 (flags = 0x41)
0   O                                                                         (0 = 0.0%)
1   --O                                                                       (2 = 10.0%) {0.0%}
2   ---O                                                                      (3 = 15.0%) {10.0%}
3   ------O                                                                   (6 = 30.0%) {25.0%}
4   -O                                                                        (1 = 5.0%) {55.0%}
5   O                                                                         (0 = 0.0%) {60.0%}
7   ----O                                                                     (4 = 20.0%) {60.0%}
9   ---O                                                                      (3 = 15.0%) {80.0%}
12  ... 
28  -O                                                                        (1 = 5.0%) {95.0%}
37  ... 

Histogram: V8.CompileLazyMicroSeconds recorded 5 samples, mean = 4682.2 (flags = 0x41)
0      ... 
55     -O                                                                        (1 = 20.0%) {0.0%}
76     ... 
1447   --O                                                                       (2 = 40.0%) {20.0%}
2008   ... 
3865   -O                                                                        (1 = 20.0%) {60.0%}
5362   ... 
14319  -O                                                                        (1 = 20.0%) {80.0%}
19866  ... 

Histogram: V8.CompileMicroSeconds recorded 22 samples, mean = 33.2 (flags = 0x41)
0    ... 
3    -----O                                                                    (5 = 22.7%) {0.0%}
4    ---O                                                                      (3 = 13.6%) {22.7%}
5    ---O                                                                      (3 = 13.6%) {36.4%}
7    ... 
16   -O                                                                        (1 = 4.5%) {50.0%}
21   --O                                                                       (2 = 9.1%) {54.5%}
28   -----O                                                                    (5 = 22.7%) {63.6%}
37   -O                                                                        (1 = 4.5%) {86.4%}
49   ... 
149  -O                                                                        (1 = 4.5%) {90.9%}
196  -O                                                                        (1 = 4.5%) {95.5%}
258  ... 

Histogram: V8.CompileScript.CacheBehaviour recorded 48 samples, mean = 5.1 (flags = 0x41)
0   ... 
2   --------------------O                                                     (20 = 41.7%) {0.0%}
3   O                                                                         (0 = 0.0%) {41.7%}
4   ----------------O                                                         (16 = 33.3%) {41.7%}
5   ... 
8   --O                                                                       (2 = 4.2%) {75.0%}
9   ... 
12  ------O                                                                   (6 = 12.5%) {79.2%}
13  ----O                                                                     (4 = 8.3%) {91.7%}
14  ... 

Histogram: V8.CompileScriptMicroSeconds recorded 48 samples, mean = 50.2 (flags = 0x41)
0    O                                                                         (0 = 0.0%)
1    -O                                                                        (1 = 2.1%) {0.0%}
2    --O                                                                       (2 = 4.2%) {2.1%}
3    ------O                                                                   (6 = 12.5%) {6.2%}
4    --O                                                                       (2 = 4.2%) {18.8%}
5    --O                                                                       (2 = 4.2%) {22.9%}
7    -O                                                                        (1 = 2.1%) {27.1%}
9    -----O                                                                    (5 = 10.4%) {29.2%}
12   -------O                                                                  (7 = 14.6%) {39.6%}
16   -----O                                                                    (5 = 10.4%) {54.2%}
21   ---O                                                                      (3 = 6.2%) {64.6%}
28   --O                                                                       (2 = 4.2%) {70.8%}
37   --O                                                                       (2 = 4.2%) {75.0%}
49   ---O                                                                      (3 = 6.2%) {79.2%}
65   O                                                                         (0 = 0.0%) {85.4%}
86   ---O                                                                      (3 = 6.2%) {85.4%}
113  -O                                                                        (1 = 2.1%) {91.7%}
149  O                                                                         (0 = 0.0%) {93.8%}
196  -O                                                                        (1 = 2.1%) {93.8%}
258  ... 
448  --O                                                                       (2 = 4.2%) {95.8%}
590  ... 

Histogram: V8.CompileScriptMicroSeconds.BackgroundThread recorded 6 samples, mean = 5855.3 (flags = 0x41)
0      ... 
196    -O                                                                        (1 = 16.7%) {0.0%}
258    --O                                                                       (2 = 33.3%) {16.7%}
340    ... 
777    -O                                                                        (1 = 16.7%) {50.0%}
1023   O                                                                         (0 = 0.0%) {66.7%}
1347   -O                                                                        (1 = 16.7%) {66.7%}
1774   ... 
27864  -O                                                                        (1 = 16.7%) {83.3%}
36699  ... 

Histogram: V8.CompileScriptMicroSeconds.ConsumeCache recorded 20 samples, mean = 8.9 (flags = 0x41)
0   O                                                                         (0 = 0.0%)
1   -O                                                                        (1 = 5.0%) {0.0%}
2   --O                                                                       (2 = 10.0%) {5.0%}
3   ----O                                                                     (4 = 20.0%) {15.0%}
4   --O                                                                       (2 = 10.0%) {35.0%}
5   --O                                                                       (2 = 10.0%) {45.0%}
7   O                                                                         (0 = 0.0%) {55.0%}
9   -O                                                                        (1 = 5.0%) {55.0%}
12  -------O                                                                  (7 = 35.0%) {60.0%}
16  ... 
37  -O                                                                        (1 = 5.0%) {95.0%}
49  ... 

Histogram: V8.CompileScriptMicroSeconds.ConsumeCache.BackgroundThread recorded 20 samples, mean = 237.5 (flags = 0x41)
0     ... 
21    -O                                                                        (1 = 5.0%) {0.0%}
28    -----O                                                                    (5 = 25.0%) {5.0%}
37    ---O                                                                      (3 = 15.0%) {30.0%}
49    ----O                                                                     (4 = 20.0%) {45.0%}
65    O                                                                         (0 = 0.0%) {65.0%}
86    -O                                                                        (1 = 5.0%) {65.0%}
113   ---O                                                                      (3 = 15.0%) {70.0%}
149   O                                                                         (0 = 0.0%) {85.0%}
196   --O                                                                       (2 = 10.0%) {85.0%}
258   ... 
3077  -O                                                                        (1 = 5.0%) {95.0%}
4053  ... 

Histogram: V8.CompileScriptMicroSeconds.NoCache.InlineScript recorded 16 samples, mean = 51.4 (flags = 0x41)
0    ... 
7    -O                                                                        (1 = 6.2%) {0.0%}
9    -O                                                                        (1 = 6.2%) {6.2%}
12   -O                                                                        (1 = 6.2%) {12.5%}
16   ----O                                                                     (4 = 25.0%) {18.8%}
21   --O                                                                       (2 = 12.5%) {43.8%}
28   -O                                                                        (1 = 6.2%) {56.2%}
37   --O                                                                       (2 = 12.5%) {62.5%}
49   ... 
86   --O                                                                       (2 = 12.5%) {75.0%}
113  -O                                                                        (1 = 6.2%) {87.5%}
149  O                                                                         (0 = 0.0%) {93.8%}
196  -O                                                                        (1 = 6.2%) {93.8%}
258  ... 

Histogram: V8.CompileScriptMicroSeconds.NoCache.Other recorded 6 samples, mean = 230.3 (flags = 0x41)
0    ... 
49   ---O                                                                      (3 = 50.0%) {0.0%}
65   O                                                                         (0 = 0.0%) {50.0%}
86   -O                                                                        (1 = 16.7%) {50.0%}
113  ... 
448  --O                                                                       (2 = 33.3%) {66.7%}
590  ... 

Histogram: V8.CompileScriptMicroSeconds.StreamingFinalization recorded 6 samples, mean = 12.3 (flags = 0x41)
0   ... 
3   -O                                                                        (1 = 16.7%) {0.0%}
4   O                                                                         (0 = 0.0%) {16.7%}
5   -O                                                                        (1 = 16.7%) {16.7%}
7   ... 
12  --O                                                                       (2 = 33.3%) {33.3%}
16  -O                                                                        (1 = 16.7%) {66.7%}
21  -O                                                                        (1 = 16.7%) {83.3%}
28  ... 

Histogram: V8.ErrorsThrownPerContext recorded 1 samples, mean = 0.0 (flags = 0x41)
0  -O                                                                        (1 = 100.0%)
1  ... 

Histogram: V8.GC.Cycle.CollectionRate.Full recorded 3 samples, mean = 93.3 (flags = 0x41)
0    ... 
80   --O                                                                       (2 = 66.7%) {0.0%}
100  -O                                                                        (1 = 33.3%) {66.7%}

Histogram: V8.GC.Cycle.CollectionRate.Full.Cpp recorded 3 samples, mean = 84.7 (flags = 0x41)
0    ... 
51   -O                                                                        (1 = 33.3%) {0.0%}
64   O                                                                         (0 = 0.0%) {33.3%}
80   -O                                                                        (1 = 33.3%) {33.3%}
100  -O                                                                        (1 = 33.3%) {66.7%}

Histogram: V8.GC.Cycle.CollectionRate.Young recorded 12 samples, mean = 33.4 (flags = 0x41)
0   ... 
17  -O                                                                        (1 = 8.3%) {0.0%}
21  --O                                                                       (2 = 16.7%) {8.3%}
26  ---O                                                                      (3 = 25.0%) {25.0%}
33  ---O                                                                      (3 = 25.0%) {50.0%}
41  --O                                                                       (2 = 16.7%) {75.0%}
51  -O                                                                        (1 = 8.3%) {91.7%}
64  ... 

Histogram: V8.GC.Cycle.CollectionWeight.Full recorded 3 samples, mean = 0.0 (flags = 0x41)
0  ---O                                                                      (3 = 100.0%)
1  ... 

Histogram: V8.GC.Cycle.CollectionWeight.Full.Cpp recorded 3 samples, mean = 0.0 (flags = 0x41)
0  ---O                                                                      (3 = 100.0%)
1  ... 

Histogram: V8.GC.Cycle.CollectionWeight.MainThread.Full recorded 3 samples, mean = 0.0 (flags = 0x41)
0  ---O                                                                      (3 = 100.0%)
1  ... 

Histogram: V8.GC.Cycle.CollectionWeight.MainThread.Full.Cpp recorded 3 samples, mean = 0.0 (flags = 0x41)
0  ---O                                                                      (3 = 100.0%)
1  ... 

Histogram: V8.GC.Cycle.Efficiency.Full recorded 3 samples, mean = 25.3 (flags = 0x41)
0   -O                                                                        (1 = 33.3%)
1   O                                                                         (0 = 0.0%) {33.3%}
2   -O                                                                        (1 = 33.3%) {33.3%}
3   ... 
65  -O                                                                        (1 = 33.3%) {66.7%}
88  ... 

Histogram: V8.GC.Cycle.Efficiency.Full.Cpp recorded 3 samples, mean = 168.7 (flags = 0x41)
0    -O                                                                        (1 = 33.3%)
1    O                                                                         (0 = 0.0%) {33.3%}
2    -O                                                                        (1 = 33.3%) {33.3%}
3    ... 
411  -O                                                                        (1 = 33.3%) {66.7%}
559  ... 

Histogram: V8.GC.Cycle.Efficiency.MainThread.Full recorded 3 samples, mean = 198.0 (flags = 0x41)
0    -O                                                                        (1 = 33.3%)
1    ... 
7    -O                                                                        (1 = 33.3%) {33.3%}
10   ... 
559  -O                                                                        (1 = 33.3%) {66.7%}
760  ... 

Histogram: V8.GC.Cycle.Efficiency.MainThread.Full.Cpp recorded 3 samples, mean = 281.0 (flags = 0x41)
0    -O                                                                        (1 = 33.3%)
1    ... 
4    -O                                                                        (1 = 33.3%) {33.3%}
5    ... 
760  -O                                                                        (1 = 33.3%) {66.7%}
1034 ... 

Histogram: V8.GC.Cycle.Efficiency.MainThread.Young recorded 12 samples, mean = 1809.6 (flags = 0x41)
0     ... 
411   -O                                                                        (1 = 8.3%) {0.0%}
559   -O                                                                        (1 = 8.3%) {8.3%}
760   --O                                                                       (2 = 16.7%) {16.7%}
1034  --O                                                                       (2 = 16.7%) {33.3%}
1407  --O                                                                       (2 = 16.7%) {50.0%}
1914  -O                                                                        (1 = 8.3%) {66.7%}
2604  --O                                                                       (2 = 16.7%) {75.0%}
3542  -O                                                                        (1 = 8.3%) {91.7%}
4818  ... 

Histogram: V8.GC.Cycle.Efficiency.Young recorded 12 samples, mean = 788.3 (flags = 0x41)
0     ... 
222   -O                                                                        (1 = 8.3%) {0.0%}
302   O                                                                         (0 = 0.0%) {8.3%}
411   ---O                                                                      (3 = 25.0%) {8.3%}
559   ---O                                                                      (3 = 25.0%) {33.3%}
760   --O                                                                       (2 = 16.7%) {58.3%}
1034  --O                                                                       (2 = 16.7%) {75.0%}
1407  -O                                                                        (1 = 8.3%) {91.7%}
1914  ... 

Histogram: V8.GC.Cycle.Full recorded 3 samples, mean = 41.7 (flags = 0x41)
0   ... 
34  --O                                                                       (2 = 66.7%) {0.0%}
40  O                                                                         (0 = 0.0%) {66.7%}
48  -O                                                                        (1 = 33.3%) {66.7%}
57  ... 

Histogram: V8.GC.Cycle.Full.Compact recorded 3 samples, mean = 5.7 (flags = 0x41)
0   ... 
2   --O                                                                       (2 = 66.7%) {0.0%}
3   ... 
12  -O                                                                        (1 = 33.3%) {66.7%}
14  ... 

Histogram: V8.GC.Cycle.Full.Compact.Cpp recorded 3 samples, mean = 0.3 (flags = 0x41)
0  --O                                                                       (2 = 66.7%)
1  -O                                                                        (1 = 33.3%) {66.7%}
2  ... 

Histogram: V8.GC.Cycle.Full.Cpp recorded 3 samples, mean = 5.3 (flags = 0x41)
0  ... 
4  -O                                                                        (1 = 33.3%) {0.0%}
5  O                                                                         (0 = 0.0%) {33.3%}
6  --O                                                                       (2 = 66.7%) {33.3%}
7  ... 

Histogram: V8.GC.Cycle.Full.Mark recorded 3 samples, mean = 30.3 (flags = 0x41)
0   ... 
24  --O                                                                       (2 = 66.7%) {0.0%}
29  O                                                                         (0 = 0.0%) {66.7%}
34  -O                                                                        (1 = 33.3%) {66.7%}
40  ... 

Histogram: V8.GC.Cycle.Full.Mark.Cpp recorded 3 samples, mean = 2.7 (flags = 0x41)
0  ... 
2  -O                                                                        (1 = 33.3%) {0.0%}
3  --O                                                                       (2 = 66.7%) {33.3%}
4  ... 

Histogram: V8.GC.Cycle.Full.Sweep recorded 3 samples, mean = 3.0 (flags = 0x41)
0  ... 
3  ---O                                                                      (3 = 100.0%) {0.0%}
4  ... 

Histogram: V8.GC.Cycle.Full.Sweep.Cpp recorded 3 samples, mean = 1.3 (flags = 0x41)
0  -O                                                                        (1 = 33.3%)
1  -O                                                                        (1 = 33.3%) {33.3%}
2  O                                                                         (0 = 0.0%) {66.7%}
3  -O                                                                        (1 = 33.3%) {66.7%}
4  ... 

Histogram: V8.GC.Cycle.Full.Weak recorded 3 samples, mean = 0.0 (flags = 0x41)
0  ---O                                                                      (3 = 100.0%)
1  ... 

Histogram: V8.GC.Cycle.Full.Weak.Cpp recorded 3 samples, mean = 0.0 (flags = 0x41)
0  ---O                                                                      (3 = 100.0%)
1  ... 

Histogram: V8.GC.Cycle.MainThread.Full recorded 3 samples, mean = 6.7 (flags = 0x41)
0   ... 
4   -O                                                                        (1 = 33.3%) {0.0%}
5   O                                                                         (0 = 0.0%) {33.3%}
6   -O                                                                        (1 = 33.3%) {33.3%}
7   ... 
10  -O                                                                        (1 = 33.3%) {66.7%}
12  ... 

Histogram: V8.GC.Cycle.MainThread.Full.Atomic recorded 3 samples, mean = 4.0 (flags = 0x41)
0  ... 
2  -O                                                                        (1 = 33.3%) {0.0%}
3  -O                                                                        (1 = 33.3%) {33.3%}
4  ... 
7  -O                                                                        (1 = 33.3%) {66.7%}
8  ... 

Histogram: V8.GC.Cycle.MainThread.Full.Atomic.Compact recorded 3 samples, mean = 2.3 (flags = 0x41)
0  O                                                                         (0 = 0.0%)
1  -O                                                                        (1 = 33.3%) {0.0%}
2  -O                                                                        (1 = 33.3%) {33.3%}
3  O                                                                         (0 = 0.0%) {66.7%}
4  -O                                                                        (1 = 33.3%) {66.7%}
5  ... 

Histogram: V8.GC.Cycle.MainThread.Full.Atomic.Compact.Cpp recorded 3 samples, mean = 0.3 (flags = 0x41)
0  --O                                                                       (2 = 66.7%)
1  -O                                                                        (1 = 33.3%) {66.7%}
2  ... 

Histogram: V8.GC.Cycle.MainThread.Full.Atomic.Cpp recorded 3 samples, mean = 0.3 (flags = 0x41)
0  --O                                                                       (2 = 66.7%)
1  -O                                                                        (1 = 33.3%) {66.7%}
2  ... 

Histogram: V8.GC.Cycle.MainThread.Full.Atomic.Mark recorded 3 samples, mean = 0.0 (flags = 0x41)
0  ---O                                                                      (3 = 100.0%)
1  ... 

Histogram: V8.GC.Cycle.MainThread.Full.Atomic.Mark.Cpp recorded 3 samples, mean = 0.0 (flags = 0x41)
0  ---O                                                                      (3 = 100.0%)
1  ... 

Histogram: V8.GC.Cycle.MainThread.Full.Atomic.Sweep recorded 3 samples, mean = 0.0 (flags = 0x41)
0  ---O                                                                      (3 = 100.0%)
1  ... 

Histogram: V8.GC.Cycle.MainThread.Full.Atomic.Sweep.Cpp recorded 3 samples, mean = 0.0 (flags = 0x41)
0  ---O                                                                      (3 = 100.0%)
1  ... 

Histogram: V8.GC.Cycle.MainThread.Full.Atomic.Weak recorded 3 samples, mean = 0.0 (flags = 0x41)
0  ---O                                                                      (3 = 100.0%)
1  ... 

Histogram: V8.GC.Cycle.MainThread.Full.Atomic.Weak.Cpp recorded 3 samples, mean = 0.0 (flags = 0x41)
0  ---O                                                                      (3 = 100.0%)
1  ... 

Histogram: V8.GC.Cycle.MainThread.Full.Compact recorded 3 samples, mean = 2.3 (flags = 0x41)
0  O                                                                         (0 = 0.0%)
1  -O                                                                        (1 = 33.3%) {0.0%}
2  -O                                                                        (1 = 33.3%) {33.3%}
3  O                                                                         (0 = 0.0%) {66.7%}
4  -O                                                                        (1 = 33.3%) {66.7%}
5  ... 

Histogram: V8.GC.Cycle.MainThread.Full.Compact.Cpp recorded 3 samples, mean = 0.3 (flags = 0x41)
0  --O                                                                       (2 = 66.7%)
1  -O                                                                        (1 = 33.3%) {66.7%}
2  ... 

Histogram: V8.GC.Cycle.MainThread.Full.Cpp recorded 3 samples, mean = 2.7 (flags = 0x41)
0  O                                                                         (0 = 0.0%)
1  -O                                                                        (1 = 33.3%) {0.0%}
2  O                                                                         (0 = 0.0%) {33.3%}
3  -O                                                                        (1 = 33.3%) {33.3%}
4  -O                                                                        (1 = 33.3%) {66.7%}
5  ... 

Histogram: V8.GC.Cycle.MainThread.Full.Incremental.Mark recorded 3 samples, mean = 2.0 (flags = 0x41)
0  O                                                                         (0 = 0.0%)
1  -O                                                                        (1 = 33.3%) {0.0%}
2  -O                                                                        (1 = 33.3%) {33.3%}
3  -O                                                                        (1 = 33.3%) {66.7%}
4  ... 

Histogram: V8.GC.Cycle.MainThread.Full.Incremental.Mark.Cpp recorded 3 samples, mean = 1.0 (flags = 0x41)
0  O                                                                         (0 = 0.0%)
1  ---O                                                                      (3 = 100.0%) {0.0%}
2  ... 

Histogram: V8.GC.Cycle.MainThread.Full.Incremental.Mark.StartStop recorded 3 samples, mean = 4.3 (flags = 0x41)
0  ... 
4  --O                                                                       (2 = 66.7%) {0.0%}
5  -O                                                                        (1 = 33.3%) {66.7%}
6  ... 

Histogram: V8.GC.Cycle.MainThread.Full.Incremental.Sweep recorded 3 samples, mean = 0.0 (flags = 0x41)
0  ---O                                                                      (3 = 100.0%)
1  ... 

Histogram: V8.GC.Cycle.MainThread.Full.Incremental.Sweep.Cpp recorded 3 samples, mean = 0.7 (flags = 0x41)
0  --O                                                                       (2 = 66.7%)
1  O                                                                         (0 = 0.0%) {66.7%}
2  -O                                                                        (1 = 33.3%) {66.7%}
3  ... 

Histogram: V8.GC.Cycle.MainThread.Full.Mark recorded 3 samples, mean = 3.0 (flags = 0x41)
0  ... 
2  -O                                                                        (1 = 33.3%) {0.0%}
3  -O                                                                        (1 = 33.3%) {33.3%}
4  -O                                                                        (1 = 33.3%) {66.7%}
5  ... 

Histogram: V8.GC.Cycle.MainThread.Full.Mark.Cpp recorded 3 samples, mean = 1.0 (flags = 0x41)
0  O                                                                         (0 = 0.0%)
1  ---O                                                                      (3 = 100.0%) {0.0%}
2  ... 

Histogram: V8.GC.Cycle.MainThread.Full.Sweep recorded 3 samples, mean = 0.0 (flags = 0x41)
0  ---O                                                                      (3 = 100.0%)
1  ... 

Histogram: V8.GC.Cycle.MainThread.Full.Sweep.Cpp recorded 3 samples, mean = 0.7 (flags = 0x41)
0  --O                                                                       (2 = 66.7%)
1  O                                                                         (0 = 0.0%) {66.7%}
2  -O                                                                        (1 = 33.3%) {66.7%}
3  ... 

Histogram: V8.GC.Cycle.MainThread.Full.Weak recorded 3 samples, mean = 0.0 (flags = 0x41)
0  ---O                                                                      (3 = 100.0%)
1  ... 

Histogram: V8.GC.Cycle.MainThread.Full.Weak.Cpp recorded 3 samples, mean = 0.0 (flags = 0x41)
0  ---O                                                                      (3 = 100.0%)
1  ... 

Histogram: V8.GC.Cycle.MainThread.Young recorded 12 samples, mean = 0.1 (flags = 0x41)
0  -----------O                                                              (11 = 91.7%)
1  -O                                                                        (1 = 8.3%) {91.7%}
2  ... 

Histogram: V8.GC.Cycle.Memory.Freed.Full recorded 3 samples, mean = 2986.7 (flags = 0x41)
0     ... 
222   -O                                                                        (1 = 33.3%) {0.0%}
302   ... 
1034  -O                                                                        (1 = 33.3%) {33.3%}
1407  ... 
6554  -O                                                                        (1 = 33.3%) {66.7%}
8915  ... 

Histogram: V8.GC.Cycle.Memory.Freed.Full.Cpp recorded 3 samples, mean = 1109.3 (flags = 0x41)
0     -O                                                                        (1 = 33.3%)
1     ... 
1407  --O                                                                       (2 = 66.7%) {33.3%}
1914  ... 

Histogram: V8.GC.Cycle.Objects.After.Full recorded 3 samples, mean = 11505.0 (flags = 0x41)
0     ... 
8915  ---O                                                                      (3 = 100.0%) {0.0%}
12127 ... 

Histogram: V8.GC.Cycle.Objects.After.Full.Cpp recorded 3 samples, mean = 4413.0 (flags = 0x41)
0     ... 
3542  ---O                                                                      (3 = 100.0%) {0.0%}
4818  ... 

Histogram: V8.GC.Cycle.Objects.Before.Full recorded 3 samples, mean = 12418.7 (flags = 0x41)
0      ... 
8915   --O                                                                       (2 = 66.7%) {0.0%}
12127  -O                                                                        (1 = 33.3%) {66.7%}
16496  ... 

Histogram: V8.GC.Cycle.Objects.Before.Full.Cpp recorded 3 samples, mean = 5595.0 (flags = 0x41)
0     ... 
3542  --O                                                                       (2 = 66.7%) {0.0%}
4818  O                                                                         (0 = 0.0%) {66.7%}
6554  -O                                                                        (1 = 33.3%) {66.7%}
8915  ... 

Histogram: V8.GC.Cycle.Objects.Freed.Full recorded 3 samples, mean = 913.7 (flags = 0x41)
0     -O                                                                        (1 = 33.3%)
1     ... 
88    -O                                                                        (1 = 33.3%) {33.3%}
120   ... 
2604  -O                                                                        (1 = 33.3%) {66.7%}
3542  ... 

Histogram: V8.GC.Cycle.Objects.Freed.Full.Cpp recorded 3 samples, mean = 1181.7 (flags = 0x41)
0     -O                                                                        (1 = 33.3%)
1     ... 
14    -O                                                                        (1 = 33.3%) {33.3%}
19    ... 
2604  -O                                                                        (1 = 33.3%) {66.7%}
3542  ... 

Histogram: V8.GC.Cycle.Reason.Full recorded 3 samples, mean = 9.0 (flags = 0x41)
0  ... 
9  ---O                                                                      (3 = 100.0%) {0.0%}
10 ... 

Histogram: V8.GC.Cycle.Reason.Young recorded 12 samples, mean = 5.6 (flags = 0x41)
0   O                                                                         (0 = 0.0%)
1   -------O                                                                  (7 = 58.3%) {0.0%}
2   ... 
12  -----O                                                                    (5 = 41.7%) {58.3%}
13  ... 

Histogram: V8.GC.Cycle.Young recorded 12 samples, mean = 1.2 (flags = 0x41)
0  -O                                                                        (1 = 8.3%)
1  ---------O                                                                (9 = 75.0%) {8.3%}
2  -O                                                                        (1 = 8.3%) {83.3%}
3  -O                                                                        (1 = 8.3%) {91.7%}
4  ... 

Histogram: V8.GC.Event.MainThread.Full.Finalize.Incremental.ReduceMemory recorded 2 samples, mean = 5.0 (flags = 0x41)
0  ... 
3  -O                                                                        (1 = 50.0%) {0.0%}
4  ... 
7  -O                                                                        (1 = 50.0%) {50.0%}
8  ... 

Histogram: V8.GC.Event.MainThread.Full.Finalize.Incremental.ReduceMemory.Foreground recorded 2 samples, mean = 5.0 (flags = 0x41)
0  ... 
3  -O                                                                        (1 = 50.0%) {0.0%}
4  ... 
7  -O                                                                        (1 = 50.0%) {50.0%}
8  ... 

Histogram: V8.GC.Event.MainThread.Full.Finalize.Incremental.Regular recorded 1 samples, mean = 2.0 (flags = 0x41)
0  ... 
2  -O                                                                        (1 = 100.0%) {0.0%}
3  ... 

Histogram: V8.GC.Event.MainThread.Full.Finalize.Incremental.Regular.Foreground recorded 1 samples, mean = 2.0 (flags = 0x41)
0  ... 
2  -O                                                                        (1 = 100.0%) {0.0%}
3  ... 

Histogram: V8.GC.Event.MainThread.Full.Incremental.Mark recorded 129 samples, mean = 0.0 (flags = 0x41)
0  ------------------------------------------------------------------------O (129 = 100.0%)
1  ... 

Histogram: V8.GC.Event.MainThread.Full.Incremental.Mark.Cpp recorded 136 samples, mean = 0.0 (flags = 0x41)
0  ------------------------------------------------------------------------O (136 = 100.0%)
1  ... 

Histogram: V8.GC.Event.MainThread.Full.Incremental.Sweep.Cpp recorded 309 samples, mean = 0.0 (flags = 0x41)
0  ------------------------------------------------------------------------O (308 = 99.7%)
1  O                                                                         (0 = 0.0%) {99.7%}
2  O                                                                         (1 = 0.3%) {99.7%}
3  ... 

Histogram: V8.GC.TimeToSafepoint recorded 18 samples, mean = 1.4 (flags = 0x41)
0   -----------O                                                              (11 = 61.1%)
1   ------O                                                                   (6 = 33.3%) {61.1%}
2   ... 
15  -O                                                                        (1 = 5.6%) {94.4%}
21  ... 

Histogram: V8.GCFinalizeMC.Clear recorded 1 samples, mean = 0.0 (flags = 0x41)
0  -O                                                                        (1 = 100.0%)
1  ... 

Histogram: V8.GCFinalizeMC.Epilogue recorded 1 samples, mean = 0.0 (flags = 0x41)
0  -O                                                                        (1 = 100.0%)
1  ... 

Histogram: V8.GCFinalizeMC.Evacuate recorded 1 samples, mean = 1.0 (flags = 0x41)
0  O                                                                         (0 = 0.0%)
1  -O                                                                        (1 = 100.0%) {0.0%}
2  ... 

Histogram: V8.GCFinalizeMC.Finish recorded 1 samples, mean = 0.0 (flags = 0x41)
0  -O                                                                        (1 = 100.0%)
1  ... 

Histogram: V8.GCFinalizeMC.Mark recorded 1 samples, mean = 0.0 (flags = 0x41)
0  -O                                                                        (1 = 100.0%)
1  ... 

Histogram: V8.GCFinalizeMC.Prologue recorded 1 samples, mean = 0.0 (flags = 0x41)
0  -O                                                                        (1 = 100.0%)
1  ... 

Histogram: V8.GCFinalizeMC.Sweep recorded 1 samples, mean = 0.0 (flags = 0x41)
0  -O                                                                        (1 = 100.0%)
1  ... 

Histogram: V8.GCIncrementalMarking recorded 129 samples, mean = 0.0 (flags = 0x41)
0  ------------------------------------------------------------------------O (128 = 99.2%)
1  -O                                                                        (1 = 0.8%) {99.2%}
2  ... 

Histogram: V8.GCIncrementalMarkingReason recorded 3 samples, mean = 12.0 (flags = 0x41)
0   ... 
2   -O                                                                        (1 = 33.3%) {0.0%}
3   ... 
17  --O                                                                       (2 = 66.7%) {33.3%}
18  ... 

Histogram: V8.GCIncrementalMarkingStart recorded 3 samples, mean = 0.0 (flags = 0x41)
0  ---O                                                                      (3 = 100.0%)
1  ... 

Histogram: V8.GCIncrementalMarkingSum recorded 1 samples, mean = 1.0 (flags = 0x41)
0  O                                                                         (0 = 0.0%)
1  -O                                                                        (1 = 100.0%) {0.0%}
2  ... 

Histogram: V8.GCMarkCompactReason recorded 3 samples, mean = 9.0 (flags = 0x41)
0  ... 
9  ---O                                                                      (3 = 100.0%) {0.0%}
10 ... 

Histogram: V8.GCScavenger.ScavengeMain recorded 12 samples, mean = 0.0 (flags = 0x41)
0  ------------O                                                             (12 = 100.0%)
1  ... 

Histogram: V8.GCScavenger.ScavengeRoots recorded 12 samples, mean = 0.0 (flags = 0x41)
0  ------------O                                                             (12 = 100.0%)
1  ... 

Histogram: V8.JSDispatchTableEntriesCount recorded 3 samples, mean = 1.0 (flags = 0x41)
0  O                                                                         (0 = 0.0%)
1  ---O                                                                      (3 = 100.0%) {0.0%}
2  ... 

Histogram: V8.LocalWindowProxy.CreateContextTime recorded 4 samples, mean = 1.0 (flags = 0x41)
0  --O                                                                       (2 = 50.0%)
1  O                                                                         (0 = 0.0%) {50.0%}
2  --O                                                                       (2 = 50.0%) {50.0%}
3  ... 

Histogram: V8.LocalWindowProxy.InitializeTime recorded 4 samples, mean = 1.8 (flags = 0x41)
0  -O                                                                        (1 = 25.0%)
1  -O                                                                        (1 = 25.0%) {25.0%}
2  O                                                                         (0 = 0.0%) {50.0%}
3  --O                                                                       (2 = 50.0%) {50.0%}
4  ... 

Histogram: V8.MaglevOptimizeExecute recorded 175 samples, mean = 228.3 (flags = 0x41)
0     ... 
13    -O                                                                        (1 = 0.6%) {0.0%}
16    -O                                                                        (1 = 0.6%) {0.6%}
20    --O                                                                       (2 = 1.1%) {1.1%}
25    --O                                                                       (2 = 1.1%) {2.3%}
31    -----O                                                                    (5 = 2.9%) {3.4%}
39    --------O                                                                 (8 = 4.6%) {6.3%}
49    ---------O                                                                (9 = 5.1%) {10.9%}
61    ----------------O                                                         (16 = 9.1%) {16.0%}
76    --------O                                                                 (8 = 4.6%) {25.1%}
95    -------------O                                                            (13 = 7.4%) {29.7%}
119   -----------O                                                              (11 = 6.3%) {37.1%}
149   ------------------------O                                                 (24 = 13.7%) {43.4%}
186   ------------------O                                                       (18 = 10.3%) {57.1%}
233   --------------------O                                                     (20 = 11.4%) {67.4%}
292   -------------O                                                            (13 = 7.4%) {78.9%}
365   ---------O                                                                (9 = 5.1%) {86.3%}
457   ---O                                                                      (3 = 1.7%) {91.4%}
572   ----O                                                                     (4 = 2.3%) {93.1%}
716   --O                                                                       (2 = 1.1%) {95.4%}
896   ---O                                                                      (3 = 1.7%) {96.6%}
1122  -O                                                                        (1 = 0.6%) {98.3%}
1404  O                                                                         (0 = 0.0%) {98.9%}
1757  --O                                                                       (2 = 1.1%) {98.9%}
2199  ... 

Histogram: V8.MaglevOptimizeFinalize recorded 175 samples, mean = 6.0 (flags = 0x41)
0   ---------O                                                                (9 = 5.1%)
1   -----------------O                                                        (17 = 9.7%) {5.1%}
2   ---------------O                                                          (15 = 8.6%) {14.9%}
3   -----------------------O                                                  (23 = 13.1%) {23.4%}
4   -----------------------O                                                  (23 = 13.1%) {36.6%}
5   -----------O                                                              (11 = 6.3%) {49.7%}
6   -------------------------------------O                                    (37 = 21.1%) {56.0%}
8   ------------O                                                             (12 = 6.9%) {77.1%}
10  --------------O                                                           (14 = 8.0%) {84.0%}
13  -----O                                                                    (5 = 2.9%) {92.0%}
16  ----O                                                                     (4 = 2.3%) {94.9%}
20  -O                                                                        (1 = 0.6%) {97.1%}
25  ---O                                                                      (3 = 1.7%) {97.7%}
31  O                                                                         (0 = 0.0%) {99.4%}
39  -O                                                                        (1 = 0.6%) {99.4%}
49  ... 

Histogram: V8.MaglevOptimizePrepare recorded 175 samples, mean = 0.1 (flags = 0x41)
0  ------------------------------------------------------------------------O (152 = 86.9%)
1  -----------O                                                              (23 = 13.1%) {86.9%}
2  ... 

Histogram: V8.MaglevOptimizeTotalTime recorded 175 samples, mean = 699.8 (flags = 0x41)
0      ... 
21     -O                                                                        (1 = 0.6%) {0.0%}
28     --O                                                                       (2 = 1.1%) {0.6%}
37     -----O                                                                    (5 = 2.9%) {1.7%}
49     ----O                                                                     (4 = 2.3%) {4.6%}
65     ------------O                                                             (12 = 6.9%) {6.9%}
86     -------------O                                                            (13 = 7.4%) {13.7%}
113    ---------------O                                                          (15 = 8.6%) {21.1%}
149    ----------------O                                                         (16 = 9.1%) {29.7%}
196    -------------------------O                                                (25 = 14.3%) {38.9%}
258    --------------------------O                                               (26 = 14.9%) {53.1%}
340    -------------------O                                                      (19 = 10.9%) {68.0%}
448    -------------O                                                            (13 = 7.4%) {78.9%}
590    ---------O                                                                (9 = 5.1%) {86.3%}
777    -----O                                                                    (5 = 2.9%) {91.4%}
1023   ----O                                                                     (4 = 2.3%) {94.3%}
1347   -O                                                                        (1 = 0.6%) {96.6%}
1774   -O                                                                        (1 = 0.6%) {97.1%}
2336   ... 
4053   --O                                                                       (2 = 1.1%) {97.7%}
5338   -O                                                                        (1 = 0.6%) {98.9%}
7031   ... 
48336  -O                                                                        (1 = 0.6%) {99.4%}
63662  ... 

Histogram: V8.MemoryExternalFragmentationCodeSpace recorded 15 samples, mean = 41.2 (flags = 0x41)
0   ... 
11  -O                                                                        (1 = 6.7%) {0.0%}
12  ... 
14  -O                                                                        (1 = 6.7%) {6.7%}
15  O                                                                         (0 = 0.0%) {13.3%}
16  -O                                                                        (1 = 6.7%) {13.3%}
17  ... 
19  -O                                                                        (1 = 6.7%) {20.0%}
20  --O                                                                       (2 = 13.3%) {26.7%}
21  ... 
23  -O                                                                        (1 = 6.7%) {40.0%}
24  ... 
27  -O                                                                        (1 = 6.7%) {46.7%}
28  ... 
35  -O                                                                        (1 = 6.7%) {53.3%}
36  ... 
39  -O                                                                        (1 = 6.7%) {60.0%}
40  ... 
73  -O                                                                        (1 = 6.7%) {66.7%}
74  ... 
76  -O                                                                        (1 = 6.7%) {73.3%}
77  O                                                                         (0 = 0.0%) {80.0%}
78  -O                                                                        (1 = 6.7%) {80.0%}
79  -O                                                                        (1 = 6.7%) {86.7%}
80  ... 
88  -O                                                                        (1 = 6.7%) {93.3%}
89  ... 

Histogram: V8.MemoryExternalFragmentationLoSpace recorded 15 samples, mean = 1.0 (flags = 0x41)
0  ----------O                                                               (10 = 66.7%)
1  ... 
3  -----O                                                                    (5 = 33.3%) {66.7%}
4  ... 

Histogram: V8.MemoryExternalFragmentationOldSpace recorded 15 samples, mean = 8.4 (flags = 0x41)
0   ... 
2   --O                                                                       (2 = 13.3%) {0.0%}
3   -O                                                                        (1 = 6.7%) {13.3%}
4   --O                                                                       (2 = 13.3%) {20.0%}
5   O                                                                         (0 = 0.0%) {33.3%}
6   -O                                                                        (1 = 6.7%) {33.3%}
7   --O                                                                       (2 = 13.3%) {40.0%}
8   O                                                                         (0 = 0.0%) {53.3%}
9   -O                                                                        (1 = 6.7%) {53.3%}
10  -O                                                                        (1 = 6.7%) {60.0%}
11  O                                                                         (0 = 0.0%) {66.7%}
12  -O                                                                        (1 = 6.7%) {66.7%}
13  --O                                                                       (2 = 13.3%) {73.3%}
14  ... 
17  --O                                                                       (2 = 13.3%) {86.7%}
18  ... 

Histogram: V8.MemoryExternalFragmentationTotal recorded 15 samples, mean = 32.8 (flags = 0x41)
0   ... 
11  --O                                                                       (2 = 13.3%) {0.0%}
12  ... 
14  -O                                                                        (1 = 6.7%) {13.3%}
15  -O                                                                        (1 = 6.7%) {20.0%}
16  -O                                                                        (1 = 6.7%) {26.7%}
17  ... 
22  -O                                                                        (1 = 6.7%) {33.3%}
23  ... 
32  -O                                                                        (1 = 6.7%) {40.0%}
33  ... 
38  -O                                                                        (1 = 6.7%) {46.7%}
39  O                                                                         (0 = 0.0%) {53.3%}
40  --O                                                                       (2 = 13.3%) {53.3%}
41  ... 
45  -O                                                                        (1 = 6.7%) {66.7%}
46  ... 
48  -O                                                                        (1 = 6.7%) {73.3%}
49  ... 
51  -O                                                                        (1 = 6.7%) {80.0%}
52  ... 
54  -O                                                                        (1 = 6.7%) {86.7%}
55  -O                                                                        (1 = 6.7%) {93.3%}
56  ... 

Histogram: V8.MemoryHeapSampleCodeSpaceCommitted recorded 15 samples, mean = 1177.6 (flags = 0x41)
0     ------O                                                                   (6 = 40.0%)
1000  -O                                                                        (1 = 6.7%) {40.0%}
1138  ... 
1474  ------O                                                                   (6 = 40.0%) {46.7%}
1678  --O                                                                       (2 = 13.3%) {86.7%}
1910  ... 

Histogram: V8.MemoryHeapSampleMaximumCommitted recorded 15 samples, mean = 16399.2 (flags = 0x41)
0      ... 
3649   -O                                                                        (1 = 6.7%) {0.0%}
4153   O                                                                         (0 = 0.0%) {6.7%}
4727   -O                                                                        (1 = 6.7%) {6.7%}
5380   ... 
9032   --O                                                                       (2 = 13.3%) {13.3%}
10281  -O                                                                        (1 = 6.7%) {26.7%}
11702  -O                                                                        (1 = 6.7%) {33.3%}
13320  ... 
17257  -O                                                                        (1 = 6.7%) {40.0%}
19642  --------O                                                                 (8 = 53.3%) {46.7%}
22357  ... 

Histogram: V8.MemoryHeapSampleTotalCommitted recorded 15 samples, mean = 13081.3 (flags = 0x41)
0      ... 
3649   -O                                                                        (1 = 6.7%) {0.0%}
4153   O                                                                         (0 = 0.0%) {6.7%}
4727   -O                                                                        (1 = 6.7%) {6.7%}
5380   ... 
9032   --O                                                                       (2 = 13.3%) {13.3%}
10281  -O                                                                        (1 = 6.7%) {26.7%}
11702  -O                                                                        (1 = 6.7%) {33.3%}
13320  ------O                                                                   (6 = 40.0%) {40.0%}
15161  O                                                                         (0 = 0.0%) {80.0%}
17257  -O                                                                        (1 = 6.7%) {80.0%}
19642  --O                                                                       (2 = 13.3%) {86.7%}
22357  ... 

Histogram: V8.MemoryHeapSampleTotalUsed recorded 15 samples, mean = 8749.8 (flags = 0x41)
0      ... 
2475   -O                                                                        (1 = 6.7%) {0.0%}
2817   O                                                                         (0 = 0.0%) {6.7%}
3206   -O                                                                        (1 = 6.7%) {6.7%}
3649   O                                                                         (0 = 0.0%) {13.3%}
4153   -O                                                                        (1 = 6.7%) {13.3%}
4727   -O                                                                        (1 = 6.7%) {20.0%}
5380   -O                                                                        (1 = 6.7%) {26.7%}
6124   O                                                                         (0 = 0.0%) {33.3%}
6971   -O                                                                        (1 = 6.7%) {33.3%}
7935   -O                                                                        (1 = 6.7%) {40.0%}
9032   O                                                                         (0 = 0.0%) {46.7%}
10281  ----O                                                                     (4 = 26.7%) {46.7%}
11702  ----O                                                                     (4 = 26.7%) {73.3%}
13320  ... 

Histogram: V8.RegExpBacktracks recorded 264 samples, mean = 1.7 (flags = 0x41)
0    -------O                                                                  (21 = 8.0%)
1    ------------------------------------------------------------------------O (229 = 86.7%) {8.0%}
2    --O                                                                       (5 = 1.9%) {94.7%}
3    -O                                                                        (3 = 1.1%) {96.6%}
4    -O                                                                        (4 = 1.5%) {97.7%}
6    O                                                                         (0 = 0.0%) {99.2%}
9    O                                                                         (1 = 0.4%) {99.2%}
13   ... 
127  O                                                                         (1 = 0.4%) {99.6%}
185  ... 

Histogram: V8.SandboxedCodePointersCount recorded 3 samples, mean = 1069.7 (flags = 0x41)
0    ... 
977  ---O                                                                      (3 = 100.0%) {0.0%}
1136 ... 

Histogram: V8.SandboxedCppHeapPointersCount recorded 3 samples, mean = 5572.7 (flags = 0x41)
0     ... 
320   -O                                                                        (1 = 33.3%) {0.0%}
380   ... 
7152  --O                                                                       (2 = 66.7%) {33.3%}
8499  ... 

Histogram: V8.SandboxedExternalPointersCount recorded 18 samples, mean = 2421.6 (flags = 0x41)
0      ---O                                                                      (3 = 16.7%)
1      ... 
6      -O                                                                        (1 = 5.6%) {16.7%}
7      O                                                                         (0 = 0.0%) {22.2%}
8      -O                                                                        (1 = 5.6%) {22.2%}
10     -O                                                                        (1 = 5.6%) {27.8%}
12     ... 
34     --O                                                                       (2 = 11.1%) {33.3%}
40     ... 
68     -O                                                                        (1 = 5.6%) {44.4%}
81     -O                                                                        (1 = 5.6%) {50.0%}
96     ... 
320    -O                                                                        (1 = 5.6%) {55.6%}
380    ... 
638    -O                                                                        (1 = 5.6%) {61.1%}
758    --O                                                                       (2 = 11.1%) {66.7%}
901    ... 
1513   -O                                                                        (1 = 5.6%) {77.8%}
1798   ... 
12002  ---O                                                                      (3 = 16.7%) {83.3%}
14263  ... 

Histogram: V8.SandboxedTrustedPointersCount recorded 3 samples, mean = 3846.0 (flags = 0x41)
0     ... 
3799  ---O                                                                      (3 = 100.0%) {0.0%}
4418  ... 

Histogram: V8.SnapshotDeserializeContextMicroSeconds recorded 7 samples, mean = 411.4 (flags = 0x41)
0    ... 
196  -O                                                                        (1 = 14.3%) {0.0%}
258  --O                                                                       (2 = 28.6%) {14.3%}
340  --O                                                                       (2 = 28.6%) {42.9%}
448  -O                                                                        (1 = 14.3%) {71.4%}
590  -O                                                                        (1 = 14.3%) {85.7%}
777  ... 

Histogram: V8.TurboFan1KTicks recorded 12 samples, mean = 26.2 (flags = 0x41)
0    O                                                                         (0 = 0.0%)
1    --O                                                                       (2 = 16.7%) {0.0%}
2    -O                                                                        (1 = 8.3%) {16.7%}
3    O                                                                         (0 = 0.0%) {25.0%}
4    -O                                                                        (1 = 8.3%) {25.0%}
5    -O                                                                        (1 = 8.3%) {33.3%}
6    ... 
11   -O                                                                        (1 = 8.3%) {41.7%}
12   -O                                                                        (1 = 8.3%) {50.0%}
13   ... 
15   -O                                                                        (1 = 8.3%) {58.3%}
16   ... 
18   -O                                                                        (1 = 8.3%) {66.7%}
19   ... 
39   -O                                                                        (1 = 8.3%) {75.0%}
41   ... 
45   -O                                                                        (1 = 8.3%) {83.3%}
47   ... 
156  -O                                                                        (1 = 8.3%) {91.7%}
164  ... 

Histogram: V8.TurboFanOptimizeConcurrentTotalTime recorded 11 samples, mean = 28985.5 (flags = 0x41)
0       ... 
391     --O                                                                       (2 = 18.2%) {0.0%}
542     -O                                                                        (1 = 9.1%) {18.2%}
752     O                                                                         (0 = 0.0%) {27.3%}
1043    --O                                                                       (2 = 18.2%) {27.3%}
1447    --O                                                                       (2 = 18.2%) {45.5%}
2008    O                                                                         (0 = 0.0%) {63.6%}
2786    -O                                                                        (1 = 9.1%) {63.6%}
3865    O                                                                         (0 = 0.0%) {72.7%}
5362    -O                                                                        (1 = 9.1%) {72.7%}
7439    ... 
14319   -O                                                                        (1 = 9.1%) {81.8%}
19866   ... 
272741  -O                                                                        (1 = 9.1%) {90.9%}
378403  ... 

Histogram: V8.TurboFanOptimizeExecute recorded 11 samples, mean = 1879.8 (flags = 0x41)
0     ... 
340   --O                                                                       (2 = 18.2%) {0.0%}
448   -O                                                                        (1 = 9.1%) {18.2%}
590   -O                                                                        (1 = 9.1%) {27.3%}
777   -O                                                                        (1 = 9.1%) {36.4%}
1023  O                                                                         (0 = 0.0%) {45.5%}
1347  --O                                                                       (2 = 18.2%) {45.5%}
1774  O                                                                         (0 = 0.0%) {63.6%}
2336  -O                                                                        (1 = 9.1%) {63.6%}
3077  --O                                                                       (2 = 18.2%) {72.7%}
4053  O                                                                         (0 = 0.0%) {90.9%}
5338  -O                                                                        (1 = 9.1%) {90.9%}
7031  ... 

Histogram: V8.TurboFanOptimizeFinalize recorded 11 samples, mean = 28.1 (flags = 0x41)
0   ... 
4   -O                                                                        (1 = 9.1%) {0.0%}
5   ... 
12  -O                                                                        (1 = 9.1%) {9.1%}
16  --O                                                                       (2 = 18.2%) {18.2%}
21  --O                                                                       (2 = 18.2%) {36.4%}
28  --O                                                                       (2 = 18.2%) {54.5%}
37  --O                                                                       (2 = 18.2%) {72.7%}
49  -O                                                                        (1 = 9.1%) {90.9%}
65  ... 

Histogram: V8.TurboFanOptimizeForOnStackReplacementExecute recorded 1 samples, mean = 16791.0 (flags = 0x41)
0      ... 
16063  -O                                                                        (1 = 100.0%) {0.0%}
21156  ... 

Histogram: V8.TurboFanOptimizeForOnStackReplacementFinalize recorded 1 samples, mean = 104.0 (flags = 0x41)
0   ... 
86  -O                                                                        (1 = 100.0%) {0.0%}
113 ... 

Histogram: V8.TurboFanOptimizeForOnStackReplacementPrepare recorded 1 samples, mean = 21.0 (flags = 0x41)
0   ... 
21  -O                                                                        (1 = 100.0%) {0.0%}
28  ... 

Histogram: V8.TurboFanOptimizeForOnStackReplacementTotalTime recorded 1 samples, mean = 16959.0 (flags = 0x41)
0      ... 
14319  -O                                                                        (1 = 100.0%) {0.0%}
19866  ... 

Histogram: V8.TurboFanOptimizePrepare recorded 11 samples, mean = 15.9 (flags = 0x41)
0   ... 
5   -O                                                                        (1 = 9.1%) {0.0%}
7   --O                                                                       (2 = 18.2%) {9.1%}
9   -O                                                                        (1 = 9.1%) {27.3%}
12  --O                                                                       (2 = 18.2%) {36.4%}
16  -O                                                                        (1 = 9.1%) {54.5%}
21  ---O                                                                      (3 = 27.3%) {63.6%}
28  -O                                                                        (1 = 9.1%) {90.9%}
37  ... 

Histogram: V8.TurboFanOptimizeTotalBackground recorded 11 samples, mean = 1879.8 (flags = 0x41)
0     ... 
391   --O                                                                       (2 = 18.2%) {0.0%}
542   --O                                                                       (2 = 18.2%) {18.2%}
752   -O                                                                        (1 = 9.1%) {36.4%}
1043  --O                                                                       (2 = 18.2%) {45.5%}
1447  O                                                                         (0 = 0.0%) {63.6%}
2008  -O                                                                        (1 = 9.1%) {63.6%}
2786  --O                                                                       (2 = 18.2%) {72.7%}
3865  O                                                                         (0 = 0.0%) {90.9%}
5362  -O                                                                        (1 = 9.1%) {90.9%}
7439  ... 

Histogram: V8.TurboFanOptimizeTotalForeground recorded 11 samples, mean = 44.0 (flags = 0x41)
0   ... 
21  ---O                                                                      (3 = 27.3%) {0.0%}
29  -O                                                                        (1 = 9.1%) {27.3%}
40  -----O                                                                    (5 = 45.5%) {36.4%}
55  --O                                                                       (2 = 18.2%) {81.8%}
76  ... 

Histogram: V8.TurboFanOptimizeTotalTime recorded 11 samples, mean = 28985.5 (flags = 0x41)
0       ... 
391     --O                                                                       (2 = 18.2%) {0.0%}
542     -O                                                                        (1 = 9.1%) {18.2%}
752     O                                                                         (0 = 0.0%) {27.3%}
1043    --O                                                                       (2 = 18.2%) {27.3%}
1447    --O                                                                       (2 = 18.2%) {45.5%}
2008    O                                                                         (0 = 0.0%) {63.6%}
2786    -O                                                                        (1 = 9.1%) {63.6%}
3865    O                                                                         (0 = 0.0%) {72.7%}
5362    -O                                                                        (1 = 9.1%) {72.7%}
7439    ... 
14319   -O                                                                        (1 = 9.1%) {81.8%}
19866   ... 
272741  -O                                                                        (1 = 9.1%) {90.9%}
378403  ... 

Histogram: Variations.ExtendedSafeMode.BeaconFileStateAtStartup recorded 1 samples, mean = 0.0 (flags = 0x41)
0  -O                                                                        (1 = 100.0%)
1  ... 

Histogram: Variations.ExtendedSafeMode.BeaconFileWrite recorded 2 samples, mean = 1.0 (flags = 0x41)
0  O                                                                         (0 = 0.0%)
1  --O                                                                       (2 = 100.0%) {0.0%}
2  O                                                                         (0 = 0.0%) {100.0%}

Histogram: Variations.ForcedFieldTrialsAtStartupForInternalsPage recorded 1 samples, mean = 0.0 (flags = 0x41)
0  -O                                                                        (1 = 100.0%)
1  ... 

Histogram: Variations.Headers.ExperimentCount recorded 92 samples, mean = 1.0 (flags = 0x41)
0  O                                                                         (0 = 0.0%)
1  ------------------------------------------------------------------------O (92 = 100.0%) {0.0%}
2  ... 

Histogram: Variations.Headers.HasLowEntropySourceValue recorded 92 samples, mean = 1.0 (flags = 0x41)
0  O                                                                         (0 = 0.0%)
1  ------------------------------------------------------------------------O (92 = 100.0%) {0.0%}
2  O                                                                         (0 = 0.0%) {100.0%}

Histogram: Variations.Headers.RequestContextCategory recorded 101 samples, mean = 2.1 (flags = 0x41)
0  -----------------------------------------------O                          (47 = 46.5%)
1  ... 
4  ------------------------------------------------------O                   (54 = 53.5%) {46.5%}
5  ... 

Histogram: Variations.Headers.URLValidationResult.Append recorded 101 samples, mean = 2.5 (flags = 0x41)
0  ... 
2  -------------------------------------------------------O                  (55 = 54.5%) {0.0%}
3  ----------------------------------------------O                           (46 = 45.5%) {54.5%}
4  ... 

Histogram: Variations.Headers.URLValidationResult.Remove recorded 3 samples, mean = 2.0 (flags = 0x41)
0  ... 
2  ---O                                                                      (3 = 100.0%) {0.0%}
3  ... 

Histogram: Variations.Limits.VariationKeySize.Default recorded 23 samples, mean = 0.0 (flags = 0x41)
0  -----------------------O                                                  (23 = 100.0%)
1  ... 

Histogram: Variations.LoadPermanentConsistencyCountryResult recorded 1 samples, mean = 0.0 (flags = 0x41)
0  -O                                                                        (1 = 100.0%)
1  ... 

Histogram: Variations.PolicyRestriction recorded 1 samples, mean = 0.0 (flags = 0x41)
0  -O                                                                        (1 = 100.0%)
1  ... 

Histogram: Variations.SafeMode.Streak.Crashes recorded 1 samples (flags = 0x41)
0  -O                                                                        (1 = 100.0%)

Histogram: Variations.SafeMode.Streak.FetchFailures recorded 1 samples (flags = 0x41)
0  -O                                                                        (1 = 100.0%)

Histogram: Variations.SeedLoadResult recorded 1 samples, mean = 1.0 (flags = 0x41)
0  O                                                                         (0 = 0.0%)
1  -O                                                                        (1 = 100.0%) {0.0%}
2  ... 

Histogram: Variations.SeedUsage recorded 1 samples, mean = 2.0 (flags = 0x41)
0  ... 
2  -O                                                                        (1 = 100.0%) {0.0%}
3  ... 

Histogram: Variations.UserChannel recorded 1 samples (flags = 0x41)
-1 -O                                                                        (1 = 100.0%)

Histogram: Views.Browser.NumColorProvidersInitializedDuringOnNativeThemeUpdated recorded 3 samples, mean = 0.0 (flags = 0x41)
0  ---O                                                                      (3 = 100.0%)
1  ... 

Histogram: Views.Browser.TimeSpentInitializingColorProvider recorded 3 samples, mean = 0.3 (flags = 0x41)
0  --O                                                                       (2 = 66.7%)
1  -O                                                                        (1 = 33.3%) {66.7%}
2  ... 

Histogram: Views.Browser.TimeSpentProcessingOnNativeThemeUpdatedEvent recorded 3 samples, mean = 0.0 (flags = 0x41)
0  ---O                                                                      (3 = 100.0%)
1  ... 

Histogram: Views.ColorProviderCacheSize recorded 3 samples, mean = 2.0 (flags = 0x41)
0  O                                                                         (0 = 0.0%)
1  -O                                                                        (1 = 33.3%) {0.0%}
2  -O                                                                        (1 = 33.3%) {33.3%}
3  -O                                                                        (1 = 33.3%) {66.7%}
4  ... 

Histogram: Viz.FrameSinkVideoCapturer.CaptureDuration recorded 2 samples, mean = 21.0 (flags = 0x41)
0   O                                                                         (0 = 0.0%)
1   -O                                                                        (1 = 50.0%) {0.0%}
2   ... 
37  -O                                                                        (1 = 50.0%) {50.0%}
42  ... 

Histogram: Viz.FrameSinkVideoCapturer.CaptureSucceeded recorded 2 samples, mean = 1.0 (flags = 0x41)
0  O                                                                         (0 = 0.0%)
1  --O                                                                       (2 = 100.0%) {0.0%}
2  O                                                                         (0 = 0.0%) {100.0%}

Histogram: Viz.FrameSinkVideoCapturer.FrameResurrected recorded 2 samples, mean = 0.0 (flags = 0x41)
0  --O                                                                       (2 = 100.0%)
1  ... 

Histogram: Viz.FrameSinkVideoCapturer.RGBA.CaptureDuration recorded 2 samples, mean = 21.0 (flags = 0x41)
0   O                                                                         (0 = 0.0%)
1   -O                                                                        (1 = 50.0%) {0.0%}
2   ... 
37  -O                                                                        (1 = 50.0%) {50.0%}
42  ... 

Histogram: Viz.FrameSinkVideoCapturer.RGBA.CaptureSucceeded recorded 2 samples, mean = 1.0 (flags = 0x41)
0  O                                                                         (0 = 0.0%)
1  --O                                                                       (2 = 100.0%) {0.0%}
2  O                                                                         (0 = 0.0%) {100.0%}

Histogram: Viz.FrameSinkVideoCapturer.ReserveFrameDuration recorded 2 samples, mean = 17.0 (flags = 0x41)
0   -O                                                                        (1 = 50.0%)
1   ... 
33  -O                                                                        (1 = 50.0%) {50.0%}
36  ... 

Histogram: Viz.FrameSinkVideoCapturer.TotalDuration recorded 2 samples, mean = 21.0 (flags = 0x41)
0   O                                                                         (0 = 0.0%)
1   -O                                                                        (1 = 50.0%) {0.0%}
2   ... 
37  -O                                                                        (1 = 50.0%) {50.0%}
42  ... 

Histogram: WebApp.DiyAppsInstalledCount.ByUser recorded 1 samples, mean = 0.0 (flags = 0x41)
0  -O                                                                        (1 = 100.0%)
1  ... 

Histogram: WebApp.GeneratedIconFix.StartUpAttemptCount recorded 1 samples, mean = 0.0 (flags = 0x41)
0  -O                                                                        (1 = 100.0%)
1  ... 

Histogram: WebApp.Icon.AppsWithEmptyDownloadedIconSizes recorded 1 samples, mean = 0.0 (flags = 0x41)
0  -O                                                                        (1 = 100.0%)
1  ... 

Histogram: WebApp.Icon.AppsWithEmptyIconBitmap recorded 1 samples, mean = 0.0 (flags = 0x41)
0  -O                                                                        (1 = 100.0%)
1  ... 

Histogram: WebApp.Icon.AppsWithEmptyIconFile recorded 1 samples, mean = 0.0 (flags = 0x41)
0  -O                                                                        (1 = 100.0%)
1  ... 

Histogram: WebApp.Icon.AppsWithGeneratedIconBitmap recorded 1 samples, mean = 0.0 (flags = 0x41)
0  -O                                                                        (1 = 100.0%)
1  ... 

Histogram: WebApp.Icon.AppsWithGeneratedIconFlag recorded 1 samples, mean = 0.0 (flags = 0x41)
0  -O                                                                        (1 = 100.0%)
1  ... 

Histogram: WebApp.Icon.AppsWithGeneratedIconFlagFalseNegative recorded 1 samples, mean = 0.0 (flags = 0x41)
0  -O                                                                        (1 = 100.0%)
1  ... 

Histogram: WebApp.Icon.AppsWithMissingIconFile recorded 1 samples, mean = 0.0 (flags = 0x41)
0  -O                                                                        (1 = 100.0%)
1  ... 

Histogram: WebApp.InstalledCount.ByUser recorded 1 samples, mean = 0.0 (flags = 0x41)
0  -O                                                                        (1 = 100.0%)
1  ... 

Histogram: WebApp.InstalledCount.ByUserNotLocallyInstalled recorded 1 samples, mean = 0.0 (flags = 0x41)
0  -O                                                                        (1 = 100.0%)
1  ... 

Histogram: WebApp.Preinstalled.AppToReplaceStillDefaultInstalledCount recorded 1 samples, mean = 0.0 (flags = 0x41)
0  -O                                                                        (1 = 100.0%)
1  ... 

Histogram: WebApp.Preinstalled.AppToReplaceStillInstalledCount recorded 1 samples, mean = 0.0 (flags = 0x41)
0  -O                                                                        (1 = 100.0%)
1  ... 

Histogram: WebApp.Preinstalled.AppToReplaceStillInstalledInShelfCount recorded 1 samples, mean = 0.0 (flags = 0x41)
0  -O                                                                        (1 = 100.0%)
1  ... 

Histogram: WebApp.Preinstalled.ConfigErrorCount recorded 1 samples, mean = 0.0 (flags = 0x41)
0  -O                                                                        (1 = 100.0%)
1  ... 

Histogram: WebApp.Preinstalled.CorruptUserUninstallPrefsCount recorded 1 samples, mean = 0.0 (flags = 0x41)
0  -O                                                                        (1 = 100.0%)
1  ... 

Histogram: WebApp.Preinstalled.DisabledCount recorded 1 samples, mean = 0.0 (flags = 0x41)
0  -O                                                                        (1 = 100.0%)
1  ... 

Histogram: WebApp.Preinstalled.EnabledCount recorded 1 samples, mean = 0.0 (flags = 0x41)
0  -O                                                                        (1 = 100.0%)
1  ... 

Histogram: WebApp.Preinstalled.InstallCount recorded 1 samples, mean = 0.0 (flags = 0x41)
0  -O                                                                        (1 = 100.0%)
1  ... 

Histogram: WebApp.Preinstalled.UninstallAndReplaceCount recorded 1 samples, mean = 0.0 (flags = 0x41)
0  -O                                                                        (1 = 100.0%)
1  ... 

Histogram: WebApp.Preinstalled.UninstallAppRemovedCount recorded 1 samples, mean = 0.0 (flags = 0x41)
0  -O                                                                        (1 = 100.0%)
1  ... 

Histogram: WebApp.Preinstalled.UninstallSourceRemovedCount recorded 1 samples, mean = 0.0 (flags = 0x41)
0  -O                                                                        (1 = 100.0%)
1  ... 

Histogram: WebApp.Preinstalled.UninstallTotalCount recorded 1 samples, mean = 0.0 (flags = 0x41)
0  -O                                                                        (1 = 100.0%)
1  ... 

Histogram: WebApp.Uninstall.NonSyncIncompleteCount recorded 1 samples, mean = 0.0 (flags = 0x41)
0  -O                                                                        (1 = 100.0%)
1  ... 

Histogram: WebAuthentication.Windows.KeyCredentialManagerSupported recorded 1 samples, mean = 0.0 (flags = 0x41)
0  -O                                                                        (1 = 100.0%)
1  ... 

Histogram: WebContentsObserver.DOMContentLoaded recorded 3 samples, mean = 0.0 (flags = 0x41)
0  ---O                                                                      (3 = 100.0%)
1  ... 

Histogram: WebContentsObserver.DidChangeVisibleSecurityState recorded 2 samples, mean = 0.0 (flags = 0x41)
0  --O                                                                       (2 = 100.0%)
1  ... 

Histogram: WebContentsObserver.DidFinishLoad recorded 3 samples, mean = 0.0 (flags = 0x41)
0  ---O                                                                      (3 = 100.0%)
1  ... 

Histogram: WebContentsObserver.DidFinishNavigation recorded 5 samples, mean = 0.2 (flags = 0x41)
0  ----O                                                                     (4 = 80.0%)
1  -O                                                                        (1 = 20.0%) {80.0%}
2  ... 

Histogram: WebContentsObserver.DidFirstVisuallyNonEmptyPaint recorded 1 samples, mean = 0.0 (flags = 0x41)
0  -O                                                                        (1 = 100.0%)
1  ... 

Histogram: WebContentsObserver.DidStartLoading recorded 1 samples, mean = 0.0 (flags = 0x41)
0  -O                                                                        (1 = 100.0%)
1  ... 

Histogram: WebContentsObserver.DidStartNavigation recorded 5 samples, mean = 0.0 (flags = 0x41)
0  -----O                                                                    (5 = 100.0%)
1  ... 

Histogram: WebContentsObserver.DidStartNavigation.MainFrame recorded 3 samples, mean = 0.0 (flags = 0x41)
0  ---O                                                                      (3 = 100.0%)
1  ... 

Histogram: WebContentsObserver.DidStartNavigation.Subframe recorded 2 samples, mean = 0.0 (flags = 0x41)
0  --O                                                                       (2 = 100.0%)
1  ... 

Histogram: WebContentsObserver.DidStopLoading recorded 1 samples, mean = 0.0 (flags = 0x41)
0  -O                                                                        (1 = 100.0%)
1  ... 

Histogram: WebContentsObserver.DidUpdateNavigationHandleTiming recorded 4 samples, mean = 0.0 (flags = 0x41)
0  ----O                                                                     (4 = 100.0%)
1  ... 

Histogram: WebContentsObserver.LoadProgressChanged recorded 9 samples, mean = 0.0 (flags = 0x41)
0  ---------O                                                                (9 = 100.0%)
1  ... 

Histogram: WebContentsObserver.NavigationEntryChanged recorded 3 samples, mean = 0.0 (flags = 0x41)
0  ---O                                                                      (3 = 100.0%)
1  ... 

Histogram: WebContentsObserver.NavigationEntryCommitted recorded 2 samples, mean = 0.0 (flags = 0x41)
0  --O                                                                       (2 = 100.0%)
1  ... 

Histogram: WebContentsObserver.PrimaryMainDocumentElementAvailable recorded 1 samples, mean = 0.0 (flags = 0x41)
0  -O                                                                        (1 = 100.0%)
1  ... 

Histogram: WebContentsObserver.RenderFrameCreated recorded 4 samples, mean = 0.0 (flags = 0x41)
0  ----O                                                                     (4 = 100.0%)
1  ... 

Histogram: WebContentsObserver.RenderFrameDeleted recorded 4 samples, mean = 0.0 (flags = 0x41)
0  ----O                                                                     (4 = 100.0%)
1  ... 

Histogram: WebContentsObserver.RenderViewReady recorded 2 samples, mean = 0.0 (flags = 0x41)
0  --O                                                                       (2 = 100.0%)
1  ... 

Histogram: WebContentsObserver.TitleWasSet recorded 1 samples, mean = 0.0 (flags = 0x41)
0  -O                                                                        (1 = 100.0%)
1  ... 

Histogram: WebCore.Scripts.Async.NotStreamingReason recorded 20 samples, mean = 9.0 (flags = 0x41)
0  ... 
9  --------------------O                                                     (20 = 100.0%) {0.0%}
10 ... 

Histogram: WebCore.Scripts.Async.StartedStreaming recorded 26 samples, mean = 0.2 (flags = 0x41)
0  --------------------O                                                     (20 = 76.9%)
1  ------O                                                                   (6 = 23.1%) {76.9%}
2  O                                                                         (0 = 0.0%) {100.0%}

Histogram: WebCore.Scripts.Other.NotStreamingReason recorded 17 samples, mean = 11.0 (flags = 0x41)
0   ... 
11  -----------------O                                                        (17 = 100.0%) {0.0%}
12  ... 

Histogram: WebCore.Scripts.Other.StartedStreaming recorded 17 samples, mean = 0.0 (flags = 0x41)
0  -----------------O                                                        (17 = 100.0%)
1  ... 

Histogram: WebCore.Scripts.V8CodeCacheMetadata.Get recorded 49 samples, mean = 4.1 (flags = 0x41)
0  ---------O                                                                (9 = 18.4%)
1  ... 
5  ----------------------------------------O                                 (40 = 81.6%) {18.4%}
6  O                                                                         (0 = 0.0%) {100.0%}

Histogram: WebCore.Scripts.V8CodeCacheMetadata.Set recorded 3 samples, mean = 0.0 (flags = 0x41)
0  ---O                                                                      (3 = 100.0%)
1  ... 

Histogram: WebCore.Scripts.V8CompileHintsStatus recorded 44 samples, mean = 8.6 (flags = 0x41)
0   ... 
6   --------------------O                                                     (20 = 45.5%) {0.0%}
7   ... 
10  ------O                                                                   (6 = 13.6%) {45.5%}
11  ------------------O                                                       (18 = 40.9%) {59.1%}
12  ... 

Histogram: WebCore.Scripts.V8CrowdsourcedCompileHints.ModelQuality recorded 1 samples, mean = 0.0 (flags = 0x41)
0  -O                                                                        (1 = 100.0%)
1  ... 

Histogram: WebDatabase.InitResult recorded 2 samples, mean = 0.0 (flags = 0x41)
0  --O                                                                       (2 = 100.0%)
1  ... 

Histogram: WebFont.CacheHit recorded 5 samples, mean = 1.4 (flags = 0x41)
0  O                                                                         (0 = 0.0%)
1  ----O                                                                     (4 = 80.0%) {0.0%}
2  O                                                                         (0 = 0.0%) {80.0%}
3  -O                                                                        (1 = 20.0%) {80.0%}
4  O                                                                         (0 = 0.0%) {100.0%}

Histogram: WebFont.Clients.RenderBlockingFonts.ExpiredFonts recorded 1 samples, mean = 1.0 (flags = 0x41)
0  O                                                                         (0 = 0.0%)
1  -O                                                                        (1 = 100.0%) {0.0%}
2  O                                                                         (0 = 0.0%) {100.0%}

Histogram: WebFont.HadBlankText recorded 1 samples, mean = 0.0 (flags = 0x41)
0  -O                                                                        (1 = 100.0%)
1  ... 

Histogram: WebFont.LocalFontUsed recorded 1 samples, mean = 1.0 (flags = 0x41)
0  O                                                                         (0 = 0.0%)
1  -O                                                                        (1 = 100.0%) {0.0%}
2  O                                                                         (0 = 0.0%) {100.0%}

Histogram: Windows.AcLayersLoaded recorded 1 samples, mean = 0.0 (flags = 0x41)
0  -O                                                                        (1 = 100.0%)
1  ... 

Histogram: Windows.CetAvailable recorded 1 samples, mean = 1.0 (flags = 0x41)
0  O                                                                         (0 = 0.0%)
1  -O                                                                        (1 = 100.0%) {0.0%}
2  O                                                                         (0 = 0.0%) {100.0%}

Histogram: Windows.CetEnabled recorded 1 samples, mean = 0.0 (flags = 0x41)
0  -O                                                                        (1 = 100.0%)
1  ... 

Histogram: Windows.DisplayIdFromDeviceId recorded 79 samples, mean = 3.0 (flags = 0x41)
0  ... 
3  ------------------------------------------------------------------------O (79 = 100.0%) {0.0%}
4  O                                                                         (0 = 0.0%) {100.0%}

Histogram: Windows.DisplayIdFromDeviceKey recorded 79 samples, mean = 3.0 (flags = 0x41)
0  ... 
3  ------------------------------------------------------------------------O (79 = 100.0%) {0.0%}
4  O                                                                         (0 = 0.0%) {100.0%}

Histogram: Windows.Enclave.SGX.Available recorded 1 samples, mean = 0.0 (flags = 0x41)
0  -O                                                                        (1 = 100.0%)
1  ... 

Histogram: Windows.Enclave.SGX2.Available recorded 1 samples, mean = 0.0 (flags = 0x41)
0  -O                                                                        (1 = 100.0%)
1  ... 

Histogram: Windows.Enclave.VBS.Available recorded 1 samples, mean = 1.0 (flags = 0x41)
0  O                                                                         (0 = 0.0%)
1  -O                                                                        (1 = 100.0%) {0.0%}
2  O                                                                         (0 = 0.0%) {100.0%}

Histogram: Windows.Enclave.VBSBasic.Available recorded 1 samples, mean = 0.0 (flags = 0x41)
0  -O                                                                        (1 = 100.0%)
1  ... 

Histogram: Windows.HasHighResolutionTimeTicks recorded 1 samples, mean = 1.0 (flags = 0x41)
0  O                                                                         (0 = 0.0%)
1  -O                                                                        (1 = 100.0%) {0.0%}
2  O                                                                         (0 = 0.0%) {100.0%}

Histogram: Windows.HasThreadTicks recorded 1 samples, mean = 1.0 (flags = 0x41)
0  O                                                                         (0 = 0.0%)
1  -O                                                                        (1 = 100.0%) {0.0%}
2  O                                                                         (0 = 0.0%) {100.0%}

Histogram: Windows.HighResolutionTimerUsage recorded 61 samples, mean = 0.0 (flags = 0x41)
0  -------------------------------------------------------------O            (61 = 100.0%)
1  ... 

Histogram: Windows.HypervPresent recorded 1 samples, mean = 1.0 (flags = 0x41)
0  O                                                                         (0 = 0.0%)
1  -O                                                                        (1 = 100.0%) {0.0%}
2  O                                                                         (0 = 0.0%) {100.0%}

Histogram: Windows.LegacyDisplayIdAlgorithm recorded 152 samples, mean = 0.0 (flags = 0x41)
0  ------------------------------------------------------------------------O (152 = 100.0%)
1  ... 

Histogram: Windows.ParallelDllLoadingEnabled recorded 1 samples, mean = 1.0 (flags = 0x41)
0  O                                                                         (0 = 0.0%)
1  -O                                                                        (1 = 100.0%) {0.0%}
2  O                                                                         (0 = 0.0%) {100.0%}

Histogram: Windows.PatchLevel recorded 1 samples (flags = 0x41)
1717051446  -O                                                                        (1 = 100.0%)

Histogram: Windows.PatchLevelKernel32 recorded 1 samples (flags = 0x41)
1710497846  -O                                                                        (1 = 100.0%)

Histogram: Windows.ProcessorFamily recorded 1 samples (flags = 0x41)
774  -O                                                                        (1 = 100.0%)

Histogram: Windows.ProcessorVirtualizationFirmwareEnabled recorded 1 samples, mean = 0.0 (flags = 0x41)
0  -O                                                                        (1 = 100.0%)
1  ... 


